website,city,area,industry,name,phone,rating,review_count,address
johnsplumbing.com,Fort Lauderdale,Victoria Park Fort Lauderdale FL,Plumbers,John’s Plumbing,(954) 994-1167,4.8,1084.0,"2110 SW 60th Way, Miramar, FL 33023, USA"
qualityac.com,Fort Lauderdale,Las Olas Fort Lauderdale FL,HVAC companies,Quality Air Conditioning Company,(954) 504-6314,4.9,995.0,"720 W McNab Rd, Fort Lauderdale, FL 33309, USA"
johnsplumbing.com,Fort Lauderdale,Las Olas Fort Lauderdale FL,Plumbers,John's Plumbing,(954) 280-8682,4.9,761.0,"1335 NE 12th Ave, Fort Lauderdale, FL 33304, USA"
ultracoolair.com,Fort Lauderdale,Lauderdale-by-the-Sea FL,HVAC companies,Ultracool AC Heating Inc,(954) 452-8101,4.9,678.0,"10144 NW 47th St, Sunrise, FL 33351, USA"
bltlawncare.com,Fort Lauderdale,Davie FL,Landscapers,"BLT Lawncare, LLC",(954) 445-1455,4.9,401.0,"5601 SW 49th St, Davie, FL 33314, USA"
elekronelectric.com,Fort Lauderdale,Rio Vista Fort Lauderdale FL,Electricians,Elekron Electric Inc,(786) 423-5230,5.0,231.0,"2332 Galiano St Second Floor, Coral Gables, FL 33134, USA"
ngsolutionscleaning.com,Fort Lauderdale,Davie FL,Cleaning companies,Ng solutions cleaning,(954) 306-6422,4.8,204.0,"4801 S University Dr # 102, Davie, FL 33328, USA"
bigtimeairconditioning.com,Fort Lauderdale,Davie FL,HVAC companies,Big Time Air Conditioning,(954) 554-7429,4.9,188.0,"5021 S State Rd 7 unit 208, Davie, FL 33314, USA"
mislapestsolutions.com,Fort Lauderdale,Las Olas Fort Lauderdale FL,Pest control,Misla Pest Solutions LLC,(954) 558-4511,5.0,164.0,"6416 Franklin St, Hollywood, FL 33024, USA"
amegelectricallighting.net,Fort Lauderdale,Coral Springs FL,Electricians,AMEG Services,(954) 668-4901,5.0,158.0,"12201 NW 35th St, Coral Springs, FL 33065, USA"
alohaac.com,Fort Lauderdale,Las Olas Fort Lauderdale FL,HVAC companies,"Aloha Air Conditioning, Inc.",(954) 772-0079,4.7,143.0,"1217 E Broward Blvd, Fort Lauderdale, FL 33301, USA"
maidforyoucleaning.com,Fort Lauderdale,Las Olas Fort Lauderdale FL,Cleaning companies,Maid For You Cleaning,(954) 677-7900,4.8,138.0,"1001 NW 62nd St Ste 302W, Fort Lauderdale, FL 33309, USA"
topnotchartificialturf.com,Fort Lauderdale,Coral Ridge Fort Lauderdale FL,Landscapers,Top Notch Artificial Turf,(954) 593-6771,4.8,136.0,"3302 NE 34th St, Fort Lauderdale, FL 33308, USA"
airforceroofing.com,Fort Lauderdale,Lauderdale-by-the-Sea FL,Roofers,Air Force Roofing,(954) 666-0864,4.9,124.0,"1960 NW 16th St, Pompano Beach, FL 33069, USA"
hitmanpestcontrol.com,Fort Lauderdale,Deerfield Beach FL,Pest control,Hitman Termite & Pest Control,(954) 596-0735,4.9,122.0,"440 S Federal Hwy Suite 202C, Deerfield Beach, FL 33441, USA"
genesisairmechanical.com,Fort Lauderdale,Davie FL,HVAC companies,Genesis Air Mechanical Inc,(305) 965-1316,5.0,106.0,"13762 W State Rd 84 Ste 194, Davie, FL 33325, USA"
rickettsroofing.com,Fort Lauderdale,Las Olas Fort Lauderdale FL,Roofers,Ricketts Roofing And Construction,(954) 588-5670,4.8,106.0,"1211 NW 29th Way, Fort Lauderdale, FL 33311, USA"
customer1stelectric.com,Fort Lauderdale,Coral Ridge Fort Lauderdale FL,Electricians,"Customer 1st Electric, LLC",(954) 340-5668,5.0,86.0,"4613 N University Dr #439, Coral Springs, FL 33067, USA"
superiorelectricandair.com,Fort Lauderdale,Las Olas Fort Lauderdale FL,Electricians,Superior Electric and Air,(954) 575-1327,5.0,85.0,"1975 E Sunrise Blvd #535, Fort Lauderdale, FL 33304, USA"
trustconstructionsfl.com,Fort Lauderdale,Hallandale Beach FL,Roofers,Trust Construction,(786) 789-2912,4.7,82.0,"1250 E Hallandale Beach Blvd #3, Hallandale Beach, FL 33009, USA"
kmrroof.com,Fort Lauderdale,Davie FL,Roofers,KMR Roofing,(954) 869-9091,4.7,76.0,"10424 FL-84 STE 10, Davie, FL 33324, USA"
queenbeemaids.com,Fort Lauderdale,Deerfield Beach FL,Cleaning companies,Queen Bee Maids Corp of Boca Raton & Coral Springs,(786) 914-9051,5.0,73.0,"715 Siesta Key Trail APT 1411, Deerfield Beach, FL 33441, USA"
davieplumbingandsupply.com,Fort Lauderdale,Davie FL,Plumbers,Davie Plumbing and Supply,(954) 434-7477,4.5,69.0,"5911 S University Dr, Davie, FL 33328, USA"
homedesignandrepair.com,Fort Lauderdale,Coral Springs FL,Remodelers,Home Design and Repair,(954) 372-1232,4.9,62.0,"4613 N University Dr #185, Coral Springs, FL 33067, USA"
24hourplumbing.org,Fort Lauderdale,Coral Ridge Fort Lauderdale FL,Plumbers,24 Hour Plumbing,(954) 210-5008,4.8,61.0,"7401 Wiles Rd, Coral Springs, FL 33067, USA"
eliteairpros.com,Fort Lauderdale,Pompano Beach FL,HVAC companies,"Elite Air Conditioning & Construction, llc",(954) 304-7255,5.0,54.0,"509 NW 36th Ave, Pompano Beach, FL 33069, USA"
mazzainteriors.com,Fort Lauderdale,Deerfield Beach FL,Remodelers,Mazza Interiors,(561) 944-9887,4.8,50.0,"37 NE 1st Terrace Suite C, Deerfield Beach, FL 33441, USA"
bestoproofing.com,Fort Lauderdale,Plantation FL,Roofers,Best Top Roofing,(954) 465-0600,4.9,46.0,"10641 NW 5th St, Plantation, FL 33324, USA"
1000voltselectric.com,Fort Lauderdale,Hallandale Beach FL,Electricians,1000 Volts Electric LLC,(305) 904-1066,4.9,45.0,"2490 S Park Rd #108, Hallandale Beach, FL 33009, USA"
palladiumconstruction.com,Fort Lauderdale,Las Olas Fort Lauderdale FL,Remodelers,Palladium Construction – Fort Lauderdale General Contractor,(561) 430-7051,4.8,44.0,"2598 E Sunrise Blvd #2104, Fort Lauderdale, FL 33304, USA"
timberlandscaping.us,Fort Lauderdale,Las Olas Fort Lauderdale FL,Landscapers,Timber Trees Landscaping tree service,(754) 304-1442,5.0,33.0,"2881 E Oakland Park Blvd unit #410, Fort Lauderdale, FL 33306, USA"
nomorepestsfl.com,Fort Lauderdale,Hallandale Beach FL,Pest control,All County Environmental Services,(754) 263-3464,4.4,28.0,"3130 SW 19th St Suite 444, Hallandale Beach, FL 33009, USA"
baldwinplumbingtamarac.com,Fort Lauderdale,Tamarac FL,Plumbers,Baldwin Plumbing & Drain,(954) 730-5750,5.0,25.0,"10300 W Commercial Blvd suite 509, Tamarac, FL 33321, USA"
jhammerhomedesigns.com,Fort Lauderdale,Coral Springs FL,Remodelers,J Hammer Home & Designs,(631) 922-3280,5.0,22.0,"3301 N University Dr Suite 100, Coral Springs, FL 33065, USA"
1waytaxservices.com,Fort Lauderdale,Deerfield Beach FL,Accountants,1Way Tax Services LLC,(954) 415-4516,5.0,19.0,"1701 W Hillsboro Blvd Suite 208, Deerfield Beach, FL 33442, USA"
emergencyplumbingfortlauderdale.com,Fort Lauderdale,Victoria Park Fort Lauderdale FL,Plumbers,Veteran's Plumbing Inc,(954) 497-2300,4.3,17.0,"3020 NW 23rd Ave, Oakland Park, FL 33311, USA"
blueinfinitypoolservicesllc.com,Fort Lauderdale,Davie FL,Pool service companies,Blue infinity pool services,(786) 872-2735,5.0,15.0,"4474 Weston Rd #355, Davie, FL 33331, USA"
originalbookkeepers.com,Fort Lauderdale,Las Olas Fort Lauderdale FL,Accountants,The Original Bookkeepers LLC,(954) 600-5418,4.5,15.0,"1 Las Olas Cir, Fort Lauderdale, FL 33316, USA"
bickoffconstruction.com,Fort Lauderdale,Cypress Creek Fort Lauderdale FL,Remodelers,Bickoff Construction,(561) 629-2622,5.0,14.0,"500 N Andrews Ave #657, Fort Lauderdale, FL 33301, USA"
eliteecsusa.com,Fort Lauderdale,Davie FL,Cleaning companies,Elite environmental cleaning services,(954) 280-8402,5.0,13.0,"4474 Weston Rd #1151, Davie, FL 33331, USA"
benchmarkelectricians.com,Fort Lauderdale,Hallandale Beach FL,Electricians,Benchmark Electric,(786) 752-5007,4.6,13.0,"1391 NE 161st St, North Miami Beach, FL 33162, USA"
fhjgroupllc.com,Fort Lauderdale,Sunrise FL,Cleaning companies,FH&J GROUP Commercial cleaning and Janitorial Services,(800) 721-6132,5.0,11.0,"2081 N University Dr Suite 104, Sunrise, FL 33322, USA"
topcutlandscapingfl.com,Fort Lauderdale,Wilton Manors FL,Landscapers,Top Cut Landscaping and tree service,(954) 678-7287,4.6,9.0,"999 E Oakland Park Blvd, Oakland Park, FL 33334, USA"
vslandscapingservices.com,Fort Lauderdale,Las Olas Fort Lauderdale FL,Landscapers,VS Landscaping Services inc.,(754) 422-9963,5.0,7.0,"81 NW 30th Terrace, Fort Lauderdale, FL 33311, USA"
cpawolfe.com,Fort Lauderdale,Las Olas Fort Lauderdale FL,Accountants,"Wolfe CPA & Advisors, CPA - Tax Plan",(954) 546-1626,5.0,4.0,"300 SE 2nd St suite 600, Fort Lauderdale, FL 33301, USA"
cristalpoolfl.com,Fort Lauderdale,Deerfield Beach FL,Pool service companies,"Cristal Pool - Swimming Pool Cleaning Service in Deerfield Beach, FL",(954) 234-6932,4.0,3.0,"784 Tivoli Cir #201, Deerfield Beach, FL 33441, USA"
jdgilbert.com,Fort Lauderdale,Deerfield Beach FL,Accountants,Gilbert J D & Company CPA,(954) 419-1000,3.7,3.0,"600 W Hillsboro Blvd Suite 101, Deerfield Beach, FL 33441, USA"
rmccpa1.com,Fort Lauderdale,Las Olas Fort Lauderdale FL,Accountants,"Rosa M. Cohen, CPA.",(561) 866-9602,5.0,1.0,"8 SE 8th St 2nd Floor, Fort Lauderdale, FL 33316, USA"
gelectricsolution.com,Fort Lauderdale,Rio Vista Fort Lauderdale FL,Electricians,G electric solutions LLC,(754) 221-7167,,0.0,"100 SE 3rd Ave Suite 1000, Fort Lauderdale, FL 33394, USA"
oceanstateac.com,Jacksonville,Oceanway Jacksonville FL,HVAC companies,Ocean State Air Conditioning & Heating,(904) 574-5619,4.9,1036.0,"1476 Atlantic Blvd, Neptune Beach, FL 32266, USA"
cjbassplumbing.com,Jacksonville,Fleming Island FL,Plumbers,CJ Bass Plumbing Inc,(904) 838-9935,4.9,1017.0,"924 T.J. Courson Rd, Fernandina Beach, FL 32034, USA"
davidgrayonline.com,Jacksonville,Ponte Vedra Beach FL,HVAC companies,David Gray,(904) 605-8190,4.7,809.0,"6491 Powers Ave Suite 2, Jacksonville, FL 32217, USA"
jacksonvilleacservice.com,Jacksonville,San Marco Jacksonville FL,HVAC companies,NorthPort Heating and Air Conditioning,(904) 438-4822,4.9,622.0,"2905 Spring Park Rd, Jacksonville, FL 32207, USA"
plumbingjacksonville.com,Jacksonville,Riverside Jacksonville FL,Plumbers,Rolland Reash Plumbing,(904) 217-6157,4.7,579.0,"11606 Columbia Park Dr E, Jacksonville, FL 32258, USA"
creeksair.com,Jacksonville,Ponte Vedra Beach FL,HVAC companies,Creeks Air Conditioning & Heating,(904) 780-0073,4.9,508.0,"51 Hudson Way STE 1, Ponte Vedra Beach, FL 32081, USA"
ourbookkeepers.com,Jacksonville,Mandarin Jacksonville FL,Accountants,Our Bookkeepers Inc,(904) 425-1238,5.0,429.0,"13500 Beach Blvd #45, Jacksonville, FL 32224, USA"
patsnurseryinc.com,Jacksonville,Fleming Island FL,Landscapers,Pat's Nursery Inc,(904) 284-2011,4.8,427.0,"7060 US-17, Fleming Island, FL 32003, USA"
wearepremierplumbing.com,Jacksonville,Riverside Jacksonville FL,Plumbers,"Premier Plumbing, LLC",(904) 780-6994,5.0,424.0,"576 St Johns Bluff Rd N bldg 100, Jacksonville, FL 32225, USA"
nobleheatingairservices.com,Jacksonville,San Marco Jacksonville FL,HVAC companies,Noble Heating & Air,(904) 413-8020,5.0,392.0,"8825 Perimeter Park Blvd ste 201, Jacksonville, FL 32216, USA"
marcocompanies.com,Jacksonville,San Marco Jacksonville FL,Electricians,Marco Heating & Air Conditioning,(904) 743-3350,4.8,346.0,"720 Mill Creek Rd, Jacksonville, FL 32211, USA"
aboveandbeyondhvacfl.com,Jacksonville,Arlington Jacksonville FL,HVAC companies,Above & Beyond Heating And Air,(904) 551-3490,5.0,286.0,"4401 Cambridge Rd, Jacksonville, FL 32210, USA"
palmsair.com,Jacksonville,Avondale Jacksonville FL,HVAC companies,Palms Air Conditioning and Heating,(904) 209-7783,5.0,285.0,"4504 Cobblefield Cir W, Jacksonville, FL 32224, USA"
maidwonderfully.com,Jacksonville,San Marco Jacksonville FL,Cleaning companies,"Wonderfully Maid Cleaning, LLC",(904) 235-6554,4.9,225.0,"311 Glynlea Rd, Jacksonville, FL 32216, USA"
wsjacksonville.com,Jacksonville,St. Johns Town Center Jacksonville FL,Remodelers,WSJ Remodeling & Handyman Services,(904) 747-8788,5.0,132.0,"7643 Gate Pkwy Suite 104-1230, Jacksonville, FL 32256, USA"
primeroofingfl.com,Jacksonville,Riverside Jacksonville FL,Roofers,Prime Roofing,(904) 530-1446,4.9,127.0,"3500 Beachwood Ct Suite 207, Jacksonville, FL 32224, USA"
advancedwiringservices.com,Jacksonville,San Marco Jacksonville FL,Electricians,Advanced Electric of North Florida,(904) 744-4446,4.6,99.0,"2801 Dawn Rd, Jacksonville, FL 32207, USA"
goldenhammerroofing.com,Jacksonville,Ortega Jacksonville FL,Roofers,Golden Hammer Roofing,(904) 880-2004,4.5,97.0,"6671 Hyde Grove Ave, Jacksonville, FL 32210, USA"
beastmodelawncare.com,Jacksonville,Mandarin Jacksonville FL,Landscapers,Beast Mode Lawn Care,(904) 822-9476,4.8,96.0,"979 Lane Ave S, Jacksonville, FL 32205, USA"
airdrs.com,Jacksonville,Neptune Beach FL,HVAC companies,Air Doctors Heating & Cooling Inc.,(904) 230-4645,4.9,92.0,"7900 Baymeadows Cir E Unit 114, Jacksonville, FL 32256, USA"
integrityroofingsystems.com,Jacksonville,Mandarin Jacksonville FL,Roofers,Benton Integrity Roofing Systems,(904) 262-7663,4.7,90.0,"5570 Florida Mining Blvd S, Jacksonville, FL 32257, USA"
mecojax.com,Jacksonville,Deerwood Jacksonville FL,Electricians,Miller Electric Company,(904) 388-8000,4.3,73.0,"6805 Southpoint Pkwy, Jacksonville, FL 32216, USA"
riverspestcontrol.com,Jacksonville,Riverside Jacksonville FL,Pest control,Rivers Pest Control,(904) 737-1911,3.8,71.0,"5710 Summerall Rd, Jacksonville, FL 32216, USA"
mybeachscapes.com,Jacksonville,Oceanway Jacksonville FL,Landscapers,Beachscapes,(904) 595-6836,4.8,66.0,"1122 9th St S, Jacksonville Beach, FL 32250, USA"
remedypestsolutionsllc.com,Jacksonville,Mandarin Jacksonville FL,Pest control,"Remedy Pest Solutions, LLC",(904) 743-2403,4.7,62.0,"10418 New Berlin Rd UNIT 111, Jacksonville, FL 32226, USA"
amarropest.com,Jacksonville,Fleming Island FL,Pest control,Amarro Pest Termite WDO,(904) 501-8410,4.9,60.0,"3384 Canyon Falls Dr, Green Cove Springs, FL 32043, USA"
pecjax.com,Jacksonville,Riverside Jacksonville FL,Electricians,Performance Electrical Contracting Inc.,(904) 726-7966,4.9,60.0,"3508 Lenox Ave, Jacksonville, FL 32254, USA"
jaxelectricalcontracting.com,Jacksonville,Riverside Jacksonville FL,Electricians,"Jax Electrical Contracting, Inc.",(904) 483-8384,4.8,56.0,"2017 Lane Ave S, Jacksonville, FL 32210, USA"
armorroofingcojax.com,Jacksonville,Mandarin Jacksonville FL,Roofers,Armor RoofingCompany,(904) 371-0234,5.0,52.0,"3885 Julington Creek Rd, Jacksonville, FL 32223, USA"
generalcontractorjax.com,Jacksonville,San Marco Jacksonville FL,Remodelers,Smarter Remodeling,(904) 647-2340,4.5,44.0,"9218 Cypress Green Dr, Jacksonville, FL 32256, USA"
chrr.online,Jacksonville,San Marco Jacksonville FL,Remodelers,"Complete Home Repair & Remodeling, LLC",(513) 594-8599,5.0,42.0,"5820 Cedar Oaks Dr, Jacksonville, FL 32210, USA"
woffordroofing.com,Jacksonville,Deerwood Jacksonville FL,Roofers,Wofford Roofing,(904) 490-7369,5.0,41.0,"13107 Atlantic Blvd Suite 202, Jacksonville, FL 32225, USA"
treysgardens.com,Jacksonville,Ponte Vedra Beach FL,Landscapers,Trey Gardens,(917) 714-8134,5.0,41.0,"35 Corona Rd, Ponte Vedra Beach, FL 32082, USA"
crownpestcontroljax.com,Jacksonville,Arlington Jacksonville FL,Pest control,Crown Pest Control,(904) 743-1132,4.1,39.0,"1420 Cesery Blvd, Jacksonville, FL 32211, USA"
cwwoodplumbing.com,Jacksonville,Arlington Jacksonville FL,Plumbers,C W Wood Plumbing,(904) 744-6604,4.2,35.0,"1328 Romney St, Jacksonville, FL 32211, USA"
accpressurewashing.net,Jacksonville,Neptune Beach FL,Cleaning companies,Atlantic Coastal Cleaning,(904) 207-2358,5.0,33.0,"1015 Atlantic Blvd Suite 457, Atlantic Beach, FL 32233, USA"
123atozremodeling.com,Jacksonville,Neptune Beach FL,Remodelers,A to Z Remodeling,(904) 780-1127,4.6,29.0,"67 Lewis St, Atlantic Beach, FL 32233, USA"
ugreenenergy.com,Jacksonville,Mandarin Jacksonville FL,Remodelers,Urban Green Energy Remodeling,(904) 561-9827,4.9,27.0,"Ballastone Dr, Jacksonville, FL 32257, USA"
polarisroofingfl.com,Jacksonville,Deerwood Jacksonville FL,Roofers,Polaris Roofing Solutions,(904) 717-2377,5.0,25.0,"4600 Touchton Rd Building 100, Suite 150, Jacksonville, FL 32246, USA"
danscapejax.com,Jacksonville,Oceanway Jacksonville FL,Landscapers,Danscape L.L.C.,(904) 962-2229,4.8,23.0,"1015 Atlantic Blvd #299, Atlantic Beach, FL 32233, USA"
jackndot.com,Jacksonville,San Marco Jacksonville FL,Accountants,Jack and Dot Taxes & Accounting,(904) 647-4512,5.0,22.0,"1016 Lasalle St 1st Floor, Jacksonville, FL 32207, USA"
oceantimepressurewashing.com,Jacksonville,Ponte Vedra Beach FL,Cleaning companies,Oceantime Pressure Washing,(904) 994-0045,5.0,21.0,"315 Pheasant Run, Ponte Vedra Beach, FL 32082, USA"
wsjacksonville.com,Jacksonville,St. Johns Town Center Jacksonville FL,Pool service companies,WSJ Pool Services,(904) 747-9636,5.0,17.0,"7643 Gate Pkwy Suite 104-1230, Jacksonville, FL 32256, USA"
wheelercpa.net,Jacksonville,St. Johns Town Center Jacksonville FL,Accountants,"Wheeler & Associates, CPA, PA",(904) 363-1099,4.5,16.0,"7406 Fullerton St #104, Jacksonville, FL 32256, USA"
neptunepoolservices.com,Jacksonville,Neptune Beach FL,Pool service companies,Neptune Pool Services & Pressure Washing,(941) 223-1034,5.0,15.0,"1051 Sandlewood Dr, Venice, FL 34293, USA"
iecjax.com,Jacksonville,Riverside Jacksonville FL,Electricians,Infinity Electrical Contracting Llc,(904) 535-0507,4.7,15.0,"4786 Rayford St, Jacksonville, FL 32254, USA"
michaeldaviscpa.com,Jacksonville,San Marco Jacksonville FL,Accountants,Michael Davis CPA PA,(904) 237-7771,5.0,14.0,"21 W 6th St, Jacksonville, FL 32206, USA"
accountingone.co,Jacksonville,St. Johns Town Center Jacksonville FL,Accountants,Accounting I,(904) 378-8989,5.0,13.0,"2606 Old Middleburg Rd N, Jacksonville, FL 32210, USA"
taratuskitchenremodeling.com,Jacksonville,Baymeadows Jacksonville FL,Remodelers,Taratus Kitchen Remodel,(904) 746-1724,5.0,13.0,"7825 Baymeadows Way, Jacksonville, FL 32256, USA"
jaxtaxpro.com,Jacksonville,St. Johns Town Center Jacksonville FL,Accountants,JAX TAX PRO,(904) 616-6077,5.0,13.0,"5011 Gate Pkwy Building 100, Suite 100, Jacksonville, FL 32256, USA"
marcocompanies.com,Jacksonville,San Marco Jacksonville FL,Electricians,"Marco Electrical Contractors, Inc.",(904) 743-3350,3.6,13.0,"720 Mill Creek Rd, Jacksonville, FL 32211, USA"
jacksonvilletaxaccountants.com,Jacksonville,St. Johns Town Center Jacksonville FL,Accountants,Small Business Tax Accounting Payroll at Jacksonville Tax Accountants,(904) 217-6363,4.6,12.0,"5011 Gate Pkwy building 100 suite 100, Jacksonville, FL 32256, USA"
neighborscapelawncare.com,Jacksonville,Arlington Jacksonville FL,Landscapers,NeighborScape Lawn Care,(904) 980-2153,5.0,8.0,"6501 Arlington Expy B105 #67205, Jacksonville, FL 32211, USA"
firstcoasttax.com,Jacksonville,Oceanway Jacksonville FL,Accountants,First Coast Tax & Accounting,(904) 771-1040,4.5,8.0,"5576-2 Timuquana Rd, Jacksonville, FL 32210, USA"
garrisonconstructioninc.com,Jacksonville,Ponte Vedra Beach FL,Remodelers,"Garrison Construction, Inc",(904) 219-5499,5.0,4.0,"3948 3rd St S #336, Jacksonville Beach, FL 32250, USA"
hbgcpa.com,Jacksonville,St. Johns Town Center Jacksonville FL,Accountants,Hartman Blitch & Gartside Certified Public Accountants,(904) 396-9802,5.0,4.0,"6817 Southpoint Pkwy STE 2303, Jacksonville, FL 32216, USA"
puntacanamultiservices.com,Jacksonville,Avondale Jacksonville FL,Accountants,PUNTA CANA MULTISERVICES,(904) 443-9018,5.0,3.0,"4545-1a Shirley Ave, Jacksonville, FL 32210, USA"
basspools.com,Jacksonville,Ponte Vedra Beach FL,Pool service companies,Bass Pools,(904) 241-6200,5.0,3.0,"9330 Philips Hwy #1312, Jacksonville, FL 32256, USA"
atomelectric.org,Jacksonville,Springfield Jacksonville FL,Electricians,ATOM ELECTRIC LLC,(904) 618-0718,5.0,3.0,"1601-1 N Main St Unit 3961, Jacksonville, FL 32206, USA"
poolmasterscleaning.com,Jacksonville,Ponte Vedra Beach FL,Pool service companies,Poolmasters of North Florida LLC,(904) 327-0089,5.0,2.0,"425 Town Plaza Ave, Ponte Vedra Beach, FL 32081, USA"
renovationsbyrobllc.com,Jacksonville,Neptune Beach FL,Remodelers,Renovations by Rob LLC,(904) 333-6653,5.0,2.0,"2558 Patsy Anne Dr, Jacksonville, FL 32207, USA"
tenhudsonconstruction.com,Jacksonville,Ponte Vedra Beach FL,Remodelers,Ten Hundson Construction,(904) 294-1075,5.0,1.0,"180 W End Ln APT 2206, Ponte Vedra Beach, FL 32082, USA"
jackmeekscpa.com,Jacksonville,Springfield Jacksonville FL,Accountants,Jack Meeks CPAs LLC,(904) 346-0046,5.0,1.0,"1354 N Laura St, Jacksonville, FL 32206, USA"
jctaxation.com,Jacksonville,Fleming Island FL,Accountants,JC ACCOUNTING & TAXATION SERVICES LLC,(904) 881-0215,5.0,1.0,"1880 E West Pkwy #8659, Fleming Island, FL 32003, USA"
panamaelectricinc.com,Jacksonville,San Marco Jacksonville FL,Electricians,"Panama Electric, Inc.",(904) 403-3966,5.0,1.0,"841 Prudential Dr, Jacksonville, FL 32207, USA"
neptunebeachdemolition.com,Jacksonville,Neptune Beach FL,Remodelers,NEPTUNE BEACH DEMOLITION CONTRACTOR,(904) 751-1628,5.0,1.0,"116 E 1st St, Jacksonville, FL 32206, USA"
alphaelectricpv.com,Jacksonville,Ponte Vedra Beach FL,Electricians,Alpha Electric of Ponte Vedra,(904) 273-6789,,0.0,"299 Ranch Rd, Ponte Vedra Beach, FL 32081, USA"
wildlifecontroljacksonville.online,Jacksonville,Avondale Jacksonville FL,Pest control,Wildlife Control Jacksonville FL,(904) 227-3308,,0.0,"1007 Edgewood Ave S, Jacksonville, FL 32205, USA"
cortesec.com,Jacksonville,Ortega Jacksonville FL,Electricians,Cortes Electric Inc,(904) 451-9398,,0.0,"3384 Philips Hwy, Jacksonville, FL 32207, USA"
snowbirdair.com,Lakeland,Grasslands Lakeland FL,HVAC companies,Snowbird Heating & Cooling,(863) 215-6134,4.9,2823.0,"1095-A US-92, Auburndale, FL 33823, USA"
calltitanz.com,Lakeland,Davenport FL,Plumbers,Titanz Plumbing & Air Conditioning,(941) 875-9669,4.8,2480.0,"17436 Seymour Ave, Port Charlotte, FL 33953, USA"
smalljobselectric.com,Lakeland,Mulberry FL,Electricians,"Small Jobs Electric, Inc.",(813) 303-0052,4.8,2225.0,"5002 W Linebaugh Ave Ste C, Tampa, FL 33624, USA"
alansairconditioning.com,Lakeland,Plant City FL,Plumbers,Alan's Air Conditioning Service Inc.,(813) 752-0821,4.9,1975.0,"103 S Alexander St, Plant City, FL 33563, USA"
thorpeac.com,Lakeland,Lake Morton Lakeland FL,HVAC companies,Thorpe Heating & Cooling,(863) 858-2577,4.6,359.0,"8402 US Hwy 98 N, Lakeland, FL 33809, USA"
enjoyac.com,Lakeland,Downtown Lakeland FL,HVAC companies,Enjoy Heating & Cooling,(863) 667-3200,4.9,180.0,"2229 E Main St, Lakeland, FL 33801, USA"
haynespestcontrol.com,Lakeland,Haines City FL,Pest control,Haynes Pest Control Inc,(863) 382-2272,4.8,162.0,"393 County Rd 17A W STE2, Avon Park, FL 33825, USA"
lawncarelakelandtampaflorida.com,Lakeland,Downtown Lakeland FL,Landscapers,Creative Edge Outdoor Solutions,(863) 880-1355,4.5,148.0,"3010 Knights Station Rd, Lakeland, FL 33810, USA"
gwplb.com,Lakeland,Downtown Lakeland FL,Plumbers,Gillum-Waddell Plumbing Co,(863) 665-6222,4.6,142.0,"2450 Commerce Point Dr, Lakeland, FL 33801, USA"
rtchvac.com,Lakeland,Winter Haven FL,HVAC companies,RTC Heating & Air Conditioning,(352) 901-8733,5.0,132.0,"280 Oleander St, Winter Haven, FL 33881, USA"
accurateelectricfl.com,Lakeland,Plant City FL,Electricians,Accurate Electric LLC,(813) 433-6377,4.9,116.0,"6114 Farm Acrs Wy, Plant City, FL 33565, USA"
curryplumbing.com,Lakeland,Downtown Lakeland FL,Plumbers,Curry & Co Plumbing Inc,(863) 644-0061,4.7,113.0,"950 W Beacon Rd, Lakeland, FL 33803, USA"
protechpace.com,Lakeland,Winter Haven FL,Plumbers,"Pro-Tech Plumbing, Air Conditioning & Electric LLC",(863) 318-8857,4.6,103.0,"801 Burns Ln, Winter Haven, FL 33884, USA"
secondopinionelectric.com,Lakeland,Plant City FL,Electricians,Second Opinion Electric,(813) 716-6020,5.0,99.0,"2703 Auburn Ave W, Tampa, FL 33614, USA"
jdmroofrestoration.com,Lakeland,Mulberry FL,Roofers,JDM Roof Restoration,(863) 604-9387,5.0,95.0,"103 Oak Square N, Lakeland, FL 33813, USA"
mrkoolman.com,Lakeland,Mulberry FL,Plumbers,Mr. Kool Man,(863) 450-4490,4.1,95.0,"5925 Imperial Pkwy, Mulberry, FL 33860, USA"
sunstateplumbinginc.net,Lakeland,Auburndale FL,Plumbers,Sun State Plumbing Inc,(863) 967-6970,4.2,92.0,"207 Gandy Rd, Auburndale, FL 33823, USA"
prattcoroofing.com,Lakeland,Plant City FL,Roofers,Prattco Roofing,(813) 973-4771,4.7,89.0,"2400 Airport Rd #2, Plant City, FL 33563, USA"
polklawn.com,Lakeland,Winter Haven FL,Landscapers,Polk Lawn,(863) 439-9400,4.8,75.0,"460 Liberty Ln, Winter Haven, FL 33884, USA"
servitodo.net,Lakeland,Plant City FL,Accountants,Servi-Todo Inc.,(813) 717-7795,4.6,72.0,"712 W Dr Martin Luther King Jr Blvd, Plant City, FL 33563, USA"
tampaanimalcontrol.com,Lakeland,Plant City FL,Pest control,"All Pro Wildlife, LLC",(813) 404-7033,4.8,67.0,"1308 N Ferrell St, Plant City, FL 33563, USA"
fivepointsroofingfl.com,Lakeland,Downtown Lakeland FL,Roofers,Five Points Roofing,(863) 660-5834,5.0,65.0,"2587 Colonel Ford Dr, Lakeland, FL 33813, USA"
touchofclassdrycleaners.com,Lakeland,Lake Morton Lakeland FL,Cleaning companies,Touch of Class Dry Cleaners,(863) 413-0808,4.7,61.0,"1800 Harden Blvd, Lakeland, FL 33803, USA"
morelroofingincfl.com,Lakeland,Lake Wales FL,Roofers,Morel Roofing,(863) 452-5959,4.2,58.0,"1012 S Memorial Dr, Avon Park, FL 33825, USA"
goffroofsystems.com,Lakeland,Lake Morton Lakeland FL,Roofers,Goff Roof Systems,(863) 680-1748,4.6,55.0,"1725 E Gary Rd, Lakeland, FL 33801, USA"
goldsmithpools.com,Lakeland,Downtown Lakeland FL,Pool service companies,Goldsmith Pools,(863) 600-4605,5.0,51.0,"3240 N Galloway Rd, Lakeland, FL 33810, USA"
freshcoatservicesfl.com,Lakeland,Haines City FL,Cleaning companies,Fresh Coat Pressure Washing,(863) 624-4677,5.0,50.0,"202 Barrington Dr, Haines City, FL 33844, USA"
gilileoslandscapingservice.com,Lakeland,Downtown Lakeland FL,Landscapers,Gilileo's Landscaping Service,(863) 254-1147,4.7,49.0,"409 Oak Trail, Lakeland, FL 33813, USA"
landscaperehabsf.com,Lakeland,Winter Haven FL,Landscapers,Landscape Rehab,(954) 595-4095,4.8,48.0,"1280 Lake Buckeye Rd, Winter Haven, FL 33881, USA"
biotechpestcontrol.com,Lakeland,Highland City FL,Pest control,Bio Tech Termite & Pest,(863) 858-8995,4.3,45.0,"7240 US Hwy 98 N, Lakeland, FL 33809, USA"
melscleaningandfloors.com,Lakeland,Downtown Lakeland FL,Cleaning companies,"Mel's Cleaning Service, Inc.",(863) 666-8913,4.8,34.0,"6323 Tocobega Dr, Lakeland, FL 33813, USA"
expertelectricfl.com,Lakeland,Plant City FL,Electricians,Expert Electrical Services LLC,(813) 731-2717,5.0,32.0,"4802 Charlie Taylor Rd, Plant City, FL 33565, USA"
tyersroofing.com,Lakeland,Highland City FL,Roofers,"Tyer's Roofing, Inc. Jr Tyer",(863) 858-1141,4.8,31.0,"11720 Bailey Rd, Kathleen, FL 33849, USA"
protectpreserveroofing.com,Lakeland,North Lakeland FL,Roofers,Protect Preserve Roofing,(833) 777-6634,5.0,30.0,"559 Laura Rd, Lakeland, FL 33815, USA"
cassadyelectricinc.com,Lakeland,Auburndale FL,Electricians,"Cassady Electric, INC.",(863) 294-2924,4.0,28.0,"3535 Recker Hwy, Winter Haven, FL 33880, USA"
lakelandelectricianpros.com,Lakeland,Downtown Lakeland FL,Electricians,Lakeland Electrician Guys,(863) 356-0154,5.0,27.0,"2115 Harden Blvd, Lakeland, FL 33803, USA"
merrittpressurecleaning.com,Lakeland,Winter Haven FL,Cleaning companies,Merritt Pressure Cleaning,(863) 294-3151,5.0,26.0,"1209 W Lake Buckeye Dr, Winter Haven, FL 33881, USA"
thewinterhavenhandyman.com,Lakeland,Winter Haven FL,Remodelers,"""The Winter Haven Handyman""",(863) 585-0786,5.0,25.0,"1870 U.S. Hwy 17-92 W, Lake Alfred, FL 33850, USA"
ezroofingsystems.com,Lakeland,Winter Haven FL,Roofers,EZ Roofing Systems,(863) 875-1033,4.8,24.0,"120 W Central Ave, Winter Haven, FL 33880, USA"
lawnmedicland.com,Lakeland,Plant City FL,Landscapers,"Lawn Medic Landscaping & Irrigation, LLC",(813) 957-8020,3.9,24.0,"4827 Beauchamp Rd, Plant City, FL 33563, USA"
chrislawncareservices.com,Lakeland,Davenport FL,Landscapers,"Chris Lawn Care Services, LLC",(321) 330-5067,4.5,23.0,"322 Pentas Ln, Haines City, FL 33844, USA"
moorheadcpa.com,Lakeland,Davenport FL,Accountants,"Moorhead Patterson & Company, P.C.",(563) 388-4744,5.0,22.0,"3910 Lillie Ave, Davenport, IA 52806, USA"
enetaxplus.com,Lakeland,Haines City FL,Accountants,E.N.E. Tax & Insurance,(863) 288-8233,4.8,22.0,"210 S Dixie Dr, Haines City, FL 33844, USA"
lmvservicescontractor.com,Lakeland,Winter Haven FL,Remodelers,lmv construction services,(863) 315-0023,5.0,21.0,"100 Pine Island Dr, Winter Haven, FL 33884, USA"
pesttechcentral.com,Lakeland,Lake Wales FL,Pest control,"Pest Tech Central, Inc.",(863) 632-4308,5.0,19.0,"407 S Lake Starr Blvd, Lake Wales, FL 33898, USA"
marshallsllcroofing.com,Lakeland,Lake Morton Lakeland FL,Roofers,MARSHALL'S LLC ROOFING,(863) 687-1893,5.0,19.0,"3326 W 10th St, Lakeland, FL 33810, USA"
monarchtaxsolutions.com,Lakeland,Plant City FL,Accountants,MONARCH TAX SOLUTIONS LLC,(813) 754-4333,4.6,19.0,"1003 S Alexander St STE 6B, Plant City, FL 33563, USA"
huttoassociates.com,Lakeland,Dixieland Lakeland FL,Accountants,Hutto & Associates,(863) 607-4222,3.3,19.0,"842 S Missouri Ave, Lakeland, FL 33815, USA"
jenkinsroofingtampa.com,Lakeland,Plant City FL,Roofers,Jenkins Roofing Tampa Inc.,(813) 321-3700,5.0,18.0,"2402 W Baker St, Plant City, FL 33563, USA"
lightscapedesignfl.com,Lakeland,Bartow FL,Landscapers,Lightscape Design,(863) 333-2189,4.9,17.0,"1239 E Main St, Bartow, FL 33830, USA"
blueboxplumbing.com,Lakeland,Plant City FL,Plumbers,Blue Box Plumbing and Drain Cleaning,(813) 258-3269,4.7,14.0,"Plant City, FL 33563, USA"
2fast2repairautosolutions.com,Lakeland,Mulberry FL,Electricians,2 Fast 2 Repair Auto Solutions,(863) 712-9924,5.0,13.0,"1525 N Church Ave, Mulberry, FL 33860, USA"
atlineelectric.com,Lakeland,Downtown Lakeland FL,Electricians,Atline Electric Services,(863) 282-1465,5.0,13.0,"113 E Main St, Bartow, FL 33830, USA"
amremodelingflorida.com,Lakeland,Plant City FL,Remodelers,A&M Home Remodeling,(813) 358-7455,5.0,12.0,"4327 Lynx Paw Trail Suite 102, Valrico, FL 33596, USA"
keithpest.com,Lakeland,Bartow FL,Pest control,Keith's Pest Control Inc,(863) 533-6231,4.7,12.0,"1700 N Park Ave, Bartow, FL 33830, USA"
joshjohnsonpestcontrol.com,Lakeland,Oakbridge Lakeland FL,Pest control,"Josh Johnson Pest Control, LLC",(863) 298-2001,5.0,11.0,"1005 Browning Rd, Lakeland, FL 33811, USA"
martinsvillemaintenance.com,Lakeland,Plant City FL,Remodelers,Martinsville Maintenance LLC,(813) 534-2082,5.0,11.0,"407 Vining St, Plant City, FL 33563, USA"
rjpccpas.com,Lakeland,Davenport FL,Accountants,Reiser Jennings & Co PC,(563) 275-6954,5.0,10.0,"1706 N Brady St # 306, Davenport, IA 52803, USA"
kcmendez.com,Lakeland,Auburndale FL,Landscapers,K&C Mendez Lawn Service LLC,(863) 279-2607,4.7,10.0,"629 Pilaklakaha Ave, Auburndale, FL 33823, USA"
rcwcpas.com,Lakeland,Plant City FL,Accountants,Raulerson Castillo & Company,(813) 752-6604,4.3,10.0,"1907 S Alexander St #2, Plant City, FL 33566, USA"
harprollc.com,Lakeland,Plant City FL,Remodelers,Harpro LLC,(813) 793-7486,5.0,9.0,"102 S Evers St Suite 105, Plant City, FL 33563, USA"
allbugspestcontrolfl.com,Lakeland,Lake Wales FL,Pest control,All Bugs Pest Control - Pest Control & Lawn Care,(863) 255-3173,4.6,9.0,"2725 Old Grove Trail, Frostproof, FL 33843, USA"
builtbymayfield.com,Lakeland,Downtown Lakeland FL,Remodelers,"Mayfield Construction, Inc.",(863) 646-7995,5.0,8.0,"2225 E Edgewood Dr #5, Lakeland, FL 33803, USA"
georgetrenenbushcpa.com,Lakeland,Winter Haven FL,Accountants,"George Trenen Bush CPA & Co.,PA",(863) 401-8866,4.5,8.0,"205 Ave K SE, Winter Haven, FL 33880, USA"
rastalawncare.com,Lakeland,Winter Haven FL,Landscapers,Rasta Lawn Care & Concrete Services,(863) 219-4656,5.0,6.0,"351 Avenue L NE, Winter Haven, FL 33881, USA"
lotuslandscapeinc.com,Lakeland,Oakbridge Lakeland FL,Landscapers,Lotus Landscape & Irrigation Inc,(813) 417-0089,3.7,6.0,"4320 Foxtown N, Polk City, FL 33868, USA"
esteselectricinc.com,Lakeland,Lake Wales FL,Electricians,Estes Electric Inc,(863) 676-5437,5.0,4.0,"1356 FL-60 E, Lake Wales, FL 33853, USA"
moorecpa.net,Lakeland,Auburndale FL,Accountants,"Moore & Associates, CPA's",(863) 294-7772,5.0,4.0,"567 Ave K SE, Winter Haven, FL 33880, USA"
tejcpa.com,Lakeland,Winter Haven FL,Accountants,Thomas E Jennings & Co,(863) 294-3568,5.0,3.0,"2 Lake Howard Dr SW, Winter Haven, FL 33881, USA"
davenportheatandcool.com,Lakeland,Davenport FL,HVAC companies,Davenport Heating & Cooling,(863) 302-2145,5.0,3.0,"202 Ashford Dr, Davenport, FL 33837, USA"
snapesbookkeeping.com,Lakeland,Bartow FL,Accountants,Snape's Bookkeeping Services LLC,(863) 510-6183,5.0,2.0,"142 Windsor Reserve Dr, Bartow, FL 33830, USA"
fuquaconstructionfl.com,Lakeland,Dixieland Lakeland FL,Remodelers,Fuqua Construction Inc.,(863) 816-3732,5.0,1.0,"900 W Beacon Rd, Lakeland, FL 33803, USA"
oarelectric.com,Lakeland,Lake Wales FL,Electricians,OAR Electric Inc,(863) 676-8801,5.0,1.0,"920 E St, Lake Wales, FL 33853, USA"
horizonflorida.com,Lakeland,Lake Wales FL,Remodelers,Horizon Repair and Remodeling LLC,(689) 280-7041,,0.0,"15143 Havencrest Cir, Winter Garden, FL 34787, USA"
lrobertscleaningservice.federalgovernment.info,Lakeland,Bartow FL,Cleaning companies,LRoberts Cleaning Service,(863) 378-5172,,0.0,"4701 Cynthia St, Bartow, FL 33830, USA"
myfloridacpas.com,Lakeland,Auburndale FL,Accountants,"Brynjulfson CPA, P.A.",(800) 368-3959,,0.0,"307 Pontotoc St, Auburndale, FL 33823, USA"
myfewa.com,Orlando,Maitland FL,Electricians,Florida Energy Water & Air,(407) 523-0775,4.7,6775.0,"500 Winderley Pl suite 300, Maitland, FL 32751, USA"
acesolvesitall.com,Orlando,Windermere FL,Electricians,Ace Solves It All,(321) 499-2090,4.7,5151.0,"1692 Dolores Dr, Kissimmee, FL 34746, USA"
hhroofs.com,Orlando,MetroWest Orlando FL,Roofers,His and Hers Construction,(407) 203-4825,4.8,1625.0,"515 18th St, Orlando, FL 32805, USA"
allelectric.com,Orlando,Winter Park FL,Electricians,All Electric Services,(407) 890-7782,4.9,1540.0,"104 Commerce St, Lake Mary, FL 32746, USA"
emeraldplumbing.net,Orlando,Lake Nona Orlando FL,Plumbers,Emerald Plumbing,(407) 898-3538,4.8,1345.0,"2311 Henderson Dr Unit A, Orlando, FL 32806, USA"
apcroofing.com,Orlando,College Park Orlando FL,Roofers,APC Roofing,(407) 565-9921,4.9,579.0,"150 W Hwy 50, Clermont, FL 34711, USA"
sheegogcontracting.com,Orlando,Winter Park FL,Roofers,Sheegog Contracting,(407) 637-5339,4.9,498.0,"5526 Lake Howell Rd, Winter Park, FL 32792, USA"
pinnacleroofinggroup.com,Orlando,Thornton Park Orlando FL,Roofers,Pinnacle Roofing,(386) 631-5566,4.9,478.0,"403 Chairman Ct STE 1, DeBary, FL 32713, USA"
3lmroofcleaningorlando.com,Orlando,Altamonte Springs FL,Cleaning companies,3LM Roof Cleaning & Exterior Pressure Washing,(407) 900-8966,4.9,436.0,"865 Francis St, Altamonte Springs, FL 32701, USA"
revivedesignandrenovation.com,Orlando,Winter Park FL,Remodelers,Revive Design And Renovation,(813) 730-4954,4.9,415.0,"3102 W Kennedy Blvd, Tampa, FL 33609, USA"
gembecki.com,Orlando,Casselberry FL,HVAC companies,"Gembecki Mechanical Services, Inc.",(407) 695-6646,4.8,357.0,"1311 Seminola Blvd, Casselberry, FL 32707, USA"
jeffsplumbingorlando.com,Orlando,Lake Nona Orlando FL,Plumbers,Jeff's KB&B Plumbing,(407) 968-1801,4.9,327.0,"350 Saunders Trail, Geneva, FL 32732, USA"
hilowroofing.com,Orlando,Casselberry FL,Roofers,Hi Low ROOFING & SOLAR,(407) 287-6171,5.0,304.0,"13330 W Colonial Dr Suite 110, Winter Garden, FL 34787, USA"
relianceair.com,Orlando,Casselberry FL,HVAC companies,Reliance Air llc.,(407) 504-1379,5.0,275.0,"600 Savage Ct suite 620, Longwood, FL 32750, USA"
marcopolopools.com,Orlando,Baldwin Park Orlando FL,Pool service companies,"Marco Polo Pools, Inc.",(407) 808-3269,4.8,264.0,"185 Drennen Rd Suite 301, Orlando, FL 32806, USA"
apsorl.com,Orlando,Downtown Orlando FL,Plumbers,Associated Piping Services Inc.,(407) 901-3482,4.9,220.0,"1023 29th St, Orlando, FL 32805, USA"
procraftplumbing.net,Orlando,Lake Nona Orlando FL,Plumbers,Pro Craft Plumbing llc,(407) 792-8145,4.9,195.0,"230 Courtland Blvd, Deltona, FL 32738, USA"
mrrolandpestcontrolservices.com,Orlando,Lake Nona Orlando FL,Pest control,"Mr Roland Pest Control, LLC",(407) 577-8750,5.0,182.0,"1830 Island Walk Dr, Orlando, FL 32824, USA"
thetaxmasterorlando.com,Orlando,Thornton Park Orlando FL,Accountants,The Tax Master of Orlando,(407) 482-4041,4.9,169.0,"222 Neighborhood Market Rd #104, Orlando, FL 32825, USA"
excellencerestoration.com,Orlando,Oviedo FL,Roofers,Excellence Roofing Group and Construction Orlando,(407) 971-7663,4.9,163.0,"1750 W Broadway St Suite 115B, Oviedo, FL 32765, USA"
goalbridgeg.com,Orlando,Winter Garden FL,Accountants,Goal Bridge Group,(407) 347-9000,5.0,161.0,"13335 W Colonial Dr, Winter Garden, FL 34787, USA"
taxdirectflorida.com,Orlando,MetroWest Orlando FL,Accountants,Tax Direct Accounting Services,(407) 203-1212,4.9,160.0,"5787 Vineland Rd Suite 205, Orlando, FL 32819, USA"
nokconstruction.com,Orlando,Lake Nona Orlando FL,Remodelers,NOK Construction,(844) 486-9235,4.8,141.0,"2750 Taylor Ave a 27, Orlando, FL 32806, USA"
roofprosusa.com,Orlando,Windermere FL,Roofers,Roof Pros USA,(407) 831-7663,4.8,135.0,"794 Big Tree Dr #108, Longwood, FL 32750, USA"
seeblupoolservices.com,Orlando,Casselberry FL,Pool service companies,"SeeBlu Pool Services, Incorporated- Winter Springs, FL",(407) 807-3236,4.9,130.0,"745 Sherwood Dr, Winter Springs, FL 32708, USA"
lakenonacleaning.com,Orlando,Lake Nona Orlando FL,Cleaning companies,Nona Cleaning,(407) 728-8869,5.0,127.0,"14146 Swanley St, Orlando, FL 32832, USA"
poolservicewintergarden.net,Orlando,Winter Park FL,Pool service companies,Deluxe Pool Care of Winter Garden,(407) 606-7744,4.8,120.0,"636 S Dillard St #427, Winter Garden, FL 34787, USA"
generaltaxbusiness.com,Orlando,Winter Park FL,Accountants,General Tax Business LLC,(407) 406-4068,5.0,118.0,"3015 Aloma Ave STE. B, Winter Park, FL 32792, USA"
mytaxsmith.com,Orlando,Casselberry FL,Accountants,Tax Smith Enterprises LLC,(321) 444-6904,5.0,116.0,"1015 FL-436 suite #205/209, Casselberry, FL 32707, USA"
lydybugpestcontrol.com,Orlando,Lake Nona Orlando FL,Pest control,LydyBug Pest Control,(407) 676-9626,5.0,106.0,"11261 Narcoossee Rd, Orlando, FL 32832, USA"
morethantaxesonline.com,Orlando,Windermere FL,Accountants,More Than Taxes Online,(352) 663-9144,4.8,103.0,"9100 Conroy Windermere Rd Suite 200, Windermere, FL 34786, USA"
lausconsult.com,Orlando,Baldwin Park Orlando FL,Accountants,Laus Consulting Services LLC,(407) 401-9768,4.9,96.0,"879 Outer Rd Ste B, Orlando, FL 32814, USA"
bprinc.com,Orlando,Oviedo FL,Plumbers,"Best Plumbing & Remodeling, Inc.",(407) 896-3136,4.2,94.0,"3097 Camp Rd, Oviedo, FL 32765, USA"
akelectricalfl.com,Orlando,Windermere FL,Electricians,AK Electrical,(941) 441-6292,5.0,87.0,"239 Center Ct, Venice, FL 34285, USA"
orlandorooftech.com,Orlando,Thornton Park Orlando FL,Roofers,Orlando Roof Tech,(407) 809-7663,5.0,81.0,"5036 Dr Phillips Blvd #238, Orlando, FL 32819, USA"
dorisbonnet.com,Orlando,Baldwin Park Orlando FL,Accountants,Doris Bonnet Inc Tax & Accounting Services LLC,(407) 228-6630,5.0,68.0,"1650 W Sand Lake Rd SUITE 245, Orlando, FL 32809, USA"
morganscleaningservice.com,Orlando,College Park Orlando FL,Cleaning companies,Morgan's Cleaning Service,(407) 625-9202,5.0,66.0,"3106 Fairway Ln APT 4, Orlando, FL 32804, USA"
southwestpool.com,Orlando,Dr. Phillips Orlando FL,Pool service companies,Southwest Pool Service & Repair,(407) 574-4447,4.8,64.0,"8007 Addison Ct, Orlando, FL 32835, USA"
dulniaktax.com,Orlando,Winter Park FL,Accountants,Dulniak Accounting & Tax Services,(407) 339-2887,4.2,64.0,"2265 Lee Rd, Winter Park, FL 32789, USA"
absolutebestplumbing.com,Orlando,Thornton Park Orlando FL,Plumbers,Absolute Best Plumbing,(407) 930-7309,4.5,61.0,"1026 28th St Ste 100, Orlando, FL 32805, USA"
acheatpros.com,Orlando,Casselberry FL,HVAC companies,AC & Heating Pros,(407) 821-7870,5.0,60.0,"1341 Unity Ct, Casselberry, FL 32707, USA"
kreativeresources.com,Orlando,Windermere FL,Remodelers,Kreative Resources,(407) 801-1245,5.0,59.0,"1031 Miller Dr, Altamonte Springs, FL 32701, USA"
orlandotaxfirm.com,Orlando,College Park Orlando FL,Accountants,GRA CPA,(877) 455-3055,4.9,59.0,"35 W Pine St #220, Orlando, FL 32801, USA"
prithidaswani.com,Orlando,Dr. Phillips Orlando FL,Accountants,Prithi Daswani CPA PL,(407) 218-5921,4.8,59.0,"6735 Conroy Windermere Rd, Orlando, FL 32835, USA"
revivedesignandrenovation.com,Orlando,Winter Park FL,Remodelers,Revive Design and Renovation,(407) 598-5232,5.0,51.0,"Showroom coming soon, 601 S New York Ave, Winter Park, FL 32789, USA"
newhorizonsroof.com,Orlando,Baldwin Park Orlando FL,Roofers,"New Horizons Roofing, Inc",(407) 777-7214,5.0,51.0,"4767 New Broad St #1095, Orlando, FL 32814, USA"
allaroundelectricfl.org,Orlando,Baldwin Park Orlando FL,Electricians,All Around Electric,(863) 866-0694,5.0,45.0,"1317 Edgewater Dr, Orlando, FL 32804, USA"
ganthonylandscape.com,Orlando,Winter Garden FL,Landscapers,G & Anthony Maintenance,(407) 394-3258,4.8,45.0,"236 E Cypress St, Winter Garden, FL 34787, USA"
matthvac.com,Orlando,Audubon Park Orlando FL,HVAC companies,Matt HVAC-R Services Inc,(321) 228-6140,5.0,44.0,"3015 Trot St, Orlando, FL 32810, USA"
onpointroofingfl.com,Orlando,MetroWest Orlando FL,Roofers,OnPoint Roofing LLC,(321) 666-5819,5.0,38.0,"2295 S Hiawassee Rd, Orlando, FL 32835, USA"
kimberlandscapes.net,Orlando,Oviedo FL,Landscapers,Kimber Landscapes,(407) 484-5997,5.0,36.0,"1000 Willa Dr, Oviedo, FL 32765, USA"
burnesroofing.com,Orlando,Downtown Orlando FL,Roofers,"Burnes Roofing Company, LLC",(407) 446-9290,5.0,35.0,"1512 Arcadia St, Orlando, FL 32806, USA"
landartla.com,Orlando,College Park Orlando FL,Landscapers,Land Art Landscape Architecture,(407) 484-6099,4.1,32.0,"754 Ellwood Ave, Orlando, FL 32804, USA"
poolcareoviedo.com,Orlando,Oviedo FL,Pool service companies,"Pool Care of Oviedo, LLC",(407) 617-6309,5.0,31.0,"1006 Zachary Ct, Oviedo, FL 32765, USA"
kozlowskicpa.com,Orlando,Oviedo FL,Accountants,"The Kozlowski CPA Firm, LLC",(407) 381-4432,4.5,31.0,"3505 Lake Lynda Dr, Orlando, FL 32817, USA"
carrollselectricinc.com,Orlando,Casselberry FL,Electricians,Carroll's Electric Inc,(407) 767-5661,4.8,30.0,"1275 Bennett Dr, Longwood, FL 32750, USA"
miller86.com,Orlando,Winter Park FL,Remodelers,Miller86 LLC,(863) 317-1995,5.0,28.0,"121 Pangola Dr, Winter Haven, FL 33880, USA"
landscaperesources.net,Orlando,Winter Park FL,Landscapers,Landscape Resources,(407) 672-0816,3.9,27.0,"7235 Gardner St, Winter Park, FL 32792, USA"
cyrilshomerepairs.com,Orlando,Dr. Phillips Orlando FL,Remodelers,Nuffscope Construction Inc.,(407) 591-0072,5.0,22.0,"7208 W Sand Lake Rd Ste 305, Orlando, FL 32819, USA"
hudsonspools.com,Orlando,Maitland FL,Pool service companies,Hudson's Pools,(407) 212-7032,5.0,22.0,"225 S Swoope Ave #205, Maitland, FL 32751, USA"
mosskrusick.com,Orlando,Winter Park FL,Accountants,MKA | CPAs & Advisors (Moss Krusick & Assoc),(407) 644-5811,4.5,22.0,"501 S New York Ave #100, Winter Park, FL 32789, USA"
theroofingdoctorflorida.com,Orlando,Winter Park FL,Roofers,The Roofing Doctor,(407) 607-4856,5.0,20.0,"941 W Morse Blvd suite 100, Winter Park, FL 32789, USA"
manfredodesigns.com,Orlando,Oviedo FL,Remodelers,ManfredoDesigns LLC,(407) 754-7490,5.0,20.0,"1641 Smithfield Way #1209, Oviedo, FL 32765, USA"
newmaidscleaning.com,Orlando,Maitland FL,Cleaning companies,"New Maids Cleaning, LLC",(689) 319-8968,4.8,19.0,"3564 Avalon Park E Blvd Ste 1, Orlando, FL 32828, USA"
floridalandscapepros.com,Orlando,Winter Garden FL,Landscapers,"Florida Landscape Professionals, Inc.",(407) 467-8200,4.4,18.0,"9630 Quiet Ln, Winter Garden, FL 34787, USA"
mccarroncpa.com,Orlando,Winter Park FL,Accountants,McCarron Accounting & Consulting CPA's,(407) 897-7050,5.0,15.0,"628 Ellen Dr, Winter Park, FL 32789, USA"
madcleaning.net,Orlando,Winter Park FL,Cleaning companies,M.A.D. CLEANING SERVICES LLC,(407) 840-6708,5.0,14.0,"1800 Pembrook Dr Suite 300, Orlando, FL 32810, USA"
alltimeremodel.com,Orlando,Oviedo FL,Remodelers,All-Time Services Design & Construction,(407) 832-1117,4.4,13.0,"95 E Magnolia St, Oviedo, FL 32765, USA"
apexesllc.com,Orlando,Casselberry FL,Electricians,"Apex Electrical Solutions, LLC",(407) 583-9209,5.0,12.0,"299 Live Oaks Blvd, Casselberry, FL 32707, USA"
instudioandco.com,Orlando,Thornton Park Orlando FL,Remodelers,IN Studio + Co. Interior Design and Construction Consultants,(321) 229-2869,5.0,11.0,"710 E Central Blvd, Orlando, FL 32801, USA"
wintergardencpa.com,Orlando,Windermere FL,Accountants,"Accounting & Tax Solutions CPA, PA",(407) 614-3800,3.9,11.0,"13360 W Colonial Dr #440, Winter Garden, FL 34787, USA"
posadacustomhomes.com,Orlando,Winter Park FL,Remodelers,Posada Custom Homes,(407) 740-7707,5.0,8.0,"240 N Pennsylvania Ave, Winter Park, FL 32789, USA"
ariseone.us,Orlando,Winter Garden FL,Accountants,AriseOne,(407) 347-0109,5.0,7.0,"329 S Dillard St, Winter Garden, FL 34787, USA"
herbross.org,Orlando,Lake Nona Orlando FL,Remodelers,Herbross Construction,(321) 677-2115,5.0,6.0,"6900 Tavistock Lakes Blvd Suite 400, Orlando, FL 32827, USA"
gnxconstruction.com,Orlando,Downtown Orlando FL,Remodelers,GNX Construction,(943) 238-4912,5.0,6.0,"601 N Magnolia Ave, Orlando, FL 32801, USA"
rudolphshiverscpa.com,Orlando,Oviedo FL,Accountants,"Rudolph & Shivers, PLLC",(407) 706-6996,3.7,6.0,"2461 W State Rd 426 Suite 2001, Oviedo, FL 32765, USA"
rooferorlando.org,Orlando,Thornton Park Orlando FL,Roofers,Orlando Roofing,(407) 707-4121,5.0,5.0,"4900 Rio Grande Ave Apt. 15 C, Orlando, FL 32839, USA"
esgflorida.com,Orlando,Maitland FL,Electricians,"Electric Service Group, LLC",(407) 862-1901,3.2,5.0,"1010 Bunnell Rd, Altamonte Springs, FL 32714, USA"
benchmarkbuildinggroup.com,Orlando,Maitland FL,Remodelers,Benchmark Building Group,(407) 796-2706,5.0,3.0,"2721 Forsyth Rd #452, Winter Park, FL 32792, USA"
joshregistercpa.com,Orlando,Maitland FL,Accountants,Josh Register CPA,(321) 295-7921,5.0,3.0,"706 Turnbull Ave STE 102, Altamonte Springs, FL 32701, USA"
maintainlandscaping.com,Orlando,College Park Orlando FL,Landscapers,Maintain Landscaping,(407) 826-1248,3.7,3.0,"1050 W Robinson St, Orlando, FL 32805, USA"
epvirtualcpa.com,Orlando,Maitland FL,Accountants,Elise Palmieri CPA PLLC,(407) 672-1120,5.0,1.0,"457 Lake Howell Rd, Maitland, FL 32751, USA"
alvarezplumbing.com,Tampa,Westshore Tampa FL,Plumbers,Alvarez Plumbing & Air Conditioning,(813) 213-0533,4.8,2513.0,"1623 S 51st St, Tampa, FL 33619, USA"
chetspest.com,Tampa,Hyde Park Tampa FL,Pest control,"Chet's Termite & Pest Management, Inc.",(813) 935-7554,4.7,970.0,"2112 W Waters Ave, Tampa, FL 33604, USA"
cassplumbingtampabay.com,Tampa,Westshore Tampa FL,Plumbers,"Cass Plumbing, Inc.",(813) 265-9200,4.5,761.0,"4808 N Hubert Ave, Tampa, FL 33614, USA"
tapspestservices.com,Tampa,Brandon FL,Pest control,Taps Pest Services,(813) 315-0447,4.8,425.0,"9623 Mathog Rd, Riverview, FL 33578, USA"
ackenny.com,Tampa,Westshore Tampa FL,HVAC companies,"Kenny's Air Conditioning & Heating Services, Inc.",(813) 875-3669,4.8,293.0,"4418 N Cortez Ave, Tampa, FL 33614, USA"
lightningcleaningtampa.com,Tampa,Westshore Tampa FL,Cleaning companies,Lightning Cleaning Tampa,(813) 922-2110,4.9,244.0,"106 S Habana Ave UNIT 7, Tampa, FL 33609, USA"
grandaplumbing.com,Tampa,Westshore Tampa FL,Plumbers,Granda Plumbing,(813) 599-2468,4.9,173.0,"1523 W Grace St, Tampa, FL 33607, USA"
rainierroofing.com,Tampa,Hyde Park Tampa FL,Roofers,Rainier Roofing LLC,(813) 920-9065,4.6,129.0,"5000 N Nebraska Ave, Tampa, FL 33603, USA"
genxroofing.com,Tampa,Lutz FL,Roofers,GenX Roofing,(813) 641-4344,5.0,114.0,"18865 FL-54 Suite 306, Lutz, FL 33558, USA"
tampabaygeneralcontractors.com,Tampa,Westshore Tampa FL,Remodelers,Tampa Bay General Contractors,(813) 335-5562,5.0,112.0,"4532 W Kennedy Blvd #500, Tampa, FL 33609, USA"
asolidconnection.com,Tampa,Brandon FL,Electricians,A Solid Connection Electrical Services of SWFL LLC,(239) 258-7382,5.0,112.0,"2209 Kingswood Ln, Brandon, FL 33511, USA"
santosactampa.com,Tampa,Land O Lakes FL,HVAC companies,Santos A/C and Plumbing,(813) 376-3985,4.9,96.0,"18505 Hanna Rd, Lutz, FL 33549, USA"
atiservicesoftampa.com,Tampa,Westshore Tampa FL,Remodelers,"ATi Services of Tampa 👍 Kitchen Remodeler, Bathroom Remodeling & General Contractor",(813) 350-7863,4.8,91.0,"3030 N Rocky Point Dr W Suit #150, Tampa, FL 33607, USA"
magnoliacleaningservice.com,Tampa,Westshore Tampa FL,Cleaning companies,Magnolia Cleaning Service,(813) 213-0288,4.6,86.0,"14910 N Dale Mabry Hwy #340614, Tampa, FL 33618, USA"
bluelagunapoolservice.com,Tampa,Palma Ceia Tampa FL,Pool service companies,BlueLaguna Pool Service,(813) 447-5391,4.6,66.0,"5433 Baywater Dr, Tampa, FL 33615, USA"
coolmodeac.com,Tampa,Land O Lakes FL,HVAC companies,Cool Mode A/C Services LLC,(813) 790-8313,5.0,45.0,"3930 Seixas Pl, Land O' Lakes, FL 34639, USA"
g2homeservices.com,Tampa,Palma Ceia Tampa FL,Remodelers,G2 Home Services,(727) 478-5279,4.9,45.0,"7840 Leo Kidd Ave Unit 2, Port Richey, FL 34668, USA"
bigdaddylawns.com,Tampa,Brandon FL,Landscapers,Big Daddy Lawns,(813) 373-3633,4.2,40.0,"8604 White Poplar Dr, Riverview, FL 33578, USA"
felixblancocpa.com,Tampa,Westshore Tampa FL,Accountants,"Felix Blanco, CPA",(813) 343-3863,5.0,36.0,"13059 W Linebaugh Ave #102, Tampa, FL 33626, USA"
perezpoolcleaning.com,Tampa,Westshore Tampa FL,Pool service companies,Perez Pool Cleaning Tampa Bay,(727) 607-1456,5.0,20.0,"5909 Johns Rd Suite 115, Tampa, FL 33634, USA"
pipedoctorplumbingfl.com,Tampa,Hyde Park Tampa FL,Plumbers,Pipe Doctor Plumbing,(813) 797-7392,5.0,19.0,"400 N Ashley Dr Suite 1900, Tampa, FL 33602, USA"
tpacleaning.com,Tampa,Tampa Heights FL,Cleaning companies,TPA Cleaning,(940) 735-1463,4.8,19.0,"304 E Waters Ave, Tampa, FL 33604, USA"
greenandmas.com,Tampa,Westshore Tampa FL,Landscapers,Green & Más Landscape Services,(813) 524-7080,5.0,18.0,"3201 W Hillsborough Ave Unit 153181, Tampa, FL 33684, USA"
cfocollective.io,Tampa,Ybor City Tampa FL,Accountants,The CFO Collective,(888) 315-6420,5.0,15.0,"1600 E 8th Ave A200, Tampa, FL 33605, USA"
palmeralandscapingfl.com,Tampa,Palma Ceia Tampa FL,Landscapers,Palmera Landscaping,(813) 624-0135,5.0,9.0,"9004 Hickory Cir, Tampa, FL 33615, USA"
bugsoruspestcontrol.com,Tampa,Ybor City Tampa FL,Pest control,Bugs or Us Termite & Pest Control,(813) 886-2847,4.0,8.0,"1301 W Busch Blvd, Tampa, FL 33612, USA"
alvarezcpa.com,Tampa,Palma Ceia Tampa FL,Accountants,Alvarez Company PA CPA Firm,(813) 938-2400,4.6,7.0,"605 Apollo Beach Blvd, Apollo Beach, FL 33572, USA"
cevtaxes.com,Tampa,Palma Ceia Tampa FL,Accountants,CEV Services,(813) 930-8015,4.2,5.0,"4603 N Armenia Ave, Tampa, FL 33603, USA"
alllandscapetampa.com,Tampa,Palma Ceia Tampa FL,Landscapers,All Landscape,(813) 477-0580,,0.0,"5809 N Rome Ave, Tampa, FL 33603, USA"
airpesttechs.com,Jacksonville,Fleming Island FL,Pest control,Underwood & Sons Pest Control,,5.0,7.0,"3600 Russell Rd, Green Cove Springs, FL 32043, USA"
friendspestguards.site,Jacksonville,Mandarin Jacksonville FL,Pest control,PETITUM CORPORATION,,,0.0,"11111 San Jose Blvd suite 56 1014, Jacksonville, FL 32223, USA"
mnrelectric.net,Lakeland,Winter Haven FL,Electricians,Marina Del Rey Heating and Air Conditioning,,4.4,23.0,"701 6th St SW suite a, Winter Haven, FL 33880, USA"
atelectricllc.net,Lakeland,Winter Haven FL,Electricians,"A&T Electric, LLC",,5.0,3.0,"1204 6th St SW, Winter Haven, FL 33880, USA"
bestpestcontrol.site,Lakeland,Haines City FL,Pest control,PETRA MULTISERVICES LLC,,,0.0,"1334 Knollwood Dr, Davenport, FL 33837, USA"
airbyestes.com..utm.source.google.utm.medium.organ,,,,,,,,
chillsonwheels.com..utm.source.google.utm.medium.o,,,,,,,,
corbellakitchens.com..utm.campaign.gmb,,,,,,,,
duvallandscape.com.find.your.location.jacksonville,,,,,,,,
eliteroofleakrepair.site.location.roofing.contract,,,,,,,,
jaxhydrojetters.com..utm.campaign.gmb,,,,,,,,
mantisfl.com.about.us,,,,,,,,
mooreelectric.jax.com,,,,,,,,
naderspestraiders.com.florida.jacksonville.service,,,,,,,,
naderspestraiders.com.florida.ponte.vedra.service.,,,,,,,,
naderspestraiders.com.florida.southside.jacksonvil,,,,,,,,
nexgenfl.com..utm.source.google.utm.medium.local.u,,,,,,,,
paci.inc.com,,,,,,,,
pinchapenny.com.stores.ponte.vedra.beach.fl.177,,,,,,,,
pooltroopers.com.locations.jacksonville.fl.pool.se,,,,,,,,
rmjr.tax.accounting.com.ponte.vedra.beach.fl,,,,,,,,
roofitforward.com.jacksonville,,,,,,,,
serviceexperts.com.jacksonville.fl..utm.source.gbp,,,,,,,,
tradspestcontrol.com..utm.source.google.utm.medium,,,,,,,,
abcairandheat.com..utm.source.google.utm.medium.or,,,,,,,,
affirmaccounting.com.contact.us,,,,,,,,
airprosusa.com.orlando..utm.source.organic.utm.med,,,,,,,,
alansroofinginc.com.service.area.brooksville.flori,,,,,,,,
americas.tax.com,,,,,,,,
aquaticsconnect.com.avon.park.services.vendors.sap,,,,,,,,
aquaticsconnect.com.lakeland.services.vendors.lake,,,,,,,,
aquaticsconnect.com.mulberry.services.vendors.back,,,,,,,,
aquaticsconnect.com.orlando.services.vendors.msc.p,,,,,,,,
aquaticsconnect.com.winter.garden.services.vendors,,,,,,,,
atlineelectric.com..gmb,,,,,,,,
a.lumination.com,,,,,,,,
cdec.inc.com.index.html,,,,,,,,
doityourselfpestproducts.com..utm.source.omg.gbp.u,,,,,,,,
enviro.master.com.commercial.cleaning.locations.or,,,,,,,,
firstqualityplumbingfl.com.service.areas.orlando..,,,,,,,,
fl.roofing.co.ueniweb.com..utm.campaign.gmb,,,,,,,,
gcedestin.com..utm.source.google.utm.medium.organi,,,,,,,,
g.gelectricservice.com,,,,,,,,
handymanconnection.com.winter.park..utm.source.gbp,,,,,,,,
handymencompany.fl.com,,,,,,,,
homeleaderrenovation.com.plant.city.fl,,,,,,,,
honestpace.com..utm.source.gmb.utm.medium.organic.,,,,,,,,
hvacserviceslakeland.com.about.us,,,,,,,,
jan.pro.com.orlando..utm.source.gmb.utm.medium.org,,,,,,,,
klsmithinc.com.home.2..src.google.mybusiness.get.q,,,,,,,,
k.celectric.com,,,,,,,,
lakelandbenjaminfranklin.com..utm.source.gbp.utm.m,,,,,,,,
lakelandelectric.com.contact.us,,,,,,,,
lakelandmistersparky.com..utm.source.gbp.utm.mediu,,,,,,,,
lakelandonehour.com..utm.source.gbp.utm.medium.org,,,,,,,,
lewmanelectric.com..utm.source.gbp.utm.medium.orga,,,,,,,,
local.ac.com.orlando,,,,,,,,
locations.trulynolen.com.fl.lakeland.lakeland.032.,,,,,,,,
locations.trulynolen.com.fl.orlando.orlando.096.ht,,,,,,,,
locations.trulynolen.com.fl.wintergarden.winter.ga,,,,,,,,
lovesacandheating.net..utm.source.omg.gbp.utm.medi,,,,,,,,
luxurybathcfl.com.bathroom.remodeling.tampa.fl,,,,,,,,
masseyservices.com.lakeland.pest.control..utm.sour,,,,,,,,
masseyservices.com.lake.nona.pest.control..utm.sou,,,,,,,,
masseyservices.com.longwood.pest.control..utm.sour,,,,,,,,
masseyservices.com.orlando.landscape.service.lawn.,,,,,,,,
masseyservices.com.orlando.pest.control..utm.sourc,,,,,,,,
mechanicalone.com.locations.altamonte.springs.fl..,,,,,,,,
merrittroofingpolk.com..utm.source.google.utm.medi,,,,,,,,
mightydogroofing.com.central.florida.fl,,,,,,,,
mncpafirm.com.contact.us,,,,,,,,
morsetech.air.com,,,,,,,,
newelectricllc.com.contact.us,,,,,,,,
newstandardroofingorlando.com.roofing.winter.sprin,,,,,,,,
nexgenfl.com.jacksonville.beach,,,,,,,,
onlytaxpro.com.home,,,,,,,,
orlandohandymanservice.com..y.source.1.ndq4odu5ntu,,,,,,,,
orlando.gov.parks.the.environment.directory.blue.j,,,,,,,,
oviedopoolcleaners.com.contact.us.oviedo.pool.clea,,,,,,,,
pestdefense.com.orlando.longwood.fl..utm.source.go,,,,,,,,
pinchapenny.com.stores.oviedo.fl.88,,,,,,,,
poolmasters.cfl.com,,,,,,,,
pooltroopers.com.locations.orlando.fl.pool.service,,,,,,,,
purcorpest.com.service.areas.florida.winter.park.f,,,,,,,,
sandwkitchens.com.showrooms.winter.park..utm.sourc,,,,,,,,
seminolecounty.tax.locations.casselberry,,,,,,,,
skylightroofing.com..utm.source.google.utm.medium.,,,,,,,,
solvepestpros.com.orlando.florida..utm.source.gbp.,,,,,,,,
splinternetmarketing.com.local.pros.fl.bartow.jeff,,,,,,,,
standardconstructionservices.com.contact.us,,,,,,,,
starkexterminators.com.commercial.florida.central.,,,,,,,,
superioroneroofing.com..utm.source.omg.gbp.utm.med,,,,,,,,
tactical.spotless.shine.lovable.app,,,,,,,,
tampasteamteam.com.carpet.cleaning.plant.city,,,,,,,,
tdicontracting.com..utm.source.omg.gbp.utm.medium.,,,,,,,,
teampoolworks.com..utm.source.google.utm.medium.lo,,,,,,,,
trueplumbers.com..utm.source.google.utm.medium.org,,,,,,,,
weluhcorp.com.cleaning,,,,,,,,
aboveairinc.com..utm.source.google.business.listin,,,,,,,,
acehandymanservices.com.offices.broward.county.eas,,,,,,,,
affordablecleaningtoday.com.lander3.utm.source.goo,,,,,,,,
amenitypool.com.locations.miami.fl,,,,,,,,
bnfroofing.com.lakeland.fl,,,,,,,,
cdplumbing.net..utm.source.gbplisting.utm.medium.o,,,,,,,,
classicroofreplacement.com..utm.source.google.utm.,,,,,,,,
coastallandscapedesignllc.com.contact,,,,,,,,
cohnreznick.com.people.zvi.rafilovich,,,,,,,,
coralspringspoolmaintenance.com.contact.ultimate.p,,,,,,,,
deans.electrical.com,,,,,,,,
dreamteammetalroofingandsolar.com.plantation,,,,,,,,
enviro.master.com.commercial.cleaning.locations.fo,,,,,,,,
gounitedac.com..utm.campaign.gmb.utm.medium.gbp.li,,,,,,,,
greentekelectrical.com..utm.campaign.gmb,,,,,,,,
icleaningsouthflorida.com..utm.source.gbp.utm.medi,,,,,,,,
lithiapoolservice.com.contactus.asp,,,,,,,,
locations.trulynolen.com.fl.davie.davie.052.html.u,,,,,,,,
mmremodel.com..utm.source.gmblisting.utm.medium.or,,,,,,,,
my.tidecleaners.com.locations.fl.tampa.estrella,,,,,,,,
prodigypest.com.all.service.center.locations.pest.,,,,,,,,
rebirthomeservices.com.commercial.and.house.cleani,,,,,,,,
signatureroofingsolutions.com.florida.1,,,,,,,,
sunplumbing.septic.com..,,,,,,,,
tampa.acservices.com,,,,,,,,
