city,area,industry,name,phone,rating,review_count,address
Fort Lauderdale,Hallandale Beach FL,Plumbers,Total Appliance and A/C,(954) 454-6801,4.3,4031,"1015 SW 10th Ave, Hallandale Beach, FL 33009, USA"
Fort Lauderdale,Davie FL,HVAC companies,Lord’s a/c,(786) 260-4783,4.8,774,"13261 SW 7th Ct, Davie, FL 33325, USA"
Fort Lauderdale,Lauderdale-by-the-Sea FL,HVAC companies,Dr. HVAC,(954) 800-8457,4.8,373,"5441 NW 15th St, Margate, FL 33063, USA"
Fort Lauderdale,Davie FL,Roofers,Trust My Roofer,(954) 355-1174,5.0,322,"5832 Stirling Rd, Hollywood, FL 33021, USA"
Fort Lauderdale,Las Olas Fort Lauderdale FL,Pool service companies,Blue Oasis Pool & Spa Repair inc,(954) 383-1203,4.9,173,"1064 NW 53rd St, Fort Lauderdale, FL 33309, USA"
Fort Lauderdale,Lauderdale-by-the-Sea FL,Pool service companies,Fort Lauderdale Pool Pros,(954) 388-0073,4.9,162,"6222 N Federal Hwy STE 324, Fort Lauderdale, FL 33308, USA"
Fort Lauderdale,Wilton Manors FL,Electricians,Berger Brothers Electrical Service,(754) 465-7153,4.8,152,"3847 N Andrews Ave #93C, Fort Lauderdale, FL 33309, USA"
Fort Lauderdale,Hallandale Beach FL,Pool service companies,Sunny Hollywood Pool Care Pros,(954) 519-4411,4.8,147,"4921 Sheridan St STE 273, Hollywood, FL 33021, USA"
Fort Lauderdale,Tamarac FL,Accountants,"LBS - Leon Business Services, LLC",(561) 510-6453,4.9,127,"8333 W McNab Rd Suite 114, Tamarac, FL 33321, USA"
Fort Lauderdale,Hallandale Beach FL,Pool service companies,Ultimate LV Pool Cleaners,(954) 994-2288,4.8,127,"101 N Ocean Dr STE 398, Hollywood, FL 33019, USA"
Fort Lauderdale,Coral Springs FL,Pool service companies,Total Pool Spa Maintenance,(954) 960-3338,4.9,126,"6240 Coral Ridge Dr #336, Coral Springs, FL 33076, USA"
Fort Lauderdale,Pompano Beach FL,Pool service companies,ABC Tropical Blue Pools LLC,(954) 388-0060,4.9,123,"2900 W Sample Rd #36, Pompano Beach, FL 33073, USA"
Fort Lauderdale,Wilton Manors FL,Accountants,NG Tax,(954) 638-4826,5.0,119,"601 W Oakland Park Blvd Suite A5, Fort Lauderdale, FL 33311, USA"
Fort Lauderdale,Deerfield Beach FL,Pool service companies,Sunny Blue Pool Service,(954) 516-1155,4.9,114,"829 SE 9th St STE 415, Deerfield Beach, FL 33441, USA"
Fort Lauderdale,Wilton Manors FL,HVAC companies,"Echo Air Conditioning, Corp",(954) 366-4585,4.5,83,"2200 NE 12th Ave, Wilton Manors, FL 33305, USA"
Fort Lauderdale,Pompano Beach FL,Pest control,B.R.A PEST CONTROL INC,(954) 371-4495,5.0,83,"4211 NE 4th Ave, Pompano Beach, FL 33064, USA"
Fort Lauderdale,Deerfield Beach FL,HVAC companies,"AIR ON THE WAY A/C SERVICES, LLC",(786) 818-7506,5.0,82,"4040 NE 3rd Ave, Deerfield Beach, FL 33441, USA"
Fort Lauderdale,Hallandale Beach FL,Roofers,Brave Roofers,(954) 982-8935,4.8,82,"501 Golden Isles Dr #2340, Hallandale Beach, FL 33009, USA"
Fort Lauderdale,Las Olas Fort Lauderdale FL,Plumbers,Acosta Family Plumbing LLC,(754) 253-5180,4.8,80,"6003 NW 31st Ave #8800, Fort Lauderdale, FL 33309, USA"
Fort Lauderdale,Plantation FL,Electricians,Zagros Electric LLC,(954) 258-9451,4.9,73,"Plantation, FL 33317, USA"
Fort Lauderdale,Davie FL,Pool service companies,Cool Pools Services,(954) 588-8360,4.9,69,"541 SW 167th Ave, Weston, FL 33326, USA"
Fort Lauderdale,Pompano Beach FL,Remodelers,"MAGIC HANDS HOME SERVICES,Corp.",(954) 793-9808,4.9,62,"304 SE 10th Ave Suite #D, Pompano Beach, FL 33060, USA"
Fort Lauderdale,Las Olas Fort Lauderdale FL,Landscapers,WS Sod & Landscaping Inc,(954) 733-3360,4.0,61,"2401 NW 21st Ave, Fort Lauderdale, FL 33311, USA"
Fort Lauderdale,Hallandale Beach FL,Accountants,New Age Netgroup LLC,(954) 251-2300,5.0,57,"409 W Hallandale Beach Blvd Suite 209, Hallandale Beach, FL 33009, USA"
Fort Lauderdale,Hallandale Beach FL,Pool service companies,A1A POOLS,(954) 465-9306,4.9,57,"2124 N 14th Ct, Hollywood, FL 33020, USA"
Fort Lauderdale,Deerfield Beach FL,Plumbers,Superior Plumbing And Air,(561) 241-2822,4.6,56,"457 Goolsby Blvd, Deerfield Beach, FL 33442, USA"
Fort Lauderdale,Pompano Beach FL,Remodelers,Ez Pro Construction Group,(954) 214-3513,4.9,55,"1661 N Dixie Hwy Unit 1, Pompano Beach, FL 33060, USA"
Fort Lauderdale,Deerfield Beach FL,HVAC companies,Elite Air Services LLC,(954) 789-3784,4.8,54,"2750 SW 11th Pl N, Deerfield Beach, FL 33442, USA"
Fort Lauderdale,Cypress Creek Fort Lauderdale FL,Accountants,Francine Solutions LLC,(888) 592-4257,5.0,53,"2950 W Cypress Creek Rd, Fort Lauderdale, FL 33309, USA"
Fort Lauderdale,Deerfield Beach FL,Accountants,OGC Tax Pros,(954) 708-2817,4.8,48,"1761 W Hillsboro Blvd Ste 408, Deerfield Beach, FL 33442, USA"
Fort Lauderdale,Plantation FL,Accountants,Arrow Tax & Financial Services,(954) 590-0410,5.0,40,"109 N State Rd 7 # A, Plantation, FL 33317, USA"
Fort Lauderdale,Coral Springs FL,Landscapers,Paradise Landscaping Services Inc,(954) 464-6121,4.8,40,"9162 NW 37th Pl, Coral Springs, FL 33065, USA"
Fort Lauderdale,Tamarac FL,Remodelers,MB HOME IMPROVEMENTS,(954) 707-6550,4.8,40,"6412 N University Dr SUITE 102, Tamarac, FL 33321, USA"
Fort Lauderdale,Cypress Creek Fort Lauderdale FL,Roofers,ROOFING AND CONSTRUCTION - Repair & Installation,(954) 686-1518,5.0,33,"1111 SW 21st Ave b18, Fort Lauderdale, FL 33312, USA"
Fort Lauderdale,Lauderdale-by-the-Sea FL,Pool service companies,Blue Harbor Pool Service inc.,(954) 868-5040,4.9,31,"10581 NW 28th Pl, Sunrise, FL 33322, USA"
Fort Lauderdale,Coral Springs FL,Roofers,"ROOF LIFE REPAIRS, LLC",(954) 775-7260,4.9,31,"9105 NW 21st Ct, Coral Springs, FL 33071, USA"
Fort Lauderdale,Pompano Beach FL,Accountants,The Rojas Group,(561) 888-5511,4.9,30,"1733 NE 39th St, Pompano Beach, FL 33064, USA"
Fort Lauderdale,Pompano Beach FL,Accountants,Loyal Tax Multi Services LLC,(754) 269-0066,4.9,29,"2410 NW 16th Ln suite B, Pompano Beach, FL 33064, USA"
Fort Lauderdale,Tamarac FL,Remodelers,"MARCO & CO, LLC",(954) 934-8612,5.0,29,"7300 W McNab Rd Ste 219, Tamarac, FL 33321, USA"
Fort Lauderdale,Sunrise FL,Pool service companies,Crystal Pool Services Inc,(954) 748-1306,3.8,27,"10718 NW 53rd St, Sunrise, FL 33351, USA"
Fort Lauderdale,Sunrise FL,Remodelers,PG Kitchen & Bath,(954) 648-1632,5.0,27,"13111 W Sunrise Blvd, Sunrise, FL 33323, USA"
Fort Lauderdale,Las Olas Fort Lauderdale FL,Plumbers,Fort Lauderdale Plumbing Co,(954) 754-9578,5.0,25,"616 NW 2nd Ave, Fort Lauderdale, FL 33311, USA"
Fort Lauderdale,Coral Springs FL,Plumbers,On Site Plumber & Leak Detection,(754) 294-5816,4.9,25,"1501 Coral Ridge Dr, Coral Springs, FL 33071, USA"
Fort Lauderdale,Davie FL,Pool service companies,Only pool services,(954) 707-7089,5.0,25,"4449 Stirling Rd suite 3, Davie, FL 33314, USA"
Fort Lauderdale,Las Olas Fort Lauderdale FL,Plumbers,TMV Emergency Plumber Fort Lauderdale,(623) 253-6239,5.0,23,"2876 FL-7, Fort Lauderdale, FL 33313, USA"
Fort Lauderdale,Davie FL,Plumbers,Ace Plumber Davie FL,(754) 227-6699,5.0,23,"32 SW 23rd St, Davie, FL 33317, USA"
Fort Lauderdale,Sunrise FL,Roofers,Rokub Roofing,(754) 581-1954,4.9,23,"745 Shotgun Rd, Sunrise, FL 33326, USA"
Fort Lauderdale,Las Olas Fort Lauderdale FL,Plumbers,All Star Plumber Fort Lauderdale,(754) 354-4505,5.0,22,"724 NW 8th Ave, Fort Lauderdale, FL 33311, USA"
Fort Lauderdale,Wilton Manors FL,HVAC companies,L&L heating and cooling,(954) 618-9968,4.9,22,"1421 NE 13th Ave, Fort Lauderdale, FL 33304, USA"
Fort Lauderdale,Hallandale Beach FL,Electricians,Nevco Electric Supply,(954) 963-0051,4.8,22,"3180 W Pembroke Rd, Hallandale Beach, FL 33009, USA"
Fort Lauderdale,Wilton Manors FL,Roofers,Secure Span Roofing,(754) 314-3194,4.9,21,"1528 Middle River Dr, Fort Lauderdale, FL 33304, USA"
Fort Lauderdale,Wilton Manors FL,Roofers,Max Guard Roofing,(754) 314-3131,4.8,21,"2309 NE 12th Ct, Fort Lauderdale, FL 33304, USA"
Fort Lauderdale,Coral Springs FL,Plumbers,Unique Improvement Inc. / UI Plumbing,(754) 368-4744,5.0,21,"2900 N University Dr #43, Coral Springs, FL 33065, USA"
Fort Lauderdale,Deerfield Beach FL,Roofers,Roofing Company Near Me Deerfield Beach,(754) 704-4805,5.0,21,"1761 W Hillsboro Blvd # 402, Deerfield Beach, FL 33442, USA"
Fort Lauderdale,Hallandale Beach FL,HVAC companies,ROBLES HVAC SERVICE,(645) 207-8301,4.8,21,"400 SE 3rd Ave, Hallandale Beach, FL 33009, USA"
Fort Lauderdale,Coral Ridge Fort Lauderdale FL,Roofers,Invictus Roofing Solutions,(954) 449-6781,4.9,20,"2831 NE 21st Ct, Fort Lauderdale, FL 33305, USA"
Fort Lauderdale,Coral Springs FL,Accountants,TaxLeaf Coral Springs,(954) 345-7585,5.0,20,"3111 N University Dr #105, Coral Springs, FL 33065, USA"
Fort Lauderdale,Las Olas Fort Lauderdale FL,Roofers,Modulo Roofing Group,(754) 290-5905,4.9,19,"1112 NE 2nd St, Fort Lauderdale, FL 33301, USA"
Fort Lauderdale,Las Olas Fort Lauderdale FL,HVAC companies,Fort Lauderdale Heating & Air Conditioning,(954) 620-6273,4.8,19,"111 Nugent Ave, Fort Lauderdale, FL 33312, USA"
Fort Lauderdale,Las Olas Fort Lauderdale FL,Landscapers,Leo Lawn Service And Landscaping,(954) 303-1410,4.5,17,"2728 Davie Blvd #71, Fort Lauderdale, FL 33312, USA"
Fort Lauderdale,Lauderdale-by-the-Sea FL,Electricians,First Choice Home Electricians,(954) 237-1121,5.0,17,"4109 N Ocean Dr, Lauderdale-By-The-Sea, FL 33308, USA"
Fort Lauderdale,Coral Ridge Fort Lauderdale FL,Roofers,Four Corners Roofing Supply,(754) 714-7162,4.9,17,"2841 NE 24th Ct, Fort Lauderdale, FL 33305, USA"
Fort Lauderdale,Pompano Beach FL,Electricians,First Choice Home Electrician Pompano Beach,(754) 752-8351,5.0,17,"5253 N Dixie Hwy, Pompano Beach, FL 33064, USA"
Fort Lauderdale,Deerfield Beach FL,Pest control,Howie the Bugman Pest Control,(954) 427-1784,4.8,17,"3281 SW 3rd St, Deerfield Beach, FL 33442, USA"
Fort Lauderdale,Davie FL,Electricians,1st Electricians,(954) 355-7542,5.0,17,"3400 Davie Rd, Davie, FL 33314, USA"
Fort Lauderdale,Sunrise FL,Plumbers,Sunrise Plumbing & Drain,(754) 336-6042,5.0,17,"8053 W Oakland Park Blvd #34, Sunrise, FL 33351, USA"
Fort Lauderdale,Tamarac FL,HVAC companies,Tamarac Heating & Cooling,(954) 852-0704,5.0,17,"6P6X+FM, Woodmont Plaza Shopping Center, 7130 N University Dr, Tamarac, FL 33321, USA"
Fort Lauderdale,Las Olas Fort Lauderdale FL,Roofers,Vector Roofing Solutions,(954) 448-7281,4.9,16,"1609 SE 2nd Ct, Fort Lauderdale, FL 33301, USA"
Fort Lauderdale,Wilton Manors FL,Plumbers,Main Oakland Plumbing and Sewer,(754) 327-6006,5.0,16,"1400 E Oakland Park Blvd Unit 18, Oakland Park, FL 33334, USA"
Fort Lauderdale,Wilton Manors FL,Electricians,1st Electricians,(954) 231-6866,4.8,16,"520 NE 20th St, Wilton Manors, FL 33305, USA"
Fort Lauderdale,Coral Ridge Fort Lauderdale FL,Remodelers,Reliable Florida Contractors,(754) 260-8034,5.0,16,"United States, Florida, Fort Lauderdale, ノースウェスト 57th コート 802"
Fort Lauderdale,Hallandale Beach FL,Cleaning companies,South Florida Cleaning LLC,(954) 394-7746,4.4,16,"851 Three Islands Boulevard, Hallandale Beach, FL 33009, USA"
Fort Lauderdale,Plantation FL,Remodelers,Lassco Renovations,(305) 396-9020,4.9,15,"8201 Peters Rd #1000, Plantation, FL 33324, USA"
Fort Lauderdale,Las Olas Fort Lauderdale FL,Electricians,First Property Electrician Fort Lauderdale,(954) 355-6907,5.0,14,"405 NE 2nd St, Fort Lauderdale, FL 33301, USA"
Fort Lauderdale,Wilton Manors FL,Accountants,Better Income Tax Service,(954) 561-1040,4.7,14,"660 W Oakland Park Blvd, Wilton Manors, FL 33311, USA"
Fort Lauderdale,Deerfield Beach FL,Remodelers,"Eco Pure Construction, Inc",(561) 455-3070,4.7,14,"288 SW 12th Ave, Deerfield Beach, FL 33442, USA"
Fort Lauderdale,Davie FL,Plumbers,Davie Plumbing & Drain Pro,(754) 331-9307,5.0,14,"5200 S University Dr #150, Davie, FL 33328, USA"
Fort Lauderdale,Sunrise FL,Roofers,"Garcia Flood, Fire & Roof Restore",(754) 333-5200,4.8,14,"10660 NW 26th Pl, Sunrise, FL 33322, USA"
Fort Lauderdale,Tamarac FL,Electricians,Full Service Home Electrician,(754) 285-5929,5.0,14,"8040 W McNab Rd, North Lauderdale, FL 33068, USA"
Fort Lauderdale,Wilton Manors FL,Cleaning companies,We Wash Stuff,(917) 499-2103,5.0,13,"9 NE 19th Ct, Wilton Manors, FL 33305, USA"
Fort Lauderdale,Pompano Beach FL,Accountants,Smart Tax,(954) 782-3610,4.7,13,"535 E Sample Rd, Pompano Beach, FL 33064, USA"
Fort Lauderdale,Sunrise FL,Cleaning companies,Exclusively Clean LLC,(754) 800-4253,5.0,13,"7756 NW 44th St Suite B, Sunrise, FL 33351, USA"
Fort Lauderdale,Wilton Manors FL,Accountants,Capital Associates,(954) 368-3361,3.7,12,"Wilton Manors, FL 33334, USA"
Fort Lauderdale,Wilton Manors FL,HVAC companies,Broward County Heating & Air Conditioning,(954) 329-2852,4.6,11,"2045 Wilton Dr, Wilton Manors, FL 33305, USA"
Fort Lauderdale,Plantation FL,Remodelers,"Garcia Flood, Fire & Roof Restore",(754) 290-2800,4.7,11,"110 Jacaranda Country Club Dr #102, Plantation, FL 33324, USA"
Fort Lauderdale,Hallandale Beach FL,Landscapers,Mr Hicks Landscaping LLC,(754) 816-0191,4.6,11,"753 NW 4th St, Hallandale Beach, FL 33009, USA"
Fort Lauderdale,Hallandale Beach FL,HVAC companies,Hallandale Beach HVAC Solutions: Heating & Air Conditioning,(754) 764-1563,5.0,11,"940 W Hallandale Beach Blvd, Hallandale Beach, FL 33009, USA"
Fort Lauderdale,Las Olas Fort Lauderdale FL,HVAC companies,Fort Lauderdale Heating And Air Conditioning,(754) 315-4340,5.0,10,"1014 NW 10th Ave, Fort Lauderdale, FL 33311, USA"
Fort Lauderdale,Davie FL,Accountants,Shum Danny CPA,(954) 252-5778,5.0,10,"5220 S University Dr STE 207, Davie, FL 33328, USA"
Fort Lauderdale,Tamarac FL,Plumbers,Winder Plumber Tamarac,(754) 341-6021,5.0,10,"7421 N University Dr, Tamarac, FL 33321, USA"
Fort Lauderdale,Hallandale Beach FL,Accountants,Mad Accounting and Taxes LLC,(786) 704-4244,5.0,10,"1001 N Federal Hwy #305, Hallandale Beach, FL 33009, USA"
Fort Lauderdale,Las Olas Fort Lauderdale FL,Remodelers,RS Remodeling Services LLC,(954) 444-1974,4.6,9,"3901 W Broward Blvd #121236, Fort Lauderdale, FL 33312, USA"
Fort Lauderdale,Wilton Manors FL,Remodelers,Wilton Manors Handymen,(954) 302-1913,4.6,9,"2625 NW 5th Ave, Wilton Manors, FL 33311, USA"
Fort Lauderdale,Coral Ridge Fort Lauderdale FL,Landscapers,Surfside Tree & Landscape Inc,(954) 605-4108,3.7,9,"2700 NE 27th Ave, Fort Lauderdale, FL 33306, USA"
Fort Lauderdale,Pompano Beach FL,Pest control,Pest Control Pompano Beach,(561) 270-4994,5.0,9,"861 S Cypress Rd, Pompano Beach, FL 33060, USA"
Fort Lauderdale,Deerfield Beach FL,Landscapers,JJ's Lawncare & Landscaping,(754) 779-2837,4.1,9,"340 SW 1st Terrace, Deerfield Beach, FL 33441, USA"
Fort Lauderdale,Sunrise FL,Remodelers,"Riol Construction, LLC",(786) 371-8931,5.0,9,"11650 NW 40th Pl, Sunrise, FL 33323, USA"
Fort Lauderdale,Deerfield Beach FL,Electricians,H&K Electrical Inc.,(561) 377-5955,5.0,7,"1717 SW 1st Way, Deerfield Beach, FL 33441, USA"
Fort Lauderdale,Tamarac FL,Cleaning companies,Maggy's Cleaning Services,(954) 822-4116,4.9,7,"4179 Lakeside Dr, Tamarac, FL 33319, USA"
Fort Lauderdale,Wilton Manors FL,Remodelers,Wilton Manors Drywall Experts,(786) 220-6992,5.0,6,"2266 Wilton Dr, Wilton Manors, FL 33305, USA"
Fort Lauderdale,Lauderdale-by-the-Sea FL,Remodelers,VIP Bathroom Remodeling & Restoration,(786) 785-6814,5.0,6,"12 Hibiscus Ave, Lauderdale-By-The-Sea, FL 33308, USA"
Fort Lauderdale,Plantation FL,Remodelers,Sue Construction LLC,(954) 993-2823,5.0,6,"7656 NW 5th St, Plantation, FL 33324, USA"
Fort Lauderdale,Las Olas Fort Lauderdale FL,Pool service companies,Las Olas Pools LLC,(561) 670-8319,5.0,5,"119 Elysium Dr, Royal Palm Beach, FL 33411, USA"
Fort Lauderdale,Wilton Manors FL,Electricians,Main-Guy Electric Co,(954) 564-1672,5.0,5,"889 NE 30th St, Oakland Park, FL 33334, USA"
Fort Lauderdale,Plantation FL,Cleaning companies,ROAD RUNNER HOME CLEANING-SERVICES LLC,(561) 922-5862,5.0,5,"1362 NW 80th Terrace, Plantation, FL 33322, USA"
Fort Lauderdale,Pompano Beach FL,Landscapers,Greenleaf landscaping inc,(754) 304-7804,5.0,5,"2681 NE 12th Terrace, Pompano Beach, FL 33064, USA"
Fort Lauderdale,Hallandale Beach FL,HVAC companies,Blue Air Conditioning Hallandale,(754) 327-7826,5.0,5,"800 SE 4th Ave Ste.183, Hallandale Beach, FL 33009, USA"
Fort Lauderdale,Las Olas Fort Lauderdale FL,Roofers,SummitPoint Roofing Co,(954) 250-2660,5.0,4,"200 S Andrews Ave, Fort Lauderdale, FL 33301, USA"
Fort Lauderdale,Victoria Park Fort Lauderdale FL,Electricians,Edison Electricians of Fort Lauderdale,(888) 675-0975,4.3,4,"1110 NE 8th Ave Ste 103, Fort Lauderdale, FL 33304, USA"
Fort Lauderdale,Wilton Manors FL,Accountants,Elevate Tax & Bookkeeping,(312) 487-6786,5.0,4,"3333 N Federal Hwy, Oakland Park, FL 33306, USA"
Fort Lauderdale,Wilton Manors FL,Remodelers,A & A Construction Co Inc,(954) 914-9780,3.8,4,"423 NE 26th St, Wilton Manors, FL 33305, USA"
Fort Lauderdale,Wilton Manors FL,Remodelers,Asi Southern Construction Services,(954) 675-7396,5.0,4,"2201 Wilton Dr suite 10, Wilton Manors, FL 33305, USA"
Fort Lauderdale,Plantation FL,Cleaning companies,Up Maids Cleaning Services,(954) 908-6498,4.0,4,"498 Westree Ln, Plantation, FL 33324, USA"
Fort Lauderdale,Plantation FL,HVAC companies,Plantation HVAC Cooling Service,(754) 242-7878,5.0,4,"1461 S University Dr, Plantation, FL 33324, USA"
Fort Lauderdale,Coral Springs FL,HVAC companies,Coral Springs HVAC Cooling Service,(945) 219-3025,5.0,4,"2359 N University Dr, Coral Springs, FL 33065, USA"
Fort Lauderdale,Tamarac FL,Remodelers,Best In Class Remodeling & Restoration,(954) 280-6694,4.0,4,"12 NW 85th Ct, Tamarac, FL 33321, USA"
Fort Lauderdale,Hallandale Beach FL,Landscapers,Edwards Landscaping LLC,(754) 207-9400,5.0,4,"402 NW 5th Ave, Hallandale Beach, FL 33009, USA"
Fort Lauderdale,Las Olas Fort Lauderdale FL,Cleaning companies,Renovapure Post-Construction Cleaning Ft Lauderdale,(954) 287-3377,5.0,3,"223 S Federal Hwy, Fort Lauderdale, FL 33301, USA"
Fort Lauderdale,Wilton Manors FL,Accountants,Ewart James S CPA,(954) 563-3299,5.0,3,"1881 NE 26th St #228, Wilton Manors, FL 33305, USA"
Fort Lauderdale,Cypress Creek Fort Lauderdale FL,Accountants,Giulio Staiano CPA,(954) 977-0900,5.0,3,"2953 W Cypress Creek Rd STE 101, Fort Lauderdale, FL 33309, USA"
Fort Lauderdale,Coral Springs FL,HVAC companies,Coral Springs HVAC Services,(954) 639-4909,5.0,3,"9877 Westview Dr APT 637, Coral Springs, FL 33076, USA"
Fort Lauderdale,Deerfield Beach FL,Plumbers,Deerfield Plumbing & Repipe,(754) 345-0967,5.0,3,"3313 W Hillsboro Blvd, Deerfield Beach, FL 33442, USA"
Fort Lauderdale,Hallandale Beach FL,Plumbers,Moore Plumbing | Plumbing Hallandale fl,(877) 317-9548,4.7,3,"1250 E Hallandale Beach Blvd, Hallandale Beach, FL 33009, USA"
Fort Lauderdale,Hallandale Beach FL,Pest control,PestPrevent Pros,(754) 315-2363,5.0,3,"103 SW 10th Terrace, Hallandale Beach, FL 33009, USA"
Fort Lauderdale,Wilton Manors FL,Accountants,Marc Labossiere PA,(954) 763-4214,5.0,2,"2637 N Andrews Ave, Wilton Manors, FL 33311, USA"
Fort Lauderdale,Wilton Manors FL,Pest control,Pest Control Fort Lauderdale,(754) 704-6486,5.0,2,"1492 NW 19th St, Fort Lauderdale, FL 33311, USA"
Fort Lauderdale,Plantation FL,Pool service companies,Pool Service Florida,(954) 702-8847,5.0,2,"428 nw 70 th ave, suite 137, Plantation, FL 33313, USA"
Fort Lauderdale,Plantation FL,Roofers,Roofing Company Davie,(754) 328-5911,5.0,2,"3325 S University Dr Ste.149, Davie, FL 33328, USA"
Fort Lauderdale,Plantation FL,HVAC companies,Plantation AC Services,(954) 376-7427,5.0,2,"6901 W Broward Blvd b7, Plantation, FL 33317, USA"
Fort Lauderdale,Sunrise FL,Cleaning companies,Palmer's Elite Cleaning Services,(786) 734-0126,5.0,2,"Grande St, Sunrise, FL 33351, USA"
Fort Lauderdale,Sunrise FL,Roofers,United Roofing Sunrise,(754) 353-0155,5.0,2,"3801 N University Dr Ste.130, Sunrise, FL 33351, USA"
Fort Lauderdale,Tamarac FL,Cleaning companies,"Sparkling Kleen, LLC",(786) 512-6530,5.0,2,"8290 NW 68th Ave, Tamarac, FL 33321, USA"
Fort Lauderdale,Hallandale Beach FL,HVAC companies,Cool Flow AC,(954) 874-5179,5.0,2,"1985 S Ocean Dr Ste GL-3, Hallandale Beach, FL 33009, USA"
Fort Lauderdale,Las Olas Fort Lauderdale FL,Electricians,Bautista Electric,(305) 494-6262,5.0,1,"1314 E Las Olas Blvd, Fort Lauderdale, FL 33301, USA"
Fort Lauderdale,Las Olas Fort Lauderdale FL,Electricians,Charging Florida,(866) 378-2115,5.0,1,"300 SE 2nd St suite 600, Fort Lauderdale, FL 33301, USA"
Fort Lauderdale,Wilton Manors FL,Plumbers,Roberts & Sons Plumbing Inc,(954) 741-3033,5.0,1,"2246 NE 11th Ave, Wilton Manors, FL 33305, USA"
Fort Lauderdale,Cypress Creek Fort Lauderdale FL,Accountants,Accounting Department-The Southeast,(954) 306-2018,5.0,1,"1500 W Cypress Creek Rd # 107, Fort Lauderdale, FL 33309, USA"
Fort Lauderdale,Lauderdale-by-the-Sea FL,Accountants,Bryan & Associates PA,(954) 772-7655,5.0,1,"221 Commercial Blvd, Lauderdale-By-The-Sea, FL 33308, USA"
Fort Lauderdale,Plantation FL,Cleaning companies,Eco team Cleaning LLC,(954) 598-2854,5.0,1,"7648 NW 5th St, Plantation, FL 33324, USA"
Fort Lauderdale,Plantation FL,Roofers,Pros Roofing Plantation,(754) 328-5909,5.0,1,"1727 N University Dr #111, Plantation, FL 33322, USA"
Fort Lauderdale,Deerfield Beach FL,Landscapers,Schulz Landscape Services,(954) 596-0600,5.0,1,"10 Helwig Terrace, Pompano Beach, FL 33064, USA"
Fort Lauderdale,Sunrise FL,Remodelers,MVC Millwork and Remodeling,(954) 909-6793,5.0,1,"2494 NW 85th Ave, Sunrise, FL 33322, USA"
Fort Lauderdale,Tamarac FL,Roofers,Tops Roofing Tamarac,(754) 353-0157,5.0,1,"7421 N University Dr Unit 137, Tamarac, FL 33321, USA"
Fort Lauderdale,Wilton Manors FL,Accountants,AA Accounting and Tax Company,(954) 763-4214,,0,"2637 N Andrews Ave, Wilton Manors, FL 33311, USA"
Fort Lauderdale,Wilton Manors FL,Remodelers,Unparalleled Peerless Remodeling,(754) 310-6482,,0,"2331 FL-811, Wilton Manors, FL 33305, USA"
Fort Lauderdale,Cypress Creek Fort Lauderdale FL,Electricians,Electrician near me LLC,(954) 866-8887,,0,"315 NE 3rd Ave Unit 103 suite 13, Fort Lauderdale, FL 33301, USA"
Fort Lauderdale,Plantation FL,Remodelers,Superior Top Remodeling,(754) 289-9982,,0,"1710 FL-817, Plantation, FL 33322, USA"
Jacksonville,Neptune Beach FL,Plumbers,Plumb-Pal Plumbing,(904) 300-2384,5.0,253,"1310 Pinewood Rd, Jacksonville Beach, FL 32250, USA"
Jacksonville,Riverside Jacksonville FL,Accountants,The Tax Office,(904) 577-0086,5.0,139,"6817 Southpoint Pkwy Ste 1601, Jacksonville, FL 32216, USA"
Jacksonville,Mandarin Jacksonville FL,Plumbers,ROOTER EXPRESS OF JAX LLC,(904) 909-1763,5.0,132,"11648 Pine Acres Rd, Jacksonville, FL 32223, USA"
Jacksonville,Mandarin Jacksonville FL,Landscapers,Millers Irrigation Services LLC,(904) 236-7976,5.0,113,"12748 Fernbank Ln, Jacksonville, FL 32223, USA"
Jacksonville,Arlington Jacksonville FL,Accountants,Arlington Tax Services,(904) 379-2165,5.0,90,"1551 Cesery Blvd, Jacksonville, FL 32211, USA"
Jacksonville,Fleming Island FL,Plumbers,Harry H Hill Plumbing Inc,(904) 389-1909,5.0,74,"12 Widener Way, Orange Park, FL 32073, USA"
Jacksonville,Springfield Jacksonville FL,Roofers,"Alton Roofing Services, LLC",(904) 235-5224,4.7,69,"5352 Hwy Ave, Jacksonville, FL 32254, USA"
Jacksonville,Neptune Beach FL,Landscapers,"GPE Groundskeeping, Inc",(904) 536-0907,4.9,64,"14245 Drakes Point Dr, Jacksonville, FL 32224, USA"
Jacksonville,Neptune Beach FL,Plumbers,Tom Plumb,(904) 386-9853,5.0,62,"1100 Seagate Ave, Neptune Beach, FL 32266, USA"
Jacksonville,Mandarin Jacksonville FL,Landscapers,Jungle Life Landscape LLC,(904) 423-6024,4.6,50,"11547 Sedgemoore Dr E, Jacksonville, FL 32223, USA"
Jacksonville,Riverside Jacksonville FL,Landscapers,Heroic Landscapes,(904) 303-6819,5.0,47,"718 Monte Carlo Rd, Jacksonville, FL 32216, USA"
Jacksonville,St. Johns Town Center Jacksonville FL,Plumbers,Stevenson plumbing,(904) 762-6830,5.0,38,"6834 Brandemere Rd S, Jacksonville, FL 32211, USA"
Jacksonville,Ortega Jacksonville FL,HVAC companies,Jacksonville Air Conditioning & Heating,(904) 590-5225,5.0,34,"77HG+3C, Jacksonville, FL 32210, USA"
Jacksonville,San Marco Jacksonville FL,Electricians,Munson & Bryan Electric Co Inc,(904) 396-6689,3.7,32,"3434 St Augustine Rd, Jacksonville, FL 32207, USA"
Jacksonville,Baymeadows Jacksonville FL,Electricians,Spower solutions corporation,(857) 417-3952,5.0,32,"9506 Hood Rd Unit 4, Jacksonville, FL 32257, USA"
Jacksonville,Baymeadows Jacksonville FL,Electricians,Master Electric Llc,(844) 642-0095,3.8,32,"7447 Salisbury Rd, Jacksonville, FL 32256, USA"
Jacksonville,Arlington Jacksonville FL,Electricians,B & C Electric Inc,(561) 771-6455,4.6,28,"N/A, Jacksonville, FL 32235, USA"
Jacksonville,Avondale Jacksonville FL,Remodelers,Everett’s Custom Renovations LLc,(904) 418-3571,4.7,26,"7881 Steamboat Springs Ct, Jacksonville, FL 32210, USA"
Jacksonville,St. Johns Town Center Jacksonville FL,Electricians,Stuart Jones Electric Inc,(904) 786-0111,4.4,25,"2231 Corporate Square Blvd #3, Jacksonville, FL 32216, USA"
Jacksonville,Oceanway Jacksonville FL,Landscapers,Living Branches Lawn and Landscapes,(904) 401-1148,5.0,25,"12094 Chester Creek Rd, Jacksonville, FL 32218, USA"
Jacksonville,Neptune Beach FL,Roofers,Monahan Roofing Contractors,(904) 221-0059,4.7,25,"2050 Kings Cir S, Neptune Beach, FL 32266, USA"
Jacksonville,Neptune Beach FL,Accountants,X,(904) 247-3160,4.3,24,"1511 Penman Rd # B, Jacksonville Beach, FL 32250, USA"
Jacksonville,Avondale Jacksonville FL,Landscapers,Peachtree Outdoor Services LLC,(570) 202-6524,3.7,23,"1235 Challen Ave, Jacksonville, FL 32205, USA"
Jacksonville,Arlington Jacksonville FL,Electricians,Arlington Auto Electric,(904) 743-3900,4.4,23,"5949 Arlington Rd, Jacksonville, FL 32211, USA"
Jacksonville,Arlington Jacksonville FL,Accountants,WL Bookkeeping and taxes LLC,(904) 469-4393,5.0,23,"6054 Arlington Expressway Service Rd #8, Jacksonville, FL 32211, USA"
Jacksonville,Neptune Beach FL,Remodelers,Beaches Home Solutions,(904) 372-3136,5.0,23,"1715 Penman Rd, Jacksonville Beach, FL 32250, USA"
Jacksonville,Springfield Jacksonville FL,Cleaning companies,"Phoenix Deluxe Cleaning, LLC",(904) 397-5353,4.8,21,"50 N Laura St Suite 2500, Jacksonville, FL 32202, USA"
Jacksonville,Neptune Beach FL,Plumbers,Styles Smith Plumbing Inc,(904) 241-4131,4.7,21,"1537 Penman Rd, Jacksonville Beach, FL 32250, USA"
Jacksonville,Fleming Island FL,Pest control,Mantis Lawn & Pest Control Inc,(904) 925-6949,4.4,20,"3136 Moody Ave, Orange Park, FL 32065, USA"
Jacksonville,Springfield Jacksonville FL,Pest control,CritterCatchers,(904) 706-0983,5.0,19,"3100/5 US-17, Jacksonville, FL 32206, USA"
Jacksonville,Mandarin Jacksonville FL,Remodelers,Bath and kitchen remodeling I All New Remodeling,(904) 226-7611,4.8,18,"13048 Gran Bay Pkwy, Jacksonville, FL 32258, USA"
Jacksonville,Avondale Jacksonville FL,Plumbers,Plumb-Pal Plumbing and Irrigation,(904) 300-2384,4.8,18,"2785 Downing St, Jacksonville, FL 32205, USA"
Jacksonville,Ponte Vedra Beach FL,HVAC companies,Ponte Vedra Beach,(904) 816-3770,4.7,15,"91 Dolphin Blvd E, Ponte Vedra Beach, FL 32082, USA"
Jacksonville,Fleming Island FL,Landscapers,Fleming Island Lawn Service,(904) 562-0466,5.0,14,"County Rd 220, Fleming Island, FL 32003, USA"
Jacksonville,Neptune Beach FL,Cleaning companies,East Coast Quality Cleaning,(904) 782-5489,4.1,14,"1415 Atlantic Blvd Ste B, Neptune Beach, FL 32266, USA"
Jacksonville,Arlington Jacksonville FL,Accountants,"T.N. HODSDON, INC.",(904) 725-3677,5.0,13,"644 Cesery Blvd # 280, Jacksonville, FL 32211, USA"
Jacksonville,Ponte Vedra Beach FL,Cleaning companies,Solana Cleaners,(904) 473-5373,4.3,12,"234 Solana Rd, Ponte Vedra Beach, FL 32082, USA"
Jacksonville,Riverside Jacksonville FL,Pest control,A R Best Pest Control,(904) 253-8022,4.5,11,"2730 College St, Jacksonville, FL 32205, USA"
Jacksonville,Neptune Beach FL,Electricians,Spurgeon Electric Inc,(904) 225-0671,4.9,11,"850489 US-17, Yulee, FL 32097, USA"
Jacksonville,Mandarin Jacksonville FL,Cleaning companies,You've Got Maids of South Jacksonville,(904) 891-0037,5.0,10,"11234 San Jose Blvd #6, Jacksonville, FL 32223, USA"
Jacksonville,Baymeadows Jacksonville FL,Remodelers,CALA REMODELING LLC,(904) 442-4020,5.0,9,"8000 Baymeadows Cir E, Jacksonville, FL 32256, USA"
Jacksonville,Fleming Island FL,Remodelers,Brad's Handyman Services LLC,(904) 466-4147,3.5,8,"Covington Ln, Fleming Island, FL 32003, USA"
Jacksonville,Baymeadows Jacksonville FL,Cleaning companies,CLA Cleaning Services,(904) 881-1478,4.9,8,"8283 Baymeadows Rd E, Jacksonville, FL 32256, USA"
Jacksonville,Springfield Jacksonville FL,Electricians,"Ace Electrical Services of North Florida, Inc.",(904) 322-7138,4.1,7,"3139 Walnut St, Jacksonville, FL 32206, USA"
Jacksonville,Fleming Island FL,Cleaning companies,Clean Slate Cleaning LLC,(904) 254-1273,5.0,7,"1900 Copper Stone Drive Unit #D, Fleming Island, FL 32003, USA"
Jacksonville,Riverside Jacksonville FL,Pest control,ProCritter Control,(904) 706-0989,4.2,6,"2724 Park St, Jacksonville, FL 32205, USA"
Jacksonville,Baymeadows Jacksonville FL,Landscapers,B & L Landscape Co,(904) 262-1264,3.8,6,"7748 Spaner Rd, Jacksonville, FL 32256, USA"
Jacksonville,Ponte Vedra Beach FL,Landscapers,Salt Run Outdoor,(904) 907-7010,3.4,5,"1103 Marsh Cove Ct, Ponte Vedra Beach, FL 32082, USA"
Jacksonville,Ortega Jacksonville FL,Roofers,Silcox Contracting,(904) 389-1516,3.4,5,"4582 Lexington Ave, Jacksonville, FL 32210, USA"
Jacksonville,Riverside Jacksonville FL,Accountants,Bussell Annette T CPA,(904) 384-3464,4.8,4,"767 Stockton St, Jacksonville, FL 32204, USA"
Jacksonville,Arlington Jacksonville FL,Remodelers,Ike the Builder LLC,(904) 239-0200,5.0,4,"1411 Bellemeade Blvd, Jacksonville, FL 32211, USA"
Jacksonville,Ortega Jacksonville FL,Roofers,Quality Roofing Jacksonville,(904) 795-8428,4.0,4,"4224 St Johns Ave, Jacksonville, FL 32210, USA"
Jacksonville,Mandarin Jacksonville FL,Landscapers,High Profile Landscaping,(904) 367-8873,3.7,3,"2821 Mandarin Meadows Dr S, Jacksonville, FL 32223, USA"
Jacksonville,Ponte Vedra Beach FL,Landscapers,Action,(904) 525-8881,5.0,3,"100 Lake Vista Dr, Ponte Vedra Beach, FL 32082, USA"
Jacksonville,Fleming Island FL,Landscapers,Ettinger Lawn And Landscape LLC,(904) 449-3080,4.7,3,"2150 Salt Myrtle Ln, Fleming Island, FL 32003, USA"
Jacksonville,Neptune Beach FL,Accountants,Hillegass Chepenik & Hood,(904) 246-0713,5.0,3,"427 3rd St N, Jacksonville Beach, FL 32250, USA"
Jacksonville,Avondale Jacksonville FL,Plumbers,Able Plumbing Repair Services,(904) 771-7104,1.0,2,"Jacksonville, FL 32210, USA"
Jacksonville,Avondale Jacksonville FL,Landscapers,Batado Landscaping,(561) 685-9622,5.0,2,"1132 Hamilton St, Jacksonville, FL 32205, USA"
Jacksonville,Fleming Island FL,Roofers,Rookery Roofing LLC,(239) 508-6262,4.5,2,"414 Old Hard Rd # 401, Fleming Island, FL 32003, USA"
Jacksonville,Baymeadows Jacksonville FL,Electricians,Master Electric,(904) 902-6073,5.0,2,"8365 Dix Ellis Trail, Jacksonville, FL 32256, USA"
Jacksonville,Baymeadows Jacksonville FL,Cleaning companies,Super Clean Services,(904) 780-1101,5.0,2,"7901 Baymeadows Cir E, Jacksonville, FL 32256, USA"
Jacksonville,Arlington Jacksonville FL,Roofers,Z Roofing Group LLC,(904) 328-7411,5.0,2,"6237 Merrill Rd, Jacksonville, FL 32277, USA"
Jacksonville,Ortega Jacksonville FL,Pool service companies,Ortega Pool Services,(904) 384-7665,5.0,2,"4154 Torino Pl, Jacksonville, FL 32244, USA"
Jacksonville,Neptune Beach FL,Landscapers,The coral reef,(904) 258-2884,5.0,2,"111 South St, Neptune Beach, FL 32266, USA"
Jacksonville,Neptune Beach FL,Accountants,"Hank Watson, CPA (Henrietta Watson, CPA)",(904) 234-8221,5.0,2,"814 1st St N, Jacksonville Beach, FL 32250, USA"
Jacksonville,Neptune Beach FL,Pest control,Independent Pest Management Inc,(904) 867-0344,5.0,2,"1301 Penman Rd, Jacksonville Beach, FL 32250, USA"
Jacksonville,San Marco Jacksonville FL,Electricians,Thomas Electric Co,(904) 346-0012,5.0,1,"1322 Naldo Ave, Jacksonville, FL 32207, USA"
Jacksonville,Riverside Jacksonville FL,Pool service companies,Calm Waters Pool Services,(904) 712-1925,5.0,1,"2375 St Johns Bluff Rd S #205, Jacksonville, FL 32246, USA"
Jacksonville,Avondale Jacksonville FL,Electricians,Stuart Jonse Electric,(904) 384-9772,5.0,1,"1942 Hamilton St, Jacksonville, FL 32210, USA"
Jacksonville,Avondale Jacksonville FL,Electricians,DeBerry Electric Co Inc,(904) 757-8424,4.0,1,"13463 N Main St, Jacksonville, FL 32218, USA"
Jacksonville,Avondale Jacksonville FL,Accountants,Talbott Tax & Accounting,(904) 384-3012,5.0,1,"4070 Herschel St #6, Jacksonville, FL 32210, USA"
Jacksonville,Ponte Vedra Beach FL,Landscapers,Elysian Lawn & Home Care,(904) 945-9103,5.0,1,"129 Bluefish Ave, Ponte Vedra Beach, FL 32082, USA"
Jacksonville,Ponte Vedra Beach FL,Roofers,Garcia Roofing Services,(904) 385-1098,5.0,1,"181 Del Prado Dr, Ponte Vedra Beach, FL 32082, USA"
Jacksonville,Ponte Vedra Beach FL,Remodelers,Hanna Builders,(904) 234-6453,5.0,1,"134 36th Ave S, Jacksonville Beach, FL 32250, USA"
Jacksonville,Fleming Island FL,Pool service companies,Fleming Island Pool Services,(904) 945-5340,5.0,1,"188 Silver Glen Ave, St. Augustine, FL 32092, USA"
Jacksonville,Fleming Island FL,Roofers,Jackson Brothers Roofing,(904) 385-1061,5.0,1,"1633 Plainfield Ave, Orange Park, FL 32073, USA"
Jacksonville,Neptune Beach FL,Plumbers,Bryant Plumbing Co,(904) 242-9256,5.0,1,"51 Ardella Rd, Atlantic Beach, FL 32233, USA"
Jacksonville,Neptune Beach FL,Accountants,Legal Accounting Solutions,(904) 382-6145,5.0,1,"301 First St, Neptune Beach, FL 32266, USA"
Jacksonville,Neptune Beach FL,Accountants,Maresma Brandon CPA,(904) 222-0204,5.0,1,"324 6th Ave N, Jacksonville Beach, FL 32250, USA"
Jacksonville,Neptune Beach FL,Remodelers,27 South Home Group,(904) 595-7118,5.0,1,"321 10th Ave N, Jacksonville Beach, FL 32250, USA"
Jacksonville,San Marco Jacksonville FL,Landscapers,Cut-N-Gro Landscaping,(786) 333-5639,,0,"1205 Lasalle St, Jacksonville, FL 32207, USA"
Jacksonville,San Marco Jacksonville FL,Roofers,Chambers Family Roofing,(386) 342-4994,,0,"1704 San Marco Blvd, Jacksonville, FL 32207, USA"
Jacksonville,Avondale Jacksonville FL,Accountants,QuickBooks Customer Solution,(888) 483-3721,,0,"3630 Park St, Jacksonville, FL 32205, USA"
Jacksonville,Ponte Vedra Beach FL,Accountants,Hutchens Jr James G CPA,(904) 280-1228,,0,"106 Canal Blvd, Ponte Vedra Beach, FL 32082, USA"
Jacksonville,Ponte Vedra Beach FL,Roofers,Ponte Vedra Elite Roof Leak,(904) 789-7549,,0,"82 Dolphin Blvd E, Ponte Vedra Beach, FL 32082, USA"
Jacksonville,Springfield Jacksonville FL,Pest control,Pest Control Service,(407) 634-5354,,0,"N Hogan St, Jacksonville, FL 32202, USA"
Jacksonville,Fleming Island FL,Accountants,Fleming Island Accounting & Consulting,(904) 264-0875,,0,"414 Old Hard Rd UNIT 102, Orange Park, FL 32003, USA"
Jacksonville,Arlington Jacksonville FL,Roofers,Finley Roofing Co,(386) 342-4960,,0,"6108 Arlington Rd, Jacksonville, FL 32211, USA"
Jacksonville,Ortega Jacksonville FL,Roofers,Hudson Roofing Company,(386) 342-4996,,0,"2902 Corinthian Ave, Jacksonville, FL 32210, USA"
Jacksonville,Ortega Jacksonville FL,Roofers,Sheridan & Sons Roofing,(386) 342-4961,,0,"2720 Park St, Jacksonville, FL 32205, USA"
Jacksonville,Ortega Jacksonville FL,Roofers,Thrift Roofing,(904) 225-8008,,0,"1241 McDuff Ave S, Jacksonville, FL 32205, USA"
Jacksonville,Ortega Jacksonville FL,Roofers,Williams Quality Roofing LLC,(904) 553-1267,,0,"1934 Edgewood Ave S, Jacksonville, FL 32254, USA"
Lakeland,Haines City FL,Accountants,Tropical Multi Services LLC,(863) 353-5449,4.9,438,"39 N 11th St, Haines City, FL 33844, USA"
Lakeland,Downtown Lakeland FL,Plumbers,Reel Plumbers of Central Florida,(863) 450-8908,4.9,116,"6155 Florida Ave S, Lakeland, FL 33813, USA"
Lakeland,Downtown Lakeland FL,Landscapers,ACS Irrigation,(813) 575-2271,4.6,111,"304 E Pine St #4969, Lakeland, FL 33801, USA"
Lakeland,Downtown Lakeland FL,Landscapers,Franco's Lawn & Landscaping Service,(786) 469-1006,4.8,106,"3303 Merlot Dr, Lakeland, FL 33811, USA"
Lakeland,Downtown Lakeland FL,Pool service companies,Jonny’s pool cleaning,(863) 812-6325,5.0,101,"1220 Lakewood Rd, Lakeland, FL 33805, USA"
Lakeland,Lake Wales FL,Pool service companies,Mike's Pool Shack,(863) 678-3637,4.3,92,"2407 FL-60, Lake Wales, FL 33898, USA"
Lakeland,Haines City FL,Landscapers,Agave Landscaping Service LLC,(863) 218-9556,4.7,91,"213 Lake Villa Way, Haines City, FL 33844, USA"
Lakeland,Winter Haven FL,Plumbers,Earl & Sons Sewer and Rooter,(863) 270-8542,4.7,90,"1221 5th St SE Suite 527, Winter Haven, FL 33880, USA"
Lakeland,Auburndale FL,Landscapers,Shonuff Landscaping LLC,(863) 508-0521,4.8,89,"324 Bentley Oaks Blvd, Auburndale, FL 33823, USA"
Lakeland,Downtown Lakeland FL,Landscapers,Nursery Landscape & Garden Center,(863) 644-7331,4.3,84,"5955 Florida Ave S, Lakeland, FL 33813, USA"
Lakeland,Davenport FL,Electricians,Voltage electrical contractor llc,(646) 586-7510,4.8,83,"8290 Matisse St, Davenport, FL 33896, USA"
Lakeland,Davenport FL,Cleaning companies,The Florida Maids of Orlando,(407) 205-2234,4.9,75,"42625 US-27 Suite B8, Davenport, FL 33837, USA"
Lakeland,Auburndale FL,Plumbers,Brothers Plumbing Inc,(863) 965-1172,3.8,60,"617 Pine St, Auburndale, FL 33823, USA"
Lakeland,Davenport FL,Landscapers,Providence Lawn and Tree,(407) 414-0220,4.7,58,"1609 U.S. Hwy 17-92 N, Davenport, FL 33837, USA"
Lakeland,Davenport FL,Electricians,Alvelo Gutierrez Electric Service,(863) 595-3626,5.0,57,"1 E Orange St, Davenport, FL 33837, USA"
Lakeland,Davenport FL,Cleaning companies,Green Solutions Cleaning Services,(407) 252-4285,4.9,53,"309 Robin Rd, Davenport, FL 33896, USA"
Lakeland,Plant City FL,Accountants,Heritage Consulting,(813) 752-6200,4.7,49,"3206 W Baker St, Plant City, FL 33563, USA"
Lakeland,Plant City FL,Cleaning companies,"Stamford Chimney Clean & Repair, LLC",(813) 736-9914,5.0,46,"207 S Collins St, Plant City, FL 33563, USA"
Lakeland,Downtown Lakeland FL,HVAC companies,McKinney Air Conditioning & Heating Inc.,(863) 859-2837,4.9,45,"8015 US Hwy 98 N, Lakeland, FL 33809, USA"
Lakeland,Mulberry FL,Plumbers,The Pump House @ Downtown Mulberry,(863) 425-2020,4.4,42,"1575 FL-37, Mulberry, FL 33860, USA"
Lakeland,Lake Wales FL,Cleaning companies,Peterson Cleaners,(863) 676-2122,4.9,41,"24 S 1st St, Lake Wales, FL 33853, USA"
Lakeland,Haines City FL,Pest control,"TJ Shaw Enterprises, LLC",(863) 624-7994,4.9,41,"200 Whispering Pines Way, Davenport, FL 33837, USA"
Lakeland,Auburndale FL,Cleaning companies,Happy Home Cleaning LLC,(863) 521-0068,4.6,40,"2099 42nd St NW STE B12, Winter Haven, FL 33881, USA"
Lakeland,Haines City FL,Electricians,Precision Electrical Contractors,(863) 202-1977,4.4,39,"300 N 13th St, Haines City, FL 33844, USA"
Lakeland,Haines City FL,Accountants,Nazario Consumer Services LLC,(863) 422-8203,4.1,39,"139 N 6th St, Haines City, FL 33844, USA"
Lakeland,Haines City FL,Plumbers,Devenport Plumbing Services,(407) 863-0750,4.3,38,"112 State St, Davenport, FL 33837, USA"
Lakeland,Haines City FL,HVAC companies,A/C PRO SERVICE LLC,(863) 594-7024,4.9,37,"28.1661704, 81.6014554, Davenport, FL 33837, USA"
Lakeland,Auburndale FL,HVAC companies,Tropical Heating & Cooling,(321) 978-3709,5.0,36,"305 Magnolia Ave, Auburndale, FL 33823, USA"
Lakeland,Lake Wales FL,Plumbers,Robert L Phillips Plumbing Co,(863) 676-0072,3.7,35,"Lake Wales, FL 33853, USA"
Lakeland,Grasslands Lakeland FL,Cleaning companies,Perfect Shine. Cleaning services.,(863) 606-2265,5.0,34,"5332 Lakeland Highlands Rd, Lakeland, FL 33813, USA"
Lakeland,Downtown Lakeland FL,Remodelers,"All Around Construction of Central Fl, LLC",(863) 661-4004,4.9,33,"296 Granite Dr #6121, Lakeland, FL 33809, USA"
Lakeland,Winter Haven FL,Electricians,J & J Electric,(863) 202-1989,4.5,32,"3690 W Lake Hamilton Dr, Winter Haven, FL 33881, USA"
Lakeland,Plant City FL,Landscapers,MATTHEW LANDSCAPING SERVICES LLC.,(813) 764-3636,5.0,31,"4002 Smith Ryals Rd lot #80, Plant City, FL 33567, USA"
Lakeland,Bartow FL,Electricians,Crown Electric Inc,(863) 533-8171,4.7,30,"2325 FL-60 E, Bartow, FL 33830, USA"
Lakeland,North Lakeland FL,Roofers,W.D. Hutchinson Roofing LLC,(863) 686-3300,5.0,29,"1717 W Memorial Blvd, Lakeland, FL 33815, USA"
Lakeland,Highland City FL,Electricians,Roberts Electrical Services Inc,(863) 648-0056,4.4,29,"5311 Kinsley Ln, Lakeland, FL 33812, USA"
Lakeland,Winter Haven FL,Landscapers,C-Jones Lawn and Tree,(863) 258-4638,4.9,29,"2629 Ave V NW, Winter Haven, FL 33881, USA"
Lakeland,Bartow FL,Plumbers,Harry A Morgan Plumbing,(863) 533-3584,4.3,28,"385 N Elizabeth Ave, Bartow, FL 33830, USA"
Lakeland,Downtown Lakeland FL,Accountants,"Accounting Tax & Financial Services, Inc.",(863) 859-1243,4.7,27,"510 Marcum Rd, Lakeland, FL 33809, USA"
Lakeland,Bartow FL,Cleaning companies,All Moms This and That LLC,(863) 241-5008,5.0,27,"880 S Orange Ave, Bartow, FL 33830, USA"
Lakeland,Downtown Lakeland FL,Accountants,Joe's Tax Services,(863) 686-5311,4.8,26,"853 S New York Ave, Lakeland, FL 33815, USA"
Lakeland,Downtown Lakeland FL,Accountants,James Allen Tax Preparation,(863) 683-1968,4.5,26,"2108 E Edgewood Dr, Lakeland, FL 33803, USA"
Lakeland,Bartow FL,Remodelers,O.D. Jones Construction Group Inc,(863) 662-6630,4.7,26,"220 S Central Ave #1552, Bartow, FL 33830, USA"
Lakeland,Haines City FL,Accountants,First Class Tax Solutions,(407) 409-0734,4.8,26,"104 N Railroad Ave, Haines City, FL 33844, USA"
Lakeland,Dixieland Lakeland FL,Plumbers,Paul's Plumbing Company,(863) 683-7828,4.6,25,"120 Frank Lloyd Wright Way, Lakeland, FL 33803, USA"
Lakeland,Plant City FL,Pool service companies,Blue Water Pool Care Inc.,(813) 498-7833,5.0,24,"1518 Compton St, Brandon, FL 33511, USA"
Lakeland,Plant City FL,HVAC companies,Rick's Complete Air Conditioning Inc.,(813) 758-8843,5.0,24,"2705 Jim Johnson Rd, Plant City, FL 33566, USA"
Lakeland,Lake Morton Lakeland FL,Accountants,Alice's Accounting & Tax Services,(863) 858-7777,4.8,22,"4820 US Hwy 98 N, Lakeland, FL 33809, USA"
Lakeland,Dixieland Lakeland FL,HVAC companies,"Lakeland Heating & Air Conditioning, Inc.",(863) 334-8657,4.2,22,"106 W Orange St, Lakeland, FL 33815, USA"
Lakeland,Downtown Lakeland FL,Landscapers,Fuqua Land management LLC,(863) 529-6975,5.0,21,"1028 Candlewood Dr, Lakeland, FL 33813, USA"
Lakeland,Auburndale FL,Plumbers,Eric's Plumbing Inc,(863) 967-4812,3.5,21,"1815 Thornhill Rd # 1811, Auburndale, FL 33823, USA"
Lakeland,Lake Wales FL,Pest control,"Ramson Services, inc.",(863) 232-9153,5.0,21,"6348 Rocky Point Rd, Lake Wales, FL 33898, USA"
Lakeland,Downtown Lakeland FL,Cleaning companies,"Top 2 Bottom Cleaning Service of Lakeland, LLC",(863) 330-3439,4.8,20,"1307 Valley Hill Dr, Lakeland, FL 33813, USA"
Lakeland,Auburndale FL,Plumbers,Paul Walker Plumbing,(863) 967-0888,4.8,20,"805 Eugena Dr, Auburndale, FL 33823, USA"
Lakeland,Winter Haven FL,Accountants,"MidFlorida Tax, LLC",(863) 401-3200,5.0,20,"595 6th St NW, Winter Haven, FL 33881, USA"
Lakeland,Grasslands Lakeland FL,Remodelers,G.O.P Restorations LLC,(516) 805-8487,5.0,19,"404 Princess Pl, Lakeland, FL 33803, USA"
Lakeland,Haines City FL,Electricians,Guinn's Electrical Services Inc.,(863) 421-2573,4.6,19,"1105 Old Polk City Rd, Haines City, FL 33844, USA"
Lakeland,Plant City FL,Roofers,𝐆𝐓𝐎 𝐑𝐎𝐎𝐅𝐈𝐍𝐆,(813) 420-0119,5.0,19,"3218 Mason Ave, Dover, FL 33527, USA"
Lakeland,Downtown Lakeland FL,Pest control,All Out Pest Supply,(855) 668-4538,4.9,18,"2120 E Edgewood Dr Suite 1, Lakeland, FL 33803, USA"
Lakeland,North Lakeland FL,Plumbers,Top Notch Plumbers Lakeland,(863) 400-2727,5.0,18,"134 Courtland Cir, Lakeland, FL 33803, USA"
Lakeland,Lake Morton Lakeland FL,Cleaning companies,"Clean Freak Pressure and Soft Wash, LLC",(863) 602-7108,5.0,17,"816 E Walnut St, Lakeland, FL 33801, USA"
Lakeland,Davenport FL,Accountants,Dobesh Laurie a CPA,(563) 386-1120,5.0,17,"1140 E Kimberly Rd #210, Davenport, IA 52807, USA"
Lakeland,Mulberry FL,Roofers,Belcher Contractors & Roofing Inc.,(813) 770-5806,3.4,16,"4025 Timberwood Dr, Lakeland, FL 33811, USA"
Lakeland,Auburndale FL,Cleaning companies,Above & Beyond Specialized Cleaning LLC,(727) 307-0507,5.0,16,"2442 Slippery Rock St, Auburndale, FL 33823, USA"
Lakeland,Auburndale FL,Accountants,For The Record Of Florida Inc,(863) 965-4477,4.0,16,"2300 29th St NW, Winter Haven, FL 33881, USA"
Lakeland,Plant City FL,HVAC companies,Hearts Heating and Air Conditioning,(727) 717-4796,4.8,16,"6610 Stafford Terrace Ave, Plant City, FL 33565, USA"
Lakeland,Auburndale FL,Remodelers,Foster Home Renovations,(863) 606-2348,5.0,14,"2105 US-92, Auburndale, FL 33823, USA"
Lakeland,Winter Haven FL,Electricians,Southern Power & Electric,(863) 665-8481,3.6,14,"2663 34th St NW, Winter Haven, FL 33881, USA"
Lakeland,Downtown Lakeland FL,Electricians,"Lamar Olliff Electric, Inc.",(863) 666-5773,4.7,13,"3375 US-98 C5, Lakeland, FL 33803, USA"
Lakeland,Lake Wales FL,Landscapers,Giddens General Services LLC,(863) 968-2180,4.4,13,"140 Jackson St, Lake Wales, FL 33859, USA"
Lakeland,Lake Morton Lakeland FL,Remodelers,Complete Kitchen & Bath Fabrication Shop,(863) 940-9875,4.3,12,"4330 Maine Ave, Lakeland, FL 33801, USA"
Lakeland,Grasslands Lakeland FL,Cleaning companies,TSM Cleaning Services LLC,(863) 712-6402,5.0,12,"1100 Lowry Ave UNIT 35, Lakeland, FL 33801, USA"
Lakeland,Auburndale FL,Roofers,5 Star Services of Polk County,(863) 241-1400,4.7,12,"338 Recker Hwy, Auburndale, FL 33823, USA"
Lakeland,Bartow FL,Cleaning companies,Five A’s Cleaning Services LLC,(863) 529-1356,5.0,12,"576 Crown Rose Dr, Bartow, FL 33830, USA"
Lakeland,Bartow FL,Pool service companies,Deep blu pools & power washing,(863) 358-2023,4.7,12,"1145 S Virginia Ave, Bartow, FL 33830, USA"
Lakeland,Davenport FL,Plumbers,Albert S Temples Plumbing,(863) 422-3725,3.8,12,"215 Temples Ln, Davenport, FL 33837, USA"
Lakeland,Plant City FL,Plumbers,A Plant City Plumbing,(813) 608-5192,5.0,12,"106 N Evers St, Plant City, FL 33563, USA"
Lakeland,Lake Morton Lakeland FL,Roofers,Gullett Energy Roof Coatings LLC,(863) 412-2821,4.9,11,"535 Bracey Rd, Lakeland, FL 33809, USA"
Lakeland,Davenport FL,Pool service companies,Grand Luxe Pool Service,(321) 474-1760,4.6,11,"109 Ambersweet Wy STE 867, Davenport, FL 33897, USA"
Lakeland,Plant City FL,Cleaning companies,Jesse's Soft Washing & Pressure Cleaning LLC,(813) 613-0377,5.0,11,"1101 Sandalwood Dr, Plant City, FL 33563, USA"
Lakeland,Plant City FL,Remodelers,Innovative Renovation & Construction LLC,(813) 704-4027,3.5,11,"3010 Reynolds St, Plant City, FL 33563, USA"
Lakeland,Grasslands Lakeland FL,Remodelers,"Golden Rule Repair & Remodeling, LLC.",(615) 479-4111,5.0,10,"2420 Tanglewood St, Lakeland, FL 33801, USA"
Lakeland,Auburndale FL,Pest control,Near me Best Pest control,(786) 743-6147,5.0,10,"2834 Recker Hwy, Jan Phyl Village, FL 33880, USA"
Lakeland,Auburndale FL,HVAC companies,Elite Heating & Cooling LLC,(321) 978-3709,5.0,10,"305 Magnolia Ave, Auburndale, FL 33823, USA"
Lakeland,Winter Haven FL,Plumbers,Shep's Plumbing Co,(863) 294-1739,4.3,10,"6800 Crystal Beach Rd, Winter Haven, FL 33880, USA"
Lakeland,Haines City FL,Accountants,Jahdai Accounting Services,(787) 633-7955,5.0,10,"209 Hamlet Rd, Davenport, FL 33837, USA"
Lakeland,Plant City FL,Electricians,Plant City Electric,(813) 752-8606,4.8,10,"3004 Sydney Rd, Plant City, FL 33566, USA"
Lakeland,Grasslands Lakeland FL,Plumbers,Your Plumber Inc,(239) 388-3438,4.4,9,"1660 Grasslands Blvd, Lakeland, FL 33803, USA"
Lakeland,Dixieland Lakeland FL,Accountants,Siegel & Co,(863) 680-1040,3.3,9,"114 Palmola St, Lakeland, FL 33803, USA"
Lakeland,Auburndale FL,Pest control,Johnson Termite & Pest,(863) 967-3460,4.6,9,"153 Paradise Ln, Auburndale, FL 33823, USA"
Lakeland,Bartow FL,Plumbers,Lawrence Plumbing Inc.,(863) 533-2651,4.6,9,"505 W Main St, Bartow, FL 33830, USA"
Lakeland,Bartow FL,Cleaning companies,All About The Grime Cleaning Service,(863) 662-7344,5.0,9,"825 W McLeod St, Bartow, FL 33830, USA"
Lakeland,Davenport FL,Remodelers,R&EservicesLLC,(407) 655-5146,5.0,9,"1395 Conch Key Ln, Davenport, FL 33837, USA"
Lakeland,Auburndale FL,Plumbers,Central Plumbing,(863) 967-4838,5.0,8,"107 W Juliana Way, Auburndale, FL 33823, USA"
Lakeland,Bartow FL,Landscapers,S & S Lawn Care,(765) 338-7159,5.0,8,"2274 Barn Owl Ave, Bartow, FL 33830, USA"
Lakeland,Lake Wales FL,Landscapers,Torre's Lawn Care Services And Designs LLC,(863) 632-2726,5.0,8,"3534 Ferry St, Lake Wales, FL 33859, USA"
Lakeland,Haines City FL,Electricians,Chinos Auto Electric,(863) 852-4434,3.6,8,"2255 U.S. Hwy 17-92 N, Haines City, FL 33844, USA"
Lakeland,Plant City FL,Accountants,"Franklin's Accounting & Tax Service, LLC",(813) 703-8500,5.0,8,"1501 W Knights Griffin Rd, Plant City, FL 33565, USA"
Lakeland,Bartow FL,Accountants,Rnb Accounting & Tax Services,(863) 533-1842,5.0,7,"110 N Florida Ave, Bartow, FL 33830, USA"
Lakeland,Bartow FL,Pool service companies,Stretch-A-Dollar Pool Service and Supply,(863) 670-7869,5.0,7,"1115 US-17, Bartow, FL 33830, USA"
Lakeland,Bartow FL,Remodelers,Flores Drywall,(863) 800-4432,5.0,7,"1175 E Summerlin St, Bartow, FL 33830, USA"
Lakeland,Davenport FL,Accountants,Ivonne Aleman Tax Services and More LLC,(407) 953-3120,5.0,7,"1618 Florida Development Rd, Davenport, FL 33837, USA"
Lakeland,Grasslands Lakeland FL,Remodelers,Redeemed Construction Co,(863) 370-0567,4.7,6,"5300 Florida Ave S, Lakeland, FL 33813, USA"
Lakeland,Highland City FL,Landscapers,Higher Expectations Landscape Management and Property Maintenance,(863) 229-9767,5.0,6,"4114 Clubhouse Rd box 1324, Highland City, FL 33846, USA"
Lakeland,Winter Haven FL,Cleaning companies,Pamela's Screamin Cleaning Service,(863) 215-9342,5.0,6,"2229 20th St NW, Winter Haven, FL 33881, USA"
Lakeland,Winter Haven FL,Remodelers,J. Keene HandyMan And Remodeling,(863) 877-7720,4.8,6,"708 25th St NW, Winter Haven, FL 33881, USA"
Lakeland,Bartow FL,Cleaning companies,A & R Cleaning,(863) 537-6648,3.2,6,"825 Ruby Ave, Bartow, FL 33830, USA"
Lakeland,Bartow FL,Roofers,Bartow Roofing Experts,(863) 312-7110,5.0,6,"165 E Main St, Bartow, FL 33830, USA"
Lakeland,Lake Wales FL,Landscapers,Green Lawns Pro LLC,(863) 852-4266,5.0,6,"1414 Lake View Rd, Lake Wales, FL 33853, USA"
Lakeland,Lake Wales FL,Accountants,First Combined Tax Services,(863) 275-1027,4.3,6,"228 S 1st St, Lake Wales, FL 33853, USA"
Lakeland,Plant City FL,Accountants,Harman & Peaslee,(813) 754-1713,3.7,6,"303 N Warnell St, Plant City, FL 33563, USA"
Lakeland,Plant City FL,Pool service companies,Platinum Pools of Florida LLC,(813) 614-1122,5.0,6,"6007 Paul S Buchman Hwy, Plant City, FL 33565, USA"
Lakeland,Plant City FL,Remodelers,Dykstra Construction Inc,(813) 707-0082,5.0,6,"1409 E Baker St, Plant City, FL 33563, USA"
Lakeland,Plant City FL,Remodelers,"Donyu's Construction, LLC.",(813) 716-6481,5.0,6,"1514 S Alexander St Suite 105, Plant City, FL 33563, USA"
Lakeland,Downtown Lakeland FL,Remodelers,Folsom Construction,(863) 226-0885,4.2,5,"105 Florida Ave S, Lakeland, FL 33801, USA"
Lakeland,Auburndale FL,Cleaning companies,Cassie's Cleaning Service,(863) 812-3555,4.2,5,"26 Ave B N, Auburndale, FL 33823, USA"
Lakeland,Lake Wales FL,Plumbers,Central Florida Electric of Polk County,(863) 676-8663,5.0,5,"122 E Crystal Ave, Lake Wales, FL 33853, USA"
Lakeland,Lake Wales FL,Remodelers,Lake Wales Builders Inc,(863) 679-9690,2.6,5,"1026 Country Oaks Blvd, Lake Wales, FL 33898, USA"
Lakeland,Lake Morton Lakeland FL,Plumbers,Moore Plumbing Lakeland,(863) 904-5555,3.0,4,"121 N Kentucky Ave, Lakeland, FL 33801, USA"
Lakeland,Grasslands Lakeland FL,Accountants,"Chauncey, Peronto & Company CPA's PA",(863) 648-0123,5.0,4,"212 Lake Harris Dr, Lakeland, FL 33813, USA"
Lakeland,Mulberry FL,Landscapers,Grasshopper Lawn Care,(863) 354-3028,5.0,4,"4075 Lane St, Mulberry, FL 33860, USA"
Lakeland,Bartow FL,Cleaning companies,RiveraCleanTeamLLC,(813) 724-1351,5.0,4,"780 W Davidson St, Bartow, FL 33830, USA"
Lakeland,Lake Wales FL,Cleaning companies,Lucy cleaning services,(863) 514-3610,4.0,4,"1322 Morningside Dr, Lake Wales, FL 33853, USA"
Lakeland,Lake Wales FL,Remodelers,Knights Construction and HandyMan Services LLC,(863) 241-4047,4.0,4,"721 Hibiscus Ave, Lake Wales, FL 33853, USA"
Lakeland,Davenport FL,Pool service companies,Davenport pool service LLC,(863) 557-4672,5.0,4,"230 2nd St, Davenport, FL 33837, USA"
Lakeland,Plant City FL,Plumbers,FC Mullis Plumbing,(813) 752-0546,5.0,4,"2021 S Wiggins Rd, Plant City, FL 33566, USA"
Lakeland,Mulberry FL,Landscapers,Hernandez Landscape Design Inc,(863) 660-0520,5.0,3,"5265 Misty Lake Dr, Mulberry, FL 33860, USA"
Lakeland,Highland City FL,Accountants,S & S Accounting & Tax,(863) 644-7313,1.0,3,"5005 Lakeland Highlands Rd, Lakeland, FL 33813, USA"
Lakeland,Auburndale FL,Remodelers,Shillinglaw Construction,(559) 300-3691,5.0,3,"1924 Lake Ariana Blvd, Auburndale, FL 33823, USA"
Lakeland,Winter Haven FL,Cleaning companies,Thor Property Maintenance & Commercial Cleaning Service,(863) 302-4430,5.0,3,"1369 Sheridan St SW, Winter Haven, FL 33880, USA"
Lakeland,Haines City FL,Plumbers,Dowdy Plumbing,(863) 439-2883,3.7,3,"Haines City, FL 33844, USA"
Lakeland,Davenport FL,Pool service companies,N&J Pool Services,(407) 495-9861,5.0,3,"222 Lake Shore Pkwy, Davenport, FL 33896, USA"
Lakeland,Plant City FL,Landscapers,Plant City Lawn Care,(813) 957-6702,3.7,3,"3501 W Knights Griffin Rd, Plant City, FL 33565, USA"
Lakeland,Lake Morton Lakeland FL,Landscapers,Total Landscape Management,(863) 413-1050,5.0,2,"618 N Gary Rd, Lakeland, FL 33801, USA"
Lakeland,Lake Morton Lakeland FL,Accountants,Accounting & Tax Associates Inc,(863) 815-1527,5.0,2,"930 Marcum Rd # 4, Lakeland, FL 33809, USA"
Lakeland,North Lakeland FL,Accountants,Evolve CPA Services,(863) 414-6212,5.0,2,"1643 Williamsburg Square, Lakeland, FL 33803, USA"
Lakeland,Mulberry FL,Landscapers,Best Lawn Care,(863) 425-2002,5.0,2,"3850 Garland St, Mulberry, FL 33860, USA"
Lakeland,Mulberry FL,Roofers,florida state certified roofing,(863) 777-1027,5.0,2,"6021 Florida Ave S, Lakeland, FL 33813, USA"
Lakeland,Auburndale FL,Plumbers,Dowdy Plumbing,(863) 967-8861,5.0,2,"649 Honeyfarm Ln, Auburndale, FL 33823, USA"
Lakeland,Auburndale FL,Pest control,"Merritt Pest Management, Inc",(863) 207-8162,5.0,2,"687 C. Fred Jones Blvd, Auburndale, FL 33823, USA"
Lakeland,Auburndale FL,Remodelers,S&S Remodeling,(863) 603-8866,4.5,2,"Old Lakeland Auburndale Rd, Auburndale, FL 33823, USA"
Lakeland,Auburndale FL,Remodelers,TB Construction LLC.,(863) 219-6431,5.0,2,"2329 King Ave, Auburndale, FL 33823, USA"
Lakeland,Winter Haven FL,Pest control,TruNorth Pest Control,(863) 294-5522,5.0,2,"1105 3rd St SW, Winter Haven, FL 33880, USA"
Lakeland,Bartow FL,Electricians,Bartow electric Contractor,(863) 698-9012,1.0,2,"1155 E Summerlin St, Bartow, FL 33830, USA"
Lakeland,Bartow FL,Landscapers,3D Lawn & Landscape,(863) 450-8364,5.0,2,"2159 Country Manor St, Bartow, FL 33830, USA"
Lakeland,Bartow FL,Landscapers,Andrew Deese Complete Landscaping,(863) 533-1572,5.0,2,"901 S Gaskins Rd, Bartow, FL 33830, USA"
Lakeland,Lake Wales FL,Accountants,Martin Cheryl M CPA,(863) 678-1498,3.0,2,"19200 US-27, Lake Wales, FL 33853, USA"
Lakeland,Lake Wales FL,Pest control,Golden Pest Services,(863) 638-0158,5.0,2,"304 Jefferson St, Lake Wales, FL 33859, USA"
Lakeland,Davenport FL,Plumbers,"CTC Plumbing & Mechanical, LLC",(863) 280-8636,5.0,2,"168 Whispering Pines Way, Davenport, FL 33837, USA"
Lakeland,Lake Morton Lakeland FL,Electricians,Lighthouse Electric Enterprises Inc,(863) 608-4412,5.0,1,"Lakeland, FL 33801, USA"
Lakeland,Lake Morton Lakeland FL,Remodelers,A2Z Tile Repair Services,(863) 804-1951,1.0,1,"Lakeland, FL 33809, USA"
Lakeland,Dixieland Lakeland FL,Remodelers,"Waynesmark, LLC",(863) 585-8548,5.0,1,"716 W Shady Ln, Lakeland, FL 33803, USA"
Lakeland,Mulberry FL,Roofers,Harrison Roofing Inc.,(863) 514-0385,1.0,1,"6094 Topher Trail, Mulberry, FL 33860, USA"
Lakeland,Mulberry FL,Roofers,Roofing RVS INC,(863) 614-6974,5.0,1,"5145 Creekview Ln, Lakeland, FL 33811, USA"
Lakeland,Mulberry FL,Remodelers,Shane Montgomery painting and repairs,(863) 450-9650,5.0,1,"703 NE 10th Ave NE, Mulberry, FL 33860, USA"
Lakeland,Auburndale FL,Landscapers,Burts Lawn Services,(863) 412-3575,5.0,1,"308 Center St, Auburndale, FL 33823, USA"
Lakeland,Winter Haven FL,Accountants,Dial & Associates Inc,(863) 293-8888,5.0,1,"207 Ave K SE, Winter Haven, FL 33880, USA"
Lakeland,Bartow FL,Cleaning companies,Phenomenal Cleaning services LLC,(305) 992-1681,5.0,1,"759 Lauren Ct, Bartow, FL 33830, USA"
Lakeland,Bartow FL,Remodelers,Jfk Remodeling Llc,(786) 865-1499,5.0,1,"4368 Fabulous Finch Ln, Bartow, FL 33830, USA"
Lakeland,Bartow FL,Remodelers,DMA CONSTRUCTION,(863) 709-3325,5.0,1,"296 US-17, Bartow, FL 33830, USA"
Lakeland,Lake Wales FL,Plumbers,J W Johnson Plumbing Inc,(863) 676-0448,5.0,1,"5861 Skokie Rd, Lake Wales, FL 33898, USA"
Lakeland,Lake Wales FL,Landscapers,Fisher Lawn Care,(863) 676-9223,5.0,1,"3220 Fisher Ln, Lake Wales, FL 33898, USA"
Lakeland,Lake Wales FL,Cleaning companies,Floridas Crystal Clear Cleaning,(863) 618-9368,5.0,1,"811 Hillside Ave, Lake Wales, FL 33853, USA"
Lakeland,Lake Wales FL,Remodelers,Sosa home remodeling,(863) 605-1548,5.0,1,"413 Kissimmee Ave, Lake Wales, FL 33853, USA"
Lakeland,Lake Wales FL,Remodelers,"Whitmore Builders, Inc.",(863) 439-7201,5.0,1,"3821 Canal Rd, Lake Wales, FL 33898, USA"
Lakeland,Haines City FL,Electricians,Top Choice Home Solutions,(863) 585-1629,5.0,1,"4206 E Robinson Dr, Haines City, FL 33844, USA"
Lakeland,Haines City FL,Remodelers,IMC Cleaning & Handyman Services,(407) 749-2936,5.0,1,"106 Arrowhead Ln, Haines City, FL 33844, USA"
Lakeland,Haines City FL,Remodelers,White Lion Home Repairs LLC,(689) 238-7235,5.0,1,"145 Oak Hollow Dr, Haines City, FL 33844, USA"
Lakeland,Davenport FL,Cleaning companies,Christinas Cleaning Services LLC,(321) 318-0061,5.0,1,"1370 Yellow Finch Dr, Davenport, FL 33837, USA"
Lakeland,Davenport FL,Remodelers,GSE Handyman Services LLC,(908) 910-2367,5.0,1,"39883 US-27, Davenport, FL 33837, USA"
Lakeland,Plant City FL,Accountants,Hays & Associates Llc,(813) 759-9400,5.0,1,"607 S Alexander St, Plant City, FL 33563, USA"
Lakeland,Plant City FL,Remodelers,Red Stripe Construction,(813) 808-7528,5.0,1,"2746 Walden Woods Dr, Plant City, FL 33566, USA"
Lakeland,Downtown Lakeland FL,Accountants,BDO,(863) 937-9520,,0,"124 Florida Ave S STE 200, Lakeland, FL 33801, USA"
Lakeland,Dixieland Lakeland FL,Landscapers,Fl Landscaping,(863) 559-9822,,0,"PO Box 8902, Lakeland, FL 33806, USA"
Lakeland,Dixieland Lakeland FL,Accountants,"Cheatham & Fyock Tax and Accounting, LLC",(863) 688-0882,,0,"726 S Missouri Ave, Lakeland, FL 33815, USA"
Lakeland,Dixieland Lakeland FL,HVAC companies,TechTemp HVAC,(863) 286-0189,,0,"214 Hunter St, Lakeland, FL 33803, USA"
Lakeland,Dixieland Lakeland FL,Remodelers,Preparing The Way Home Investment and Renovations,(863) 255-5496,,0,"1142 W Main St, Lakeland, FL 33815, USA"
Lakeland,Mulberry FL,Cleaning companies,Kiwi Cleaning Services,(757) 714-3868,,0,"2948 Coach Lamp Rd, Mulberry, FL 33860, USA"
Lakeland,Auburndale FL,Accountants,Bookkeeping & Tax Services,(863) 875-5596,,0,"1052 US-92 W, Auburndale, FL 33823, USA"
Lakeland,Auburndale FL,Accountants,Sunbelt Tax Service,(877) 341-2475,,0,"1062 US HWY 92 W, Auburndale, FL 33823, USA"
Lakeland,Auburndale FL,Accountants,Spencer's Tax Service Inc,(863) 595-5723,,0,"818 Havendale Blvd, Auburndale, FL 33823, USA"
Lakeland,Auburndale FL,Accountants,SSC Holding Co,(863) 965-0355,,0,"Auburndale, FL 33823, USA"
Lakeland,Bartow FL,Electricians,Del Rio Electric LLC,(863) 450-0001,,0,"1665 Lakeside Dr, Bartow, FL 33830, USA"
Lakeland,Bartow FL,Accountants,Hendrix & Rambali,(863) 224-3421,,0,"415 E Main St #212, Bartow, FL 33830, USA"
Lakeland,Lake Wales FL,Electricians,Mid-Florida Electrical & Control,(863) 679-5303,,0,"56 W Central Ave, Lake Wales, FL 33853, USA"
Lakeland,Lake Wales FL,Accountants,Angel A Taxes Services,(863) 258-5587,,0,"230 E Stuart Ave, Lake Wales, FL 33853, USA"
Lakeland,Lake Wales FL,Accountants,JK TAX and Bookkeeping Services,(863) 651-9721,,0,"1 W Central Ave #103, Lake Wales, FL 33853, USA"
Lakeland,Lake Wales FL,Roofers,"Budget Roofing & Construction, Inc.",(863) 800-4546,,0,"1364 Old Bartow Rd, Lake Wales, FL 33859, USA"
Lakeland,Haines City FL,Pest control,Haines City Wildlife Removal,(863) 431-9244,,0,"280 Patterson Rd, Haines City, FL 33844, USA"
Lakeland,Haines City FL,Roofers,Prime Choice Roofing LLC,(407) 391-1905,,0,"6850 State Rd 544, Haines City, FL 33844, USA"
Lakeland,Davenport FL,Electricians,Innova Electrical Services LLC,(863) 207-3322,,0,"Sapphire Dr, Davenport, FL 33836, USA"
Lakeland,Plant City FL,Accountants,"Sedita Kilton, Nathan Kilton, CPA/CFP",(813) 752-4197,,0,"133 W Herring St, Plant City, FL 33563, USA"
Orlando,Lake Nona Orlando FL,HVAC companies,Orlando HVAC Air Conditioning,(689) 698-5010,4.9,240,"6000 N Orange Blossom Trl, Orlando, FL 32808, USA"
Orlando,Lake Nona Orlando FL,Accountants,AF Business Services,(407) 437-7119,5.0,162,"10135 Hartford Maroon Rd, Orlando, FL 32827, USA"
Orlando,Winter Park FL,Cleaning companies,Evolution Deep Clean,(407) 476-8525,4.9,160,"729 Executive Dr, Winter Park, FL 32789, USA"
Orlando,Winter Park FL,Cleaning companies,GreatJobPro - House Cleaning Winter Garden,(407) 928-2738,5.0,157,"9813 Lost Creek Dr, Winter Garden, FL 34787, USA"
Orlando,Altamonte Springs FL,Pool service companies,Pool Shack,(407) 682-1280,4.9,145,"790 N State Rd 434, Altamonte Springs, FL 32714, USA"
Orlando,Maitland FL,Plumbers,Fast Home Plumbing,(407) 743-6256,4.7,93,"917 FL-436 Suite 223, Casselberry, FL 32707, USA"
Orlando,Baldwin Park Orlando FL,Pool service companies,The Orlando Pool Masters,(407) 544-4599,4.8,92,"5060 W Colonial Dr STE 83, Orlando, FL 32808, USA"
Orlando,College Park Orlando FL,Plumbers,J&G Plumbing,(407) 759-3391,4.7,91,"316 N Parramore Ave Suite 378, Orlando, FL 32801, USA"
Orlando,Windermere FL,Pool service companies,Weekly Neighborhood Pool Care,(407) 337-4443,4.9,91,"7848 Winter Garden Vineland Rd STE 371, Windermere, FL 34786, USA"
Orlando,Casselberry FL,Accountants,"Tax, Accounting & Business Solutions LLC (TABS)",(407) 745-0087,5.0,86,"286 Wilshire Blvd 2nd Floor, Casselberry, FL 32707, USA"
Orlando,MetroWest Orlando FL,Plumbers,Orlando Water Heater Pros,(407) 710-6272,5.0,68,"7149 Wooded Village Ln, Orlando, FL 32835, USA"
Orlando,Winter Park FL,Roofers,ROOFING CONSTRUCTION SERVICES LLC,(689) 345-7999,4.9,63,"2745 W Fairbanks Ave Ste. 205, Winter Park, FL 32789, USA"
Orlando,Casselberry FL,HVAC companies,"MOE AIR Hvac Services, INC",(407) 844-0200,5.0,53,"620 Laurel Way, Casselberry, FL 32707, USA"
Orlando,Winter Garden FL,Landscapers,Cypress Outdoor Services Inc,(321) 310-4533,5.0,52,"733 S Woodland St, Winter Garden, FL 34787, USA"
Orlando,Altamonte Springs FL,Plumbers,Next Plumbing & Heating,(352) 309-3859,5.0,49,"106 Boston Ave #120, Altamonte Springs, FL 32701, USA"
Orlando,Dr. Phillips Orlando FL,Electricians,FRED Electrical Residential Services,(571) 982-9312,5.0,39,"6452 Vineland Rd unit 106, Orlando, FL 32819, USA"
Orlando,Lake Nona Orlando FL,Remodelers,Contractor Renovations Experts,(407) 807-4111,4.7,35,"10536 Mere Pkwy, Orlando, FL 32832, USA"
Orlando,Altamonte Springs FL,Landscapers,"ESRV Maintenance Solutions, LLC.",(321) 380-6352,4.8,35,"503 Yellowood Ct, Altamonte Springs, FL 32714, USA"
Orlando,Thornton Park Orlando FL,Landscapers,"Nations Landscaping, LLC",(407) 222-4646,4.4,34,"4915 Lake Gatlin Woods Ct, Orlando, FL 32806, USA"
Orlando,Downtown Orlando FL,Accountants,Ridgeview Accounting & Tax,(863) 224-8492,5.0,33,"20 N Orange Ave 11th Floor, Suite 1100, Orlando, FL 32801, USA"
Orlando,Winter Park FL,Electricians,Percopo Electric,(407) 766-5150,5.0,32,"7028 Betty St, Winter Park, FL 32792, USA"
Orlando,Thornton Park Orlando FL,Remodelers,Specialized Refinishing Co.,(407) 426-4355,4.5,32,"618 E South St STE 500, Orlando, FL 32801, USA"
Orlando,Windermere FL,Cleaning companies,Cipriano Cleaning Services,(407) 885-8965,5.0,31,"11325 Center Lake Dr #2308, Windermere, FL 34786, USA"
Orlando,Winter Garden FL,Plumbers,Winter Garden Plumbing Services,(407) 863-0689,4.5,31,"731 S Dillard St, Winter Garden, FL 34787, USA"
Orlando,Maitland FL,Plumbers,Water Flow Plumbing Florida LLC,(407) 728-4118,5.0,30,"707 Ashford Oaks Dr #101, Altamonte Springs, FL 32714, USA"
Orlando,College Park Orlando FL,Pest control,Orlando Bat Exclusion Pro,(321) 319-9850,5.0,29,"135 W Central Blvd, Orlando, FL 32801, USA"
Orlando,Downtown Orlando FL,Remodelers,Racal Custom Remodeling,(407) 686-4680,4.9,29,"827 Irma Ave, Orlando, FL 32803, USA"
Orlando,Lake Nona Orlando FL,Electricians,FC ELECTRIC GROUP LLC,(786) 602-6289,5.0,25,"10514 Green Ivy Ln, Orlando, FL 32832, USA"
Orlando,Baldwin Park Orlando FL,Cleaning companies,Cleaning Perfect Solution Home LLC,(689) 215-6643,5.0,23,"5924 Auvers Blvd #203, Orlando, FL 32807, USA"
Orlando,Windermere FL,Cleaning companies,Windermere Air Duct Cleaning Pros,(407) 329-5663,5.0,22,"625 Main St, Windermere, FL 34786, USA"
Orlando,Oviedo FL,Plumbers,Oviedo Plumbing Services,(407) 863-0699,4.5,22,"47 S Central Ave, Oviedo, FL 32765, USA"
Orlando,Winter Garden FL,Plumbers,Oakland Plumbing Services,(407) 901-1574,4.3,22,"230 N Tubb St, Oakland, FL 34760, USA"
Orlando,Winter Park FL,Landscapers,Ace Landscape Services LLC,(407) 619-4675,4.4,20,"2152 Linden Rd, Winter Park, FL 32792, USA"
Orlando,College Park Orlando FL,Roofers,Direct Roofing Company,(407) 459-7746,5.0,19,"646 W Smith St, Orlando, FL 32804, USA"
Orlando,Winter Park FL,Plumbers,Winter Park AC Repair & Plumbing,(407) 410-3242,5.0,18,"400 S Park Ave, Winter Park, FL 32789, USA"
Orlando,Lake Nona Orlando FL,Roofers,Hunter & Sons Roofing,(239) 422-8100,4.8,18,"4209 Cypress Glades Ln, Orlando, FL 32824, USA"
Orlando,Thornton Park Orlando FL,Roofers,Optimal Green Roofing,(800) 481-9771,5.0,18,"618 E South St STE 500, Orlando, FL 32801, USA"
Orlando,Windermere FL,Pest control,Lakeland Pest & Wildlife Services,07796 796586,4.9,18,"12 Claife Ave, Windermere LA23 2LJ, UK"
Orlando,Maitland FL,HVAC companies,Edge AC Repair Services,(888) 311-6352,4.4,18,"131 Lake Howell Ln, Maitland, FL 32751, USA"
Orlando,Lake Nona Orlando FL,Remodelers,"Layer UP - Painting, drywall & flooring",(352) 888-0630,5.0,17,"Savona Way, Orlando, FL 32827, USA"
Orlando,Maitland FL,Landscapers,Palencia Construction Landscape LLC,(407) 969-4257,4.8,17,"192 Jaffa Dr, Fern Park, FL 32730, USA"
Orlando,College Park Orlando FL,Pest control,R&C Pest control Service and Air duct & Dryer vent cleaning Of FL,(689) 304-4212,4.9,16,"121 S Orange Ave Suite 1500, Orlando, FL 32801, USA"
Orlando,MetroWest Orlando FL,Cleaning companies,Marjories Cleaning service llc,(321) 331-5652,5.0,16,"2813 S Hiawassee Rd STE 202, Orlando, FL 32835, USA"
Orlando,Casselberry FL,Plumbers,Casselberry Plumbing Services,(407) 863-0748,4.6,16,"3540 S US Hwy 17 92 f, Casselberry, FL 32707, USA"
Orlando,Lake Nona Orlando FL,Roofers,Gentle Wind LLC,(719) 281-9855,5.0,15,"9145-9161 Narcoossee Rd, Orlando, FL 32827, USA"
Orlando,Oviedo FL,Cleaning companies,Total Cleaning Solutions,(407) 542-6195,5.0,14,"3291 Red Ash Cir, Oviedo, FL 32766, USA"
Orlando,Oviedo FL,Remodelers,Services Oviedo,(407) 589-7183,5.0,14,"2 Lawn St, Oviedo, FL 32765, USA"
Orlando,Winter Garden FL,Plumbers,Plumbing Company of Winter Garden,(407) 901-0891,4.7,14,"466 Forest Haven Dr, Winter Garden, FL 34787, USA"
Orlando,College Park Orlando FL,Landscapers,Positive Thinking Lawn Care,(407) 283-4122,5.0,13,"1432 Lantry Ct, Orlando, FL 32804, USA"
Orlando,Maitland FL,Landscapers,Kevin’s Landscape and Maintenance,(407) 399-1363,4.4,13,"915 Kewannee Trail, Maitland, FL 32751, USA"
Orlando,College Park Orlando FL,Electricians,Orlando Electrician Guys,(407) 250-1292,5.0,12,"2410 Reading Dr, Orlando, FL 32804, USA"
Orlando,Altamonte Springs FL,Remodelers,Jonathan Mc Grath Construction,(407) 260-8077,4.7,12,"509 Arvern Ct, Altamonte Springs, FL 32701, USA"
Orlando,Winter Park FL,Plumbers,Ken's Plumbing Inc,(407) 647-7400,5.0,11,"1938 W Fairbanks Ave, Winter Park, FL 32789, USA"
Orlando,College Park Orlando FL,Cleaning companies,College Park Cleaners,(407) 422-7595,4.9,11,"2305 Edgewater Dr # I, Orlando, FL 32804, USA"
Orlando,Windermere FL,Cleaning companies,Rick & Nana Cleaning Services LLC,(407) 694-0758,5.0,11,"4833 Flint Rd, Windermere, FL 34786, USA"
Orlando,Maitland FL,Plumbers,AAA Approved Plumbing Inc,(407) 960-3068,4.3,11,"2150 Marshall Rd, Maitland, FL 32751, USA"
Orlando,Winter Park FL,Pool service companies,Bill Wendorf's Pool Services,(407) 645-4499,4.2,10,"1990 Kentucky Ave, Winter Park, FL 32789, USA"
Orlando,Baldwin Park Orlando FL,Accountants,"Barnett Advisory Group, Inc.",(407) 679-5000,4.2,10,"1925 Prospect Ave, Orlando, FL 32814, USA"
Orlando,Thornton Park Orlando FL,Accountants,Park Avenue Accounting,(407) 895-8888,5.0,10,"1511 S Crystal Lake Dr, Orlando, FL 32806, USA"
Orlando,Windermere FL,HVAC companies,Bliss AC Repair Services,(407) 337-8050,4.6,10,"416 E 5th Ave, Windermere, FL 34786, USA"
Orlando,MetroWest Orlando FL,Electricians,Smart Home Electric Services Orlando,(689) 283-7150,5.0,9,"6549 Old Winter Garden Rd, Orlando, FL 32835, USA"
Orlando,Casselberry FL,Pool service companies,"Pool Spot, LLC",(407) 644-6600,3.9,9,"Casselberry, FL 32707, USA"
Orlando,Winter Garden FL,Cleaning companies,Sunshine Cleaning Professional LLC,(346) 282-1032,5.0,9,"12708 Grandrose Aly, Winter Garden, FL 34787, USA"
Orlando,Oviedo FL,Plumbers,Oviedo Plumbing LLC,(407) 977-1472,3.0,8,"440 Clark St, Oviedo, FL 32765, USA"
Orlando,Winter Garden FL,Plumbers,Central Winter Garden Plumbing,(407) 743-4159,4.5,8,"1353 Scarlet Oak Loop, Winter Garden, FL 34787, USA"
Orlando,Winter Park FL,Landscapers,J & W Landscaping,(407) 628-4434,3.9,7,"2005 Kentucky Ave, Winter Park, FL 32789, USA"
Orlando,Thornton Park Orlando FL,Landscapers,Beacon Landscaping,(407) 445-1236,3.1,7,"5 Hill Ave #2926, Orlando, FL 32801, USA"
Orlando,College Park Orlando FL,Pest control,Avalon Pest Control Service,(689) 228-4866,5.0,7,"200 S Orange Ave, Orlando, FL 32801, USA"
Orlando,Oviedo FL,Accountants,"Noble & Noble, PA, CPAs",(407) 647-5262,3.9,7,"2572 W State Rd 426 STE 3016, Oviedo, FL 32765, USA"
Orlando,Lake Nona Orlando FL,Plumbers,East Orlando Plumbing Services,(407) 863-0755,5.0,6,"Orlando, FL 32822, USA"
Orlando,Dr. Phillips Orlando FL,Accountants,Stephen Camp CPA LLC,(863) 512-2900,5.0,6,"7380 W Sand Lake Rd Suite 500, Orlando, FL 32819, USA"
Orlando,Windermere FL,Accountants,Windermere Accounting Services,(407) 347-8270,5.0,6,"2704 Rew Cir, Ocoee, FL 34761, USA"
Orlando,Windermere FL,HVAC companies,Arctic Air Conditioning Inc .,(689) 314-6384,4.3,6,"306 Palm St FL, Windermere, FL 34786, USA"
Orlando,Casselberry FL,Remodelers,Blue Marlin Contractors LLC,(689) 310-3868,5.0,6,"282 Wilshire Blvd #209, Casselberry, FL 32707, USA"
Orlando,Winter Park FL,Plumbers,Winter Park Plumbing Services,(407) 863-0691,5.0,5,"250 S Center St, Winter Park, FL 32789, USA"
Orlando,Windermere FL,Accountants,Capital Tree Accounting,(407) 378-6566,5.0,5,"2704 Rew Cir Suite 105G, Ocoee, FL 34761, USA"
Orlando,Oviedo FL,Accountants,Karen R Copeland & Associates,(407) 365-2909,5.0,5,"260 Plaza Dr, Oviedo, FL 32765, USA"
Orlando,Maitland FL,HVAC companies,Ben Heating & Air Conditioning Maitland,(689) 304-0990,5.0,5,"190 Dommerich Dr, Maitland, FL 32751, USA"
Orlando,Winter Garden FL,Plumbers,Tildenville Plumbing Services,(407) 901-1380,5.0,5,"163 Avalon Rd, Winter Garden, FL 34787, USA"
Orlando,Winter Garden FL,Accountants,W G Computer Accounting Services,(407) 656-9553,5.0,5,"213 S Dillard St STE 250, Winter Garden, FL 34787, USA"
Orlando,Lake Nona Orlando FL,Remodelers,"CEV CONTRACTING, LLC",(407) 604-4142,5.0,4,"7862 Dausset St, Orlando, FL 32827, USA"
Orlando,Thornton Park Orlando FL,Roofers,Cardell Roofing LLC,(407) 440-4467,5.0,4,"1115 E Livingston St, Orlando, FL 32803, USA"
Orlando,Downtown Orlando FL,Pool service companies,Golden Pool Cleaning Service Orlando,(407) 289-1843,5.0,4,"700 W Jackson St, Orlando, FL 32805, USA"
Orlando,Downtown Orlando FL,HVAC companies,Orlando HVAC Cooling Service,(321) 463-6930,5.0,4,"115 Lake Ave, Orlando, FL 32801, USA"
Orlando,Windermere FL,Plumbers,Windermere Plumbing Services,(407) 863-0692,5.0,4,"4750 The Grove Dr, Windermere, FL 34786, USA"
Orlando,Windermere FL,Electricians,"LV System, LLC",(407) 347-2060,5.0,4,"113 Roberson Rd, Windermere, FL 34786, USA"
Orlando,Oviedo FL,Electricians,Union Electric Company,(352) 290-6793,3.0,4,"1035 Lockwood Blvd, Oviedo, FL 32765, USA"
Orlando,Oviedo FL,Landscapers,Jose Villa Landscaping & Lawn,(407) 595-0103,4.8,4,"1145 E Harrison St, Oviedo, FL 32765, USA"
Orlando,Maitland FL,Electricians,Fluff Electrician Co.,(407) 759-5872,5.0,4,"631 N Orlando Ave, Maitland, FL 32751, USA"
Orlando,Maitland FL,Accountants,"McGraw & Tattersall, P.A.",(407) 894-2272,5.0,4,"1020 N Orlando Ave #400, Maitland, FL 32751, USA"
Orlando,Altamonte Springs FL,Accountants,Caslow & Associates LLC,(321) 972-6325,5.0,4,"165 Montgomery Rd #1000, Altamonte Springs, FL 32714, USA"
Orlando,Winter Park FL,Electricians,Bella Electric INC.,(407) 730-0034,5.0,3,"3500 Aloma Forsyth Center, Winter Park, FL 32792, USA"
Orlando,Lake Nona Orlando FL,Landscapers,Premier Landscapes Org.,(689) 333-5145,5.0,3,"6900 Tavistock Lakes Blvd Suite 400, Orlando, FL 32827, USA"
Orlando,Downtown Orlando FL,Plumbers,Downtown Orlando Plumbing Services,(407) 863-0753,5.0,3,"122 S Orange Ave, Orlando, FL 32801, USA"
Orlando,Altamonte Springs FL,Cleaning companies,Springs Cleaning service,(850) 988-6299,5.0,3,"200 Maitland Ave, Altamonte Springs, FL 32701, USA"
Orlando,Altamonte Springs FL,Remodelers,HOME FLORIDA REMODELING,(407) 728-4118,5.0,3,"707 Ashford Oaks Dr #101, Altamonte Springs, FL 32714, USA"
Orlando,Downtown Orlando FL,Cleaning companies,Orlando Cleaning Services,(689) 220-1833,5.0,2,"815 N Magnolia Ave Suite 300, Orlando, FL 32803, USA"
Orlando,Audubon Park Orlando FL,Plumbers,All Plumbing Solutions,(407) 847-0884,1.0,2,"Orlando, FL 32807, USA"
Orlando,Windermere FL,HVAC companies,AC's Heating and Air,(321) 404-0099,5.0,2,"9100 Conroy Windermere Rd, Windermere, FL 34786, USA"
Orlando,Oviedo FL,Accountants,Oneil Accounting & tax Service,(407) 399-7049,5.0,2,"951 Lantania Pl, Oviedo, FL 32765, USA"
Orlando,Maitland FL,Accountants,Florida Accounting & Litigation Services,(407) 490-2724,3.0,2,"1059 Maitland Center Commons Blvd, Maitland, FL 32751, USA"
Orlando,Altamonte Springs FL,Electricians,Electrical Partners Of Central Florida LLC.,(407) 853-4332,5.0,2,"510 Douglas Ave suite 1017, Altamonte Springs, FL 32714, USA"
Orlando,Casselberry FL,Pest control,Friendly Pest Control Oviedo,(321) 343-8163,5.0,2,"895 FL-436, Casselberry, FL 32707, USA"
Orlando,Winter Garden FL,Landscapers,Becerril’s Lawn & Landscaping services LLC,(321) 442-7642,5.0,2,"800 S Park Ave, Winter Garden, FL 34787, USA"
Orlando,Winter Garden FL,Pool service companies,Water Kingdom Pool Services,(561) 376-6955,5.0,2,"Winter Garden, FL 34787, USA"
Orlando,Baldwin Park Orlando FL,Accountants,Edmonds Accounting & Tax LLC,(407) 423-8821,5.0,1,"4812 New Broad St, Orlando, FL 32814, USA"
Orlando,Windermere FL,Electricians,JPOWER ELECTRICAL CONTRACTORS INC.,(407) 963-1312,5.0,1,"1542 Matador Dr, Gotha, FL 34734, USA"
Orlando,Windermere FL,Accountants,"Accounting & Tax Solutions CPA, PA",(407) 340-3001,5.0,1,"9100 Conroy Windermere Rd Suite 200, Windermere, FL 34786, USA"
Orlando,Oviedo FL,Landscapers,AR LAND CARE,(407) 723-2537,5.0,1,"1135 Taylor St, Oviedo, FL 32765, USA"
Orlando,Maitland FL,Pest control,KHABA PEST CONTROL PTY(LTD),073 112 9838,1.0,1,"0678247469, 136 Adams St, Orlando East, Soweto, 1804, South Africa"
Orlando,Altamonte Springs FL,Remodelers,Home Remedy Remodeling,(407) 834-3616,5.0,1,"106 Dolores Dr, Altamonte Springs, FL 32701, USA"
Orlando,Lake Nona Orlando FL,Roofers,Heritage Roofing & Repair,(350) 220-0989,,0,"6557 Hazeltine National Dr, Orlando, FL 32822, USA"
Orlando,Lake Nona Orlando FL,Remodelers,Lake Nona Contractors Llc,(407) 948-3957,,0,"9750 Nonacrest Dr, Orlando, FL 32832, USA"
Orlando,Windermere FL,Electricians,Keeper of Current Wizard,(347) 454-7151,,0,"Mobile Service, Windermere, FL 34786, USA"
Orlando,Windermere FL,Landscapers,Windermere Lawn Care,(407) 612-2516,,0,"4757 The Grove Dr, Windermere, FL 34786, USA"
Tampa,Brandon FL,Landscapers,Southern Roots Tree and Landscape,(813) 846-5751,4.9,332,"3415 Ranch Rd, Valrico, FL 33596, USA"
Tampa,Land O Lakes FL,HVAC companies,LandO Air Duct Cleaning & Dryer Vent,(813) 424-7699,4.7,270,"2643 Narnia Way Suit 101, Land O' Lakes, FL 34638, USA"
Tampa,Palma Ceia Tampa FL,Cleaning companies,Pioneer Cleaners & Laundry on Macdill Ave,(813) 253-3323,4.9,154,"2312 S MacDill Ave, Tampa, FL 33629, USA"
Tampa,Brandon FL,Landscapers,Papa Green Corp. Lawn Care,(813) 369-0824,4.8,153,"803 E Clay Ave, Brandon, FL 33510, USA"
Tampa,Westshore Tampa FL,Pool service companies,Helpful Tampa Pool Care,(813) 730-5554,4.9,133,"14938 N Florida Ave STE 162, Tampa, FL 33613, USA"
Tampa,Westshore Tampa FL,Pool service companies,Happy Pool Care Pros,(813) 856-2220,4.8,93,"3605 W Waters Ave #249, Tampa, FL 33614, USA"
Tampa,Ybor City Tampa FL,Accountants,TampTax,(813) 237-5567,4.5,86,"309 W Dr Martin Luther King Jr Blvd, Tampa, FL 33603, USA"
Tampa,Hyde Park Tampa FL,Pool service companies,A and L Pool Maintenance,(813) 753-6263,5.0,42,"12407 N Rome Ave, Tampa, FL 33612, USA"
Tampa,Westshore Tampa FL,Accountants,PJ Testa Accountant Tampa,(813) 877-9615,4.8,33,"6604 Gunn Hwy, Tampa, FL 33625, USA"
Tampa,Westshore Tampa FL,Accountants,Newman & DiLascio CPAs & Advisors,(727) 327-6608,4.9,31,"4300 W Cypress St #350, Tampa, FL 33607, USA"
Tampa,Hyde Park Tampa FL,Remodelers,Hyde Park Home Pros,(813) 904-2134,5.0,25,"905 S Bruce St, Tampa, FL 33606, USA"
Tampa,Westshore Tampa FL,Electricians,"Electrical Handyman Service, Inc.",(813) 901-8185,4.8,23,"7046 W Hillsborough Ave, Tampa, FL 33634, USA"
Tampa,Tampa Heights FL,Pool service companies,DT Pool Service,(570) 240-5506,5.0,16,"1201 Seminole Blvd, Largo, FL 33770, USA"
Tampa,Brandon FL,Electricians,Brandon Electric,(813) 492-2880,4.5,16,"210 Bryan Rd, Brandon, FL 33511, USA"
Tampa,Palma Ceia Tampa FL,Plumbers,The Friendly Plumber LLC,(813) 622-8533,3.0,13,"1616 Allison Woods Ln, Tampa, FL 33619, USA"
Tampa,Palma Ceia Tampa FL,Cleaning companies,HVAC/DUCT REPAIR LLC,(228) 282-1230,5.0,13,"3415 W Palmira Ave, Tampa, FL 33629, USA"
Tampa,Hyde Park Tampa FL,Roofers,Bravo Roofing & Gutters,(813) 923-3306,5.0,12,"1507 W Cypress St, Tampa, FL 33606, USA"
Tampa,Westshore Tampa FL,Accountants,Professional Accounting Associates,(813) 964-1111,5.0,11,"1214 W Bearss Ave, Tampa, FL 33613, USA"
Tampa,Ybor City Tampa FL,Landscapers,David’s lawn care & Maintenance LLC,(813) 334-4097,5.0,10,"2213 E 20th Ave, Tampa, FL 33605, USA"
Tampa,Hyde Park Tampa FL,Electricians,Spark Electricians,(813) 513-6826,5.0,9,"1021 W Swann Ave, Tampa, FL 33606, USA"
Tampa,Westshore Tampa FL,Remodelers,Cass Remodeling Inc.,(813) 542-1983,4.6,8,"4808 1/2, 4808 N Hubert Ave, Tampa, FL 33614, USA"
Tampa,Ybor City Tampa FL,Roofers,SOS Roofing Co,(813) 295-2794,5.0,7,"1718 E 7th Ave b, Tampa, FL 33605, USA"
Tampa,Hyde Park Tampa FL,Roofers,Horizon Roofing Company,(813) 522-5206,4.8,6,"401 E Jackson St, Tampa, FL 33602, USA"
Tampa,Ybor City Tampa FL,Electricians,Empire Electric,(352) 352-8171,4.8,4,"901 E Jackson St, Tampa, FL 33602, USA"
Tampa,Hyde Park Tampa FL,Electricians,Electric Melon,(727) 335-3395,5.0,3,"604 S Tampania Ave APT A, Tampa, FL 33609, USA"
Tampa,Ybor City Tampa FL,Accountants,Paul J Ferlita CPA,(813) 248-0488,5.0,3,"2014 E 7th Ave A, Tampa, FL 33605, USA"
Tampa,Palma Ceia Tampa FL,Cleaning companies,Elite Cleaning Co Inc,(319) 754-1105,5.0,3,"3014 W Palmira Ave STE 302, Tampa, FL 33629, USA"
Tampa,Palma Ceia Tampa FL,Cleaning companies,Business Duct Cleaning Solutions,(813) 921-8208,5.0,2,"1018 S Sterling Ave, Tampa, FL 33629, USA"
Tampa,Palma Ceia Tampa FL,HVAC companies,L & D HVAC/DUCT Cleaning,(904) 552-6470,5.0,2,"3311 W Palmira Ave, Tampa, FL 33629, USA"
Tampa,Hyde Park Tampa FL,Accountants,That Cloud Accountant,(813) 690-0969,5.0,1,"701 S Howard Ave #115, Tampa, FL 33606, USA"
Tampa,Hyde Park Tampa FL,Remodelers,Bathroom Remodel Tampa,(813) 544-5176,5.0,1,"601 S Harbour Island Blvd, Tampa, FL 33602, USA"
Tampa,Ybor City Tampa FL,Roofers,Iron Peak Roofing,(727) 634-8349,5.0,1,"1805 E 7th Ave, Tampa, FL 33605, USA"
Tampa,Ybor City Tampa FL,Roofers,Jackson Brothers Roofing,(727) 634-8419,5.0,1,"1001 Water St, Tampa, FL 33602, USA"
Tampa,Palma Ceia Tampa FL,Cleaning companies,Jenkin's Cleaning Services,(812) 238-3729,5.0,1,"1060 S Clearview Ave, Tampa, FL 33629, USA"
Tampa,Palma Ceia Tampa FL,Remodelers,Remodeling services LLC,(813) 516-9210,1.0,1,"104 Duval Dr, Tampa, FL 33615, USA"
Fort Lauderdale,Las Olas Fort Lauderdale FL,Electricians,Mister Sparky of Pompano,,5.0,8,"405 NE 2nd St, Fort Lauderdale, FL 33301, USA"
Fort Lauderdale,Victoria Park Fort Lauderdale FL,Electricians,Fort Lauderdale Home Electrical Service,,4.8,8,"1976 E Sunrise Blvd, Fort Lauderdale, FL 33304, USA"
Fort Lauderdale,Hallandale Beach FL,Pest control,J L Pest Control,,5.0,8,"409 E Hallandale Beach Blvd, Hallandale Beach, FL 33009, USA"
Fort Lauderdale,Lauderdale-by-the-Sea FL,Landscapers,Davidson Design Studio,,,0,"235 Commercial Blvd # 206, Lauderdale-By-The-Sea, FL 33308, USA"
Fort Lauderdale,Tamarac FL,Pest control,Tamarac Pest Control,,,0,"4613 Norfolk Island Pine Dr, Tamarac, FL 33319, USA"
Jacksonville,Avondale Jacksonville FL,Landscapers,"Cls Landscaping Of North Florida, Llc",,4.9,7,"4527 Marquette Ave, Jacksonville, FL 32210, USA"
Jacksonville,St. Johns Town Center Jacksonville FL,Accountants,Jacksonville Accounting & Tax,,4.0,1,"1309 St Johns Bluff Rd N # b 106, Jacksonville, FL 32225, USA"
Jacksonville,Avondale Jacksonville FL,Accountants,Cowart & Land Tax Service,,5.0,1,"4575 St Johns Ave, Jacksonville, FL 32210, USA"
Jacksonville,Fleming Island FL,Pest control,THE ELECTRIC MAN LLC,,,0,"2018 Lulu Ct, Green Cove Springs, FL 32043, USA"
Lakeland,Lake Morton Lakeland FL,Remodelers,Lake Morton,,4.7,140,"Lake Morton, Lakeland, FL 33801, USA"
Lakeland,Downtown Lakeland FL,Roofers,Lakeland Roofing Installation,,4.9,37,"3823 Old Salem Rd, Lakeland, FL 33811, USA"
Lakeland,Lake Wales FL,Plumbers,Indoor Comfort Solutions,,4.9,24,"2812 FL-60, Lake Wales, FL 33898, USA"
Lakeland,Auburndale FL,Cleaning companies,Tidy n Shine Independent Cleaning Service,,5.0,15,"150 Abundant Life Dr, Auburndale, FL 33823, USA"
Lakeland,Auburndale FL,Pest control,ZeroBug Pest Control,,4.9,13,"407 Magnolia Ave, Auburndale, FL 33823, USA"
Lakeland,Lake Wales FL,Landscapers,Lexon Outdoor,,5.0,13,"43 Chelette Manor, Lake Wales, FL 33898, USA"
Lakeland,Lake Wales FL,Plumbers,"Prestige Plumbing,Inc.",,4.6,7,"N Wetmore St, Lake Wales, FL 33853, USA"
Lakeland,Plant City FL,Electricians,Chambers Electric Llc,,5.0,7,"Florida 33566, USA"
Lakeland,Highland City FL,Plumbers,True Plumbers & Ac,,5.0,4,"Florida 33801, USA"
Lakeland,Auburndale FL,Remodelers,One Stop Renovations,,5.0,4,"120 Sims Rd, Auburndale, FL 33823, USA"
Lakeland,Winter Haven FL,Plumbers,Daniels Plumbing,,5.0,3,"825 Avenue Y NW, Winter Haven, FL 33881, USA"
Lakeland,Haines City FL,Landscapers,MCCORMICK'S & FAMILY'S LANDSCAPING LLC,,5.0,3,"2219 Mason Ave, Haines City, FL 33844, USA"
Lakeland,Downtown Lakeland FL,Electricians,Edison Electricians,,5.0,2,"2039 E Edgewood Dr #104, Lakeland, FL 33803, USA"
Lakeland,Bartow FL,Plumbers,Lawrence Plumbing,,5.0,2,"175 Cecile Ct, Bartow, FL 33830, USA"
Lakeland,Haines City FL,Plumbers,SPEGAL PLUMBING,,5.0,2,"31096 US-27, Haines City, FL 33844, USA"
Lakeland,Plant City FL,Electricians,Accurate Electric,,5.0,2,"3701 FL-574, Plant City, FL 33563, USA"
Lakeland,Lake Morton Lakeland FL,Electricians,PRECISION ELECTRIC,,5.0,1,"Wallace Ct, Lakeland, FL 33812, USA"
Lakeland,Mulberry FL,Pest control,R&O Pest Control,,,0,"FL-60, Mulberry, FL 33860, USA"
Lakeland,Davenport FL,Pest control,Alpha Termite & Pest Control,,,0,"290 Captain Hook Way, Davenport, FL 33837, USA"
Lakeland,Davenport FL,Remodelers,"Ski Remodeling And Design Services, Llc",,,0,"312 North Blvd W, Davenport, FL 33837, USA"
Orlando,Lake Nona Orlando FL,Electricians,Orlando Electrician Pros,,,0,"11247 History Ave, Orlando, FL 32832, USA"
Tampa,Ybor City Tampa FL,Landscapers,Crisspoint Landscaping,,5.0,1,"3517 E 7th Ave, Tampa, FL 33605, USA"
