source_csv,city,area,industry,name,phone,website,has_website,rating,review_count,address,place_id,pipeline_stage,fake_tier,http_status,redirect_url,response_ms,has_ssl,priority_score,tech_score,tech_issues
FINAL_TARGET_REVAMP_LIST,Jacksonville,Mandarin Jacksonville FL,Accountants,Our Bookkeepers Inc,(904) 425-1238,http://www.ourbookkeepers.com/,Yes,5.0,429,"13500 Beach Blvd #45, Jacksonville, FL 32224, USA",ChIJkc_Dym3J5YgRrFEPQ6vUQJM,weak_site,,200,https://www.ourbookkeepers.com/,2318,False,85.0,3,Fetch Failed (Timeout/Blocked)
FINAL_TARGET_REVAMP_LIST,Orlando,MetroWest Orlando FL,Accountants,Tax Direct Accounting Services,(407) 203-1212,http://www.taxdirectflorida.com/,Yes,4.9,160,"5787 Vineland Rd Suite 205, Orlando, FL 32819, USA",ChIJicQ5KsV-54gRaa0lwwc32L8,weak_site,,200,,547,False,85.0,3,No SSL | Not Mobile Friendly (No Viewport) | Missing Title Tag | No Contact Info Found
FINAL_TARGET_REVAMP_LIST,Orlando,Windermere FL,Roofers,Roof Pros USA,(407) 831-7663,http://www.roofprosusa.com/,Yes,4.8,135,"794 Big Tree Dr #108, Longwood, FL 32750, USA",ChIJ1_EPRnlt54gRld6RWNdSEIY,weak_site,,200,https://www.roofprosusa.com/,1224,False,85.0,3,Fetch Failed (Timeout/Blocked)
FINAL_TARGET_REVAMP_LIST,Fort Lauderdale,Davie FL,Cleaning companies,Ng solutions cleaning,(954) 306-6422,https://ngsolutionscleaning.com/,Yes,4.8,204,"4801 S University Dr # 102, Davie, FL 33328, USA",ChIJVaj5lUGo2YgRQ-YdBZNP5bg,weak_site,,200,,1051,True,85.0,3,Fetch Failed (Timeout/Blocked)
FINAL_TARGET_REVAMP_LIST,Jacksonville,Mandarin Jacksonville FL,Roofers,Benton Integrity Roofing Systems,(904) 262-7663,https://www.integrityroofingsystems.com/,Yes,4.7,90,"5570 Florida Mining Blvd S, Jacksonville, FL 32257, USA",ChIJf4IgiJfL5YgR2dgdhGBoSIY,weak_site,,200,,2471,True,80.0,3,Fetch Failed (Timeout/Blocked)
FINAL_TARGET_REVAMP_LIST,Tampa,Westshore Tampa FL,Plumbers,Granda Plumbing,(813) 599-2468,http://grandaplumbing.com/,Yes,4.9,173,"1523 W Grace St, Tampa, FL 33607, USA",ChIJ71IN79CQIacReY_T1pe6Rzo,weak_site,,200,http://www.grandaplumbing.com/,817,False,80.0,4,No SSL | Not Mobile Friendly (No Viewport) | No Contact Info Found
FINAL_TARGET_REVAMP_LIST,Jacksonville,San Marco Jacksonville FL,Electricians,Marco Heating & Air Conditioning,(904) 743-3350,http://marcocompanies.com/,Yes,4.8,346,"720 Mill Creek Rd, Jacksonville, FL 32211, USA",ChIJe7AKSmC05YgRM-iuNFjOtSI,weak_site,,200,https://marcocompanies.com/,2151,False,75.0,5,Not Mobile Friendly (No Viewport) | Missing Title Tag | No Contact Info Found
FINAL_TARGET_REVAMP_LIST,Jacksonville,Riverside Jacksonville FL,Roofers,Prime Roofing,(904) 530-1446,http://www.primeroofingfl.com/,Yes,4.9,127,"3500 Beachwood Ct Suite 207, Jacksonville, FL 32224, USA",ChIJISS5_0hK5IgR83ccMaT6huk,weak_site,,202,,909,False,75.0,5,No SSL | Not Mobile Friendly (No Viewport) | Missing Title Tag
FINAL_TARGET_REVAMP_LIST,Orlando,Oviedo FL,Roofers,Excellence Roofing Group and Construction Orlando,(407) 971-7663,http://excellencerestoration.com/,Yes,4.9,163,"1750 W Broadway St Suite 115B, Oviedo, FL 32765, USA",ChIJyyh5WQtp54gRVk8S17Hvf6c,weak_site,,202,,617,False,75.0,5,No SSL | Not Mobile Friendly (No Viewport) | Missing Title Tag
FINAL_TARGET_REVAMP_LIST,Orlando,Baldwin Park Orlando FL,Accountants,Laus Consulting Services LLC,(407) 401-9768,http://lausconsult.com/,Yes,4.9,96,"879 Outer Rd Ste B, Orlando, FL 32814, USA",ChIJW9zma-l654gRLfwFiNCYI9A,weak_site,,200,https://lausconsult.com/,571,False,73.0,5,Not Mobile Friendly (No Viewport) | Missing Title Tag | No Contact Info Found
FINAL_TARGET_REVAMP_LIST,Orlando,Lake Nona Orlando FL,Plumbers,Pro Craft Plumbing llc,(407) 792-8145,http://procraftplumbing.net/,Yes,4.9,195,"230 Courtland Blvd, Deltona, FL 32738, USA",ChIJWReYKBMW54gRTLMBKzXEeo8,decent_site,,200,,817,False,70.0,6,No SSL | Outdated Copyright (2015)
FINAL_TARGET_REVAMP_LIST,Tampa,Westshore Tampa FL,Remodelers,Tampa Bay General Contractors,(813) 335-5562,http://www.tampabaygeneralcontractors.com/,Yes,5.0,112,"4532 W Kennedy Blvd #500, Tampa, FL 33609, USA",ChIJKwBTMZ3pwogRwzDYo73RsgA,decent_site,,200,,868,False,70.0,6,No SSL | No Contact Info Found
FINAL_TARGET_REVAMP_LIST,Orlando,Baldwin Park Orlando FL,Accountants,Doris Bonnet Inc Tax & Accounting Services LLC,(407) 228-6630,https://www.dorisbonnet.com/,Yes,5.0,68,"1650 W Sand Lake Rd SUITE 245, Orlando, FL 32809, USA",ChIJtXQBhEx854gRc_7IbC0EriY,weak_site,,200,,1247,True,69.0,3,Fetch Failed (Timeout/Blocked)
FINAL_TARGET_REVAMP_LIST,Orlando,Oviedo FL,Plumbers,"Best Plumbing & Remodeling, Inc.",(407) 896-3136,http://www.bprinc.com/,Yes,4.2,94,"3097 Camp Rd, Oviedo, FL 32765, USA",ChIJx8n2IWNp54gRIhcXiGWa878,decent_site,,200,https://www.bestplumbingorlando.com/,3106,False,67.0,6,Not Mobile Friendly (No Viewport) | No Contact Info Found
FINAL_TARGET_REVAMP_LIST,Jacksonville,Mandarin Jacksonville FL,Pest control,"Remedy Pest Solutions, LLC",(904) 743-2403,http://remedypestsolutionsllc.com/,Yes,4.7,62,"10418 New Berlin Rd UNIT 111, Jacksonville, FL 32226, USA",ChIJKZ4-eJOz5YgR_IDU7y8pnQY,weak_site,,200,https://remedypestsolutionsllc.com/,2535,False,66.0,3,Fetch Failed (Timeout/Blocked)
FINAL_TARGET_REVAMP_LIST,Jacksonville,Mandarin Jacksonville FL,Roofers,Armor RoofingCompany,(904) 371-0234,http://www.armorroofingcojax.com/,Yes,5.0,52,"3885 Julington Creek Rd, Jacksonville, FL 32223, USA",ChIJ44nhWJnO5YgRSeMH9GuxySY,weak_site,,200,https://www.armorroofingcojax.com/,2502,False,61.0,3,Fetch Failed (Timeout/Blocked)
FINAL_TARGET_REVAMP_LIST,Jacksonville,Neptune Beach FL,HVAC companies,Air Doctors Heating & Cooling Inc.,(904) 230-4645,http://www.airdrs.com/,Yes,4.9,92,"7900 Baymeadows Cir E Unit 114, Jacksonville, FL 32256, USA",ChIJWXWpo6DL5YgRm6hUVcuzHTY,decent_site,,200,https://airdrs.com/,3289,False,61.0,7,Missing Title Tag | No Contact Info Found
FINAL_TARGET_REVAMP_LIST,Jacksonville,San Marco Jacksonville FL,Cleaning companies,"Wonderfully Maid Cleaning, LLC",(904) 235-6554,http://maidwonderfully.com/,Yes,4.9,225,"311 Glynlea Rd, Jacksonville, FL 32216, USA",ChIJS34KtjW15YgR4urV9rDooZQ,decent_site,,200,https://maidwonderfully.com/,1230,False,60.0,8,Outdated Copyright (2010)
FINAL_TARGET_REVAMP_LIST,Jacksonville,San Marco Jacksonville FL,HVAC companies,NorthPort Heating and Air Conditioning,(904) 438-4822,http://www.jacksonvilleacservice.com/,Yes,4.9,622,"2905 Spring Park Rd, Jacksonville, FL 32207, USA",ChIJXfx07ru15YgRP0KkNluRpLo,decent_site,,200,,1182,False,60.0,8,No SSL
FINAL_TARGET_REVAMP_LIST,Jacksonville,Ponte Vedra Beach FL,HVAC companies,Creeks Air Conditioning & Heating,(904) 780-0073,https://creeksair.com/,Yes,4.9,508,"51 Hudson Way STE 1, Ponte Vedra Beach, FL 32081, USA",ChIJde9582Uz5IgR8kqk4fVZ3e8,decent_site,,200,https://www.creeksair.com/,1665,True,60.0,8,Outdated Copyright (2016)
FINAL_TARGET_REVAMP_LIST,Jacksonville,Fleming Island FL,Plumbers,CJ Bass Plumbing Inc,(904) 838-9935,http://www.cjbassplumbing.com/,Yes,4.9,1017,"924 T.J. Courson Rd, Fernandina Beach, FL 32034, USA",ChIJU7pIypGr5YgR56YW0SlGiRE,decent_site,,200,https://cjbassplumbing.com/,2472,False,60.0,8,Outdated Copyright (2011)
FINAL_TARGET_REVAMP_LIST,Jacksonville,Fleming Island FL,Landscapers,Pat's Nursery Inc,(904) 284-2011,http://www.patsnurseryinc.com/,Yes,4.8,427,"7060 US-17, Fleming Island, FL 32003, USA",ChIJD60mZrna5YgRy-WExLN1sdc,decent_site,,200,https://www.patsnurseryinc.com/,5017,False,60.0,8,No Contact Info Found
FINAL_TARGET_REVAMP_LIST,Jacksonville,Arlington Jacksonville FL,HVAC companies,Above & Beyond Heating And Air,(904) 551-3490,http://aboveandbeyondhvacfl.com/,Yes,5.0,286,"4401 Cambridge Rd, Jacksonville, FL 32210, USA",ChIJXxic3CTP5YgRRdzfRkH8-DA,decent_site,,200,https://aboveandbeyondhvacfl.com/,1580,False,60.0,8,Outdated Copyright (2011)
FINAL_TARGET_REVAMP_LIST,Orlando,Lake Nona Orlando FL,Cleaning companies,Nona Cleaning,(407) 728-8869,https://www.lakenonacleaning.com/,Yes,5.0,127,"14146 Swanley St, Orlando, FL 32832, USA",ChIJpU6qniaAJI8RlmxCs2zL3kM,decent_site,,200,,1277,True,60.0,8,Outdated Copyright (2017)
FINAL_TARGET_REVAMP_LIST,Orlando,Thornton Park Orlando FL,Accountants,The Tax Master of Orlando,(407) 482-4041,http://www.thetaxmasterorlando.com/,Yes,4.9,169,"222 Neighborhood Market Rd #104, Orlando, FL 32825, USA",ChIJN3rcC7dl54gRO-XnoY1xZso,decent_site,,200,,703,False,60.0,8,No SSL
FINAL_TARGET_REVAMP_LIST,Orlando,Casselberry FL,Accountants,Tax Smith Enterprises LLC,(321) 444-6904,https://mytaxsmith.com/,Yes,5.0,116,"1015 FL-436 suite #205/209, Casselberry, FL 32707, USA",ChIJAUES-TFv54gRyuN9tV1pWWQ,decent_site,,200,,688,True,60.0,8,Outdated Copyright (2011)
FINAL_TARGET_REVAMP_LIST,Orlando,Casselberry FL,Pool service companies,"SeeBlu Pool Services, Incorporated- Winter Springs, FL",(407) 807-3236,http://seeblupoolservices.com/,Yes,4.9,130,"745 Sherwood Dr, Winter Springs, FL 32708, USA",ChIJv2G1HrFt54gRgk5CcRFJoRk,decent_site,,200,https://seeblupoolservices.com/,1214,False,60.0,8,Outdated Copyright (2010)
FINAL_TARGET_REVAMP_LIST,Orlando,Casselberry FL,HVAC companies,Reliance Air llc.,(407) 504-1379,http://www.relianceair.com/,Yes,5.0,275,"600 Savage Ct suite 620, Longwood, FL 32750, USA",ChIJ8VLjgY4x5IgRO2wj_OIp9nM,decent_site,,200,https://relianceair.com/,1787,False,60.0,8,Outdated Copyright (2016)
FINAL_TARGET_REVAMP_LIST,Lakeland,Downtown Lakeland FL,Plumbers,Gillum-Waddell Plumbing Co,(863) 665-6222,http://www.gwplb.com/,Yes,4.6,142,"2450 Commerce Point Dr, Lakeland, FL 33801, USA",ChIJxQwIfgA_3YgRhO7T40nRu6I,decent_site,,200,https://gwplb.com/,5197,False,60.0,8,No Contact Info Found
FINAL_TARGET_REVAMP_LIST,Lakeland,Downtown Lakeland FL,HVAC companies,Enjoy Heating & Cooling,(863) 667-3200,http://www.enjoyac.com/,Yes,4.9,180,"2229 E Main St, Lakeland, FL 33801, USA",ChIJOSGzXD0_3YgRLYBG2kE6uQM,decent_site,,200,,769,False,60.0,8,No SSL
FINAL_TARGET_REVAMP_LIST,Fort Lauderdale,Lauderdale-by-the-Sea FL,HVAC companies,Ultracool AC Heating Inc,(954) 452-8101,http://www.ultracoolair.com/,Yes,4.9,678,"10144 NW 47th St, Sunrise, FL 33351, USA",ChIJwTJHoC8G2YgRK-RC78S9Fjc,decent_site,,200,,1133,False,60.0,8,No SSL
FINAL_TARGET_REVAMP_LIST,Tampa,Brandon FL,Electricians,A Solid Connection Electrical Services of SWFL LLC,(239) 258-7382,http://asolidconnection.com/,Yes,5.0,112,"2209 Kingswood Ln, Brandon, FL 33511, USA",ChIJfRSLDTKU_gcRk_LbKSkGVJc,decent_site,,200,https://asolidconnection.com/,1591,False,60.0,8,Outdated Copyright (2010)
FINAL_TARGET_REVAMP_LIST,Jacksonville,San Marco Jacksonville FL,Electricians,Advanced Electric of North Florida,(904) 744-4446,http://www.advancedwiringservices.com/,Yes,4.6,99,"2801 Dawn Rd, Jacksonville, FL 32207, USA",ChIJjT2Kl1G25YgRwEkqpYwngxY,decent_site,,200,https://advancedwiringservices.com/,4064,False,59.5,8,No Contact Info Found
FINAL_TARGET_REVAMP_LIST,Jacksonville,Mandarin Jacksonville FL,Landscapers,Beast Mode Lawn Care,(904) 822-9476,http://beastmodelawncare.com/,Yes,4.8,96,"979 Lane Ave S, Jacksonville, FL 32205, USA",ChIJ9RQm5tNbaGERNjOe2UI2Gjw,decent_site,,200,https://beastmodelawncare.com/,1770,False,58.0,8,Outdated Copyright (2012)
FINAL_TARGET_REVAMP_LIST,Fort Lauderdale,Plantation FL,Roofers,Ricketts Roofing And Construction,(954) 588-5670,http://www.rickettsconstruction.com/,Yes,4.7,96,"4987 N University Dr #17, Lauderhill, FL 33351, USA",ChIJE6hXJN0F2YgREVemKWAhVCk,decent_site,,200,https://rickettsconstruction.com/,3229,False,58.0,8,No Contact Info Found
FINAL_TARGET_REVAMP_LIST,Fort Lauderdale,Coral Springs FL,Remodelers,Home Design and Repair,(954) 372-1232,http://www.homedesignandrepair.com/,Yes,4.9,62,"4613 N University Dr #185, Coral Springs, FL 33067, USA",ChIJIzPl88Ua2YgRtrlEjUszuW8,weak_site,,202,,700,False,56.0,5,No SSL | Not Mobile Friendly (No Viewport) | Missing Title Tag
FINAL_TARGET_REVAMP_LIST,Orlando,Thornton Park Orlando FL,Roofers,Orlando Roof Tech,(407) 809-7663,http://www.orlandorooftech.com/,Yes,5.0,81,"5036 Dr Phillips Blvd #238, Orlando, FL 32819, USA",ChIJEbUF9YJ_54gR6WxKwW7YlAM,decent_site,,200,https://orlandorooftech.com/,2363,False,55.5,7,Missing Title Tag | No Contact Info Found
FINAL_TARGET_REVAMP_LIST,Lakeland,Plant City FL,Roofers,Prattco Roofing,(813) 973-4771,http://www.prattcoroofing.com/,Yes,4.7,89,"2400 Airport Rd #2, Plant City, FL 33563, USA",ChIJb0HZhRU03YgRbghk2pH0Y4k,decent_site,,200,http://prattcoroofing.com/,1251,False,54.5,8,No SSL
FINAL_TARGET_REVAMP_LIST,Orlando,MetroWest Orlando FL,Roofers,OnPoint Roofing LLC,(321) 666-5819,https://onpointroofingfl.com/,Yes,5.0,38,"2295 S Hiawassee Rd, Orlando, FL 32835, USA",ChIJrUq15Cd554gRarQd6hBnyDk,weak_site,,200,,2335,True,54.0,3,Fetch Failed (Timeout/Blocked)
FINAL_TARGET_REVAMP_LIST,Lakeland,Plant City FL,Pest control,"All Pro Wildlife, LLC",(813) 404-7033,http://www.tampaanimalcontrol.com/,Yes,4.8,67,"1308 N Ferrell St, Plant City, FL 33563, USA",ChIJR99Ey9Q13YgR2rjoPFWigqQ,decent_site,,200,,592,False,53.5,6,No SSL | Not Mobile Friendly (No Viewport)
FINAL_TARGET_REVAMP_LIST,Jacksonville,San Marco Jacksonville FL,HVAC companies,Noble Heating & Air,(904) 413-8020,http://nobleheatingairservices.com/,Yes,5.0,392,"8825 Perimeter Park Blvd ste 201, Jacksonville, FL 32216, USA",ChIJI79UHNfoXQ0R_8FVnEjYqK8,decent_site,,200,https://nobleheatingairservices.com/,902,False,50.0,10,
FINAL_TARGET_REVAMP_LIST,Orlando,Windermere FL,Accountants,More Than Taxes Online,(352) 663-9144,http://morethantaxesonline.com/,Yes,4.8,103,"9100 Conroy Windermere Rd Suite 200, Windermere, FL 34786, USA",ChIJeVuJJMSI54gRCwuqy6ti8ss,decent_site,,200,https://morethantaxesonline.com/,4212,False,50.0,10,
FINAL_TARGET_REVAMP_LIST,Orlando,Maitland FL,Electricians,Florida Energy Water & Air,(407) 523-0775,http://myfewa.com/,Yes,4.7,6775,"500 Winderley Pl suite 300, Maitland, FL 32751, USA",ChIJ505FqzR354gRgMxQjDu_7GI,decent_site,,200,https://www.myfewa.com/,517,False,50.0,10,
FINAL_TARGET_REVAMP_LIST,Orlando,Altamonte Springs FL,Cleaning companies,3LM Roof Cleaning & Exterior Pressure Washing,(407) 900-8966,http://3lmroofcleaningorlando.com/,Yes,4.9,436,"865 Francis St, Altamonte Springs, FL 32701, USA",ChIJM3O7dh9y54gRBNOJTvId_Ow,decent_site,,200,https://www.3lmroofcleaningorlando.com/,2613,False,50.0,10,
FINAL_TARGET_REVAMP_LIST,Orlando,Casselberry FL,HVAC companies,"Gembecki Mechanical Services, Inc.",(407) 695-6646,http://www.gembecki.com/,Yes,4.8,357,"1311 Seminola Blvd, Casselberry, FL 32707, USA",ChIJ2yiNxtht54gRhyid-v-AfeM,decent_site,,200,https://www.gembecki.com/,2166,False,50.0,10,
FINAL_TARGET_REVAMP_LIST,Lakeland,Downtown Lakeland FL,Plumbers,Curry & Co Plumbing Inc,(863) 644-0061,http://curryplumbing.com/,Yes,4.7,113,"950 W Beacon Rd, Lakeland, FL 33803, USA",ChIJzSLZmNg43YgRHjsREq2R_9w,decent_site,,200,https://curryplumbing.com/,4763,False,50.0,10,
FINAL_TARGET_REVAMP_LIST,Lakeland,Lake Morton Lakeland FL,HVAC companies,Thorpe Heating & Cooling,(863) 858-2577,http://thorpeac.com/,Yes,4.6,359,"8402 US Hwy 98 N, Lakeland, FL 33809, USA",ChIJwTWzUp9G3YgRG1EaawB7TK4,decent_site,,200,https://thorpeac.com/,1614,False,50.0,10,
FINAL_TARGET_REVAMP_LIST,Lakeland,Winter Haven FL,HVAC companies,RTC Heating & Air Conditioning,(352) 901-8733,http://www.rtchvac.com/,Yes,5.0,132,"280 Oleander St, Winter Haven, FL 33881, USA",ChIJH7xhZXsMhU8RuTFzoB9CkaI,decent_site,,200,https://rtchvac.com/,3067,False,50.0,10,
FINAL_TARGET_REVAMP_LIST,Lakeland,Haines City FL,Pest control,Haynes Pest Control Inc,(863) 382-2272,http://www.haynespestcontrol.com/,Yes,4.8,162,"393 County Rd 17A W STE2, Avon Park, FL 33825, USA",ChIJz1WZx-1X3IgRmDFy2ZNvKiw,decent_site,,200,https://haynespestcontrol.com/,671,False,50.0,10,
FINAL_TARGET_REVAMP_LIST,Fort Lauderdale,Las Olas Fort Lauderdale FL,Cleaning companies,Maid For You Cleaning,(954) 677-7900,http://www.maidforyoucleaning.com/,Yes,4.8,138,"1001 NW 62nd St Ste 302W, Fort Lauderdale, FL 33309, USA",ChIJr7LQFrkD2YgRtx966_fkEDM,decent_site,,200,https://maidforyoucleaning.com/,4565,False,50.0,10,
FINAL_TARGET_REVAMP_LIST,Fort Lauderdale,Rio Vista Fort Lauderdale FL,Electricians,Elekron Electric Inc,(786) 423-5230,http://www.elekronelectric.com/,Yes,5.0,231,"2332 Galiano St Second Floor, Coral Gables, FL 33134, USA",ChIJ3xpi3L232YgRgtKQ59YyICk,decent_site,,200,https://www.elekronelectric.com/,1648,False,50.0,10,
FINAL_TARGET_REVAMP_LIST,Fort Lauderdale,Davie FL,HVAC companies,Genesis Air Mechanical Inc,(305) 965-1316,http://genesisairmechanical.com/,Yes,5.0,106,"13762 W State Rd 84 Ste 194, Davie, FL 33325, USA",ChIJK-qJtxyn2YgRr5r0q7LCnrY,decent_site,,200,https://genesisairmechanical.com/,127,False,50.0,10,
FINAL_TARGET_REVAMP_LIST,Orlando,Winter Park FL,Accountants,General Tax Business LLC,(407) 406-4068,http://www.generaltaxbusiness.com/,Yes,5.0,118,"3015 Aloma Ave STE. B, Winter Park, FL 32792, USA",ChIJbS0oxhtv54gRhlXC8ueV2vc,decent_site,,200,https://generaltaxbusiness.com/,8416,False,50.0,10,
FINAL_TARGET_REVAMP_LIST,Orlando,MetroWest Orlando FL,Roofers,His and Hers Construction,(407) 203-4825,http://www.hhroofs.com/,Yes,4.8,1625,"515 18th St, Orlando, FL 32805, USA",ChIJCxk2B25754gReiXahkicSKA,decent_site,,200,https://hisandhersroof.com/,6230,False,50.0,10,
FINAL_TARGET_REVAMP_LIST,Orlando,Dr. Phillips Orlando FL,Accountants,Prithi Daswani CPA PL,(407) 218-5921,http://prithidaswani.com/,Yes,4.8,59,"6735 Conroy Windermere Rd, Orlando, FL 32835, USA",ChIJI7lgSCp_54gRE_Vw53gp4yA,decent_site,,200,https://prithidaswani.com/,1693,False,49.5,6,Not Mobile Friendly (No Viewport) | No Contact Info Found
FINAL_TARGET_REVAMP_LIST,Lakeland,Plant City FL,Electricians,Second Opinion Electric,(813) 716-6020,http://www.secondopinionelectric.com/,Yes,5.0,99,"2703 Auburn Ave W, Tampa, FL 33614, USA",ChIJVyLDOxnDGGAR9YrqgYvU5s0,decent_site,,200,https://secondopinionelectric.com/,2967,False,49.5,10,
FINAL_TARGET_REVAMP_LIST,Tampa,Land O Lakes FL,HVAC companies,Santos A/C and Plumbing,(813) 376-3985,http://santosactampa.com/,Yes,4.9,96,"18505 Hanna Rd, Lutz, FL 33549, USA",ChIJnQpk29i7wogRY75xrB_jucw,decent_site,,200,https://santosactampa.com/,1941,False,48.0,10,
FINAL_TARGET_REVAMP_LIST,Fort Lauderdale,Pompano Beach FL,HVAC companies,"Elite Air Conditioning & Construction, llc",(954) 304-7255,https://www.eliteairpros.com/,Yes,5.0,54,"509 NW 36th Ave, Pompano Beach, FL 33069, USA",ChIJ7_Ll8D8D2YgRVjo99871NKo,decent_site,,200,http://www.eliteairpros.com/cgi-sys/suspendedpage.cgi,2236,True,47.0,6,No SSL | No Contact Info Found
FINAL_TARGET_REVAMP_LIST,Lakeland,Plant City FL,Accountants,Servi-Todo Inc.,(813) 717-7795,https://servitodo.net/,Yes,4.6,72,"712 W Dr Martin Luther King Jr Blvd, Plant City, FL 33563, USA",ChIJ0X8BrlQ13YgRcHD2ldg8eBY,decent_site,,200,,697,True,46.0,8,Outdated Copyright (2010)
FINAL_TARGET_REVAMP_LIST,Lakeland,Davenport FL,Accountants,"Moorhead Patterson & Company, P.C.",(563) 388-4744,http://www.moorheadcpa.com/,Yes,5.0,22,"3910 Lillie Ave, Davenport, IA 52806, USA",ChIJk-SiCCc14ocR1go1K7MrgpA,weak_site,,200,https://www.moorheadcpa.com/,3254,False,46.0,3,Fetch Failed (Timeout/Blocked)
FINAL_TARGET_REVAMP_LIST,Jacksonville,Riverside Jacksonville FL,Pest control,Rivers Pest Control,(904) 737-1911,https://riverspestcontrol.com/,Yes,3.8,71,"5710 Summerall Rd, Jacksonville, FL 32216, USA",ChIJVTqCagS25YgRVcnQI7wMFkk,decent_site,,200,,2548,True,45.5,8,Outdated Copyright (2018)
FINAL_TARGET_REVAMP_LIST,Tampa,Westshore Tampa FL,Remodelers,"ATi Services of Tampa 👍 Kitchen Remodeler, Bathroom Remodeling & General Contractor",(813) 350-7863,http://www.atiservicesoftampa.com/,Yes,4.8,91,"3030 N Rocky Point Dr W Suit #150, Tampa, FL 33607, USA",ChIJpzysktDpwogRt-W4KfRBteM,decent_site,,200,https://atiservicesoftampa.com/,1036,False,45.5,10,
FINAL_TARGET_REVAMP_LIST,Orlando,Oviedo FL,Remodelers,ManfredoDesigns LLC,(407) 754-7490,http://www.manfredodesigns.com/,Yes,5.0,20,"1641 Smithfield Way #1209, Oviedo, FL 32765, USA",ChIJlfN9Z5dr54gR34CRsOcOF7A,weak_site,,200,https://manfredodesigns.com/,5151,False,45.0,3,Fetch Failed (Timeout/Blocked)
FINAL_TARGET_REVAMP_LIST,Fort Lauderdale,Davie FL,Plumbers,Davie Plumbing and Supply,(954) 434-7477,http://www.davieplumbingandsupply.com/,Yes,4.5,69,"5911 S University Dr, Davie, FL 33328, USA",ChIJNS49X16o2YgRm_alVxIpY04,decent_site,,200,https://www.davieplumbingandsupply.com/,1647,False,44.5,8,Not Mobile Friendly (No Viewport)
FINAL_TARGET_REVAMP_LIST,Jacksonville,Mandarin Jacksonville FL,Remodelers,Urban Green Energy Remodeling,(904) 561-9827,http://www.ugreenenergy.com/,Yes,4.9,27,"Ballastone Dr, Jacksonville, FL 32257, USA",ChIJoYIHvbXJ5YgRAN4VdQNHEns,weak_site,,200,,828,False,43.5,4,No SSL | Not Mobile Friendly (No Viewport) | No Contact Info Found
FINAL_TARGET_REVAMP_LIST,Fort Lauderdale,Coral Ridge Fort Lauderdale FL,Electricians,"Customer 1st Electric, LLC",(954) 340-5668,http://www.customer1stelectric.com/,Yes,5.0,86,"4613 N University Dr #439, Coral Springs, FL 33067, USA",ChIJB72rfbka2YgRdzTQsoZVIkc,decent_site,,200,https://customer1stelectric.com/,1654,False,43.0,10,
FINAL_TARGET_REVAMP_LIST,Tampa,Palma Ceia Tampa FL,Pool service companies,BlueLaguna Pool Service,(813) 447-5391,http://www.bluelagunapoolservice.com/,Yes,4.6,66,"5433 Baywater Dr, Tampa, FL 33615, USA",ChIJqfFX7ePpwogRdiEYR6pjKcg,decent_site,,200,https://bluelagunapoolservice.com/,1896,False,43.0,8,No Contact Info Found
FINAL_TARGET_REVAMP_LIST,Orlando,Winter Garden FL,Landscapers,G & Anthony Maintenance,(407) 394-3258,http://www.ganthonylandscape.com/,Yes,4.8,45,"236 E Cypress St, Winter Garden, FL 34787, USA",ChIJ8UvJawuD54gRc2cAnW7_WOA,decent_site,,200,,555,False,42.5,6,No SSL | Not Mobile Friendly (No Viewport)
FINAL_TARGET_REVAMP_LIST,Fort Lauderdale,Las Olas Fort Lauderdale FL,Landscapers,Timber Trees Landscaping tree service,(754) 304-1442,http://timberlandscaping.us/,Yes,5.0,33,"2881 E Oakland Park Blvd unit #410, Fort Lauderdale, FL 33306, USA",ChIJS4rAxK-cYU4RxM_jwkPrtr0,weak_site,,200,https://timberlandscaping.us/,1847,False,41.5,5,Not Mobile Friendly (No Viewport) | Missing Title Tag | No Contact Info Found
FINAL_TARGET_REVAMP_LIST,Lakeland,Plant City FL,Accountants,Raulerson Castillo & Company,(813) 752-6604,http://www.rcwcpas.com/,Yes,4.3,10,"1907 S Alexander St #2, Plant City, FL 33566, USA",ChIJo0u2ABA03YgRB7C0KNQDA34,weak_site,,200,https://www.rcwcpas.com/,2739,False,40.0,3,Fetch Failed (Timeout/Blocked)
FINAL_TARGET_REVAMP_LIST,Orlando,College Park Orlando FL,Accountants,GRA CPA,(877) 455-3055,http://www.orlandotaxfirm.com/,Yes,4.9,59,"35 W Pine St #220, Orlando, FL 32801, USA",ChIJvXV0Uv5654gRda8kvbsyZyg,decent_site,,200,https://orlandotaxfirm.com/,2128,False,39.5,8,No Contact Info Found
FINAL_TARGET_REVAMP_LIST,Tampa,Palma Ceia Tampa FL,Landscapers,Palmera Landscaping,(813) 624-0135,http://www.palmeralandscapingfl.com/,Yes,5.0,9,"9004 Hickory Cir, Tampa, FL 33615, USA",ChIJ0T7C4B7rwogRV4jRGwzTk1A,weak_site,,200,,2085,False,39.5,3,Fetch Failed (Timeout/Blocked)
FINAL_TARGET_REVAMP_LIST,Tampa,Westshore Tampa FL,Accountants,"Felix Blanco, CPA",(813) 343-3863,http://www.felixblancocpa.com/,Yes,5.0,36,"13059 W Linebaugh Ave #102, Tampa, FL 33626, USA",ChIJTUU0yXjrwogR7TNaHzAmrN0,decent_site,,200,,928,False,38.0,6,No SSL | Not Mobile Friendly (No Viewport)
FINAL_TARGET_REVAMP_LIST,Lakeland,Auburndale FL,Accountants,"Moore & Associates, CPA's",(863) 294-7772,http://www.moorecpa.net/,Yes,5.0,4,"567 Ave K SE, Winter Haven, FL 33880, USA",ChIJsXV5buES3YgRPVp3WeGDHIM,weak_site,,200,https://www.moorecpa.net/,1903,False,37.0,3,Fetch Failed (Timeout/Blocked)
FINAL_TARGET_REVAMP_LIST,Fort Lauderdale,Cypress Creek Fort Lauderdale FL,Remodelers,Bickoff Construction,(561) 629-2622,http://bickoffconstruction.com/,Yes,5.0,14,"500 N Andrews Ave #657, Fort Lauderdale, FL 33301, USA",ChIJcbp0TEUm2YgRbezbIwYenjw,weak_site,,200,,967,False,37.0,4,No SSL | Not Mobile Friendly (No Viewport) | No Contact Info Found
FINAL_TARGET_REVAMP_LIST,Jacksonville,Deerwood Jacksonville FL,Electricians,Miller Electric Company,(904) 388-8000,http://www.mecojax.com/,Yes,4.3,73,"6805 Southpoint Pkwy, Jacksonville, FL 32216, USA",ChIJ0WaqIH235YgRr3kS9QZCBk8,decent_site,,200,https://mecojax.com/,3799,False,36.5,10,
FINAL_TARGET_REVAMP_LIST,Orlando,Winter Park FL,Accountants,MKA | CPAs & Advisors (Moss Krusick & Assoc),(407) 644-5811,http://mosskrusick.com/,Yes,4.5,22,"501 S New York Ave #100, Winter Park, FL 32789, USA",ChIJhRQ4yA9w54gRoyt1glw_eWI,weak_site,,200,https://mosskrusick.com/,1888,False,36.0,5,Not Mobile Friendly (No Viewport) | Missing Title Tag | No Contact Info Found
FINAL_TARGET_REVAMP_LIST,Jacksonville,Springfield Jacksonville FL,Accountants,Jack Meeks CPAs LLC,(904) 346-0046,http://www.jackmeekscpa.com/,Yes,5.0,1,"1354 N Laura St, Jacksonville, FL 32206, USA",ChIJQVN7DSW35YgRR7XiJKxSIeo,weak_site,,200,https://jackmeekscpa.com/,4961,False,35.5,3,Fetch Failed (Timeout/Blocked)
FINAL_TARGET_REVAMP_LIST,Orlando,Maitland FL,Accountants,Elise Palmieri CPA PLLC,(407) 672-1120,http://epvirtualcpa.com/,Yes,5.0,1,"457 Lake Howell Rd, Maitland, FL 32751, USA",ChIJPRcZVDNu54gR4554pE3vT2s,weak_site,,200,https://epvirtualcpa.com/,1636,False,35.5,3,Fetch Failed (Timeout/Blocked)
FINAL_TARGET_REVAMP_LIST,Lakeland,Highland City FL,Roofers,"Tyer's Roofing, Inc. Jr Tyer",(863) 858-1141,http://tyersroofing.com/,Yes,4.8,31,"11720 Bailey Rd, Kathleen, FL 33849, USA",ChIJfdV0D35F3YgRdii8nfvrTUU,decent_site,,200,http://www.tyersroofing.com/,1084,False,35.5,6,No SSL | Not Mobile Friendly (No Viewport)
FINAL_TARGET_REVAMP_LIST,Jacksonville,Mandarin Jacksonville FL,Pest control,PETITUM CORPORATION,,https://friendspestguards.site/,Yes,,0,"11111 San Jose Blvd suite 56 1014, Jacksonville, FL 32223, USA",ChIJm1V1aa7J5YgR1w-DzC8GoNo,weak_site,,200,,1269,True,35.0,3,Fetch Failed (Timeout/Blocked)
FINAL_TARGET_REVAMP_LIST,Fort Lauderdale,Deerfield Beach FL,Remodelers,Mazza Interiors,(561) 944-9887,http://www.mazzainteriors.com/,Yes,4.8,50,"37 NE 1st Terrace Suite C, Deerfield Beach, FL 33441, USA",ChIJW1sGIcTh2IgRzNo9N7jzsY4,decent_site,,200,https://www.mazzainteriors.com/,557,False,35.0,8,No Contact Info Found
FINAL_TARGET_REVAMP_LIST,Jacksonville,Arlington Jacksonville FL,Pest control,Crown Pest Control,(904) 743-1132,http://crownpestcontroljax.com/,Yes,4.1,39,"1420 Cesery Blvd, Jacksonville, FL 32211, USA",ChIJ75gmnRu05YgRkFFQlfa8q4M,decent_site,,200,,891,False,34.5,7,No SSL | Aging Site (2019)
FINAL_TARGET_REVAMP_LIST,Lakeland,Winter Haven FL,Landscapers,Landscape Rehab,(954) 595-4095,http://www.landscaperehabsf.com/,Yes,4.8,48,"1280 Lake Buckeye Rd, Winter Haven, FL 33881, USA",ChIJc046OXQB2YgRTI5C4CNY2k8,decent_site,,200,https://landscaperehabsf.com/,1701,False,34.0,8,Outdated Copyright (2010)
FINAL_TARGET_REVAMP_LIST,Fort Lauderdale,Hallandale Beach FL,Pest control,All County Environmental Services,(754) 263-3464,http://www.nomorepestsfl.com/,Yes,4.4,28,"3130 SW 19th St Suite 444, Hallandale Beach, FL 33009, USA",ChIJT9_Ek16p2YgRdPeNotgSUgA,decent_site,,200,https://www.nomorepestsfl.com/,1839,False,34.0,6,Not Mobile Friendly (No Viewport) | No Contact Info Found
FINAL_TARGET_REVAMP_LIST,Orlando,College Park Orlando FL,Cleaning companies,Morgan's Cleaning Service,(407) 625-9202,http://www.morganscleaningservice.com/,Yes,5.0,66,"3106 Fairway Ln APT 4, Orlando, FL 32804, USA",ChIJ11W6xkVl54gRyl6uHVl05TM,decent_site,,200,https://morganscleaningservice.com/,1488,False,33.0,10,
FINAL_TARGET_REVAMP_LIST,Lakeland,Highland City FL,Pest control,Bio Tech Termite & Pest,(863) 858-8995,http://www.biotechpestcontrol.com/,Yes,4.3,45,"7240 US Hwy 98 N, Lakeland, FL 33809, USA",ChIJxSiStb9G3YgRcMLnYOViDlY,decent_site,,200,https://www.biotechpestcontrol.com/,1505,False,32.5,8,Not Mobile Friendly (No Viewport)
FINAL_TARGET_REVAMP_LIST,Orlando,Dr. Phillips Orlando FL,Pool service companies,Southwest Pool Service & Repair,(407) 574-4447,http://www.southwestpool.com/,Yes,4.8,64,"8007 Addison Ct, Orlando, FL 32835, USA",ChIJU_ex1Yp454gReZSKVQoGXGk,decent_site,,200,https://southwestpool.com/,2935,False,32.0,10,
FINAL_TARGET_REVAMP_LIST,Orlando,Audubon Park Orlando FL,HVAC companies,Matt HVAC-R Services Inc,(321) 228-6140,http://www.matthvac.com/,Yes,5.0,44,"3015 Trot St, Orlando, FL 32810, USA",ChIJ0QaDQ_Zx54gRyaEKNZ-DYj0,decent_site,,200,https://matthvac.com/,1525,False,32.0,8,No Contact Info Found
FINAL_TARGET_REVAMP_LIST,Jacksonville,Oceanway Jacksonville FL,Landscapers,Danscape L.L.C.,(904) 962-2229,http://www.danscapejax.com/,Yes,4.8,23,"1015 Atlantic Blvd #299, Atlantic Beach, FL 32233, USA",ChIJF5YQP3NJ5IgRFk_fcigovOw,decent_site,,200,http://danscapejax.com/,2983,False,31.5,6,No SSL | No Contact Info Found
FINAL_TARGET_REVAMP_LIST,Lakeland,Winter Haven FL,Electricians,Marina Del Rey Heating and Air Conditioning,,http://www.mnrelectric.net/,Yes,4.4,23,"701 6th St SW suite a, Winter Haven, FL 33880, USA",ChIJZaQoIuUS3YgRTJDwnXyxJlM,decent_site,,200,https://topflightelectric.com/,1216,False,31.5,6,Not Mobile Friendly (No Viewport) | No Contact Info Found
FINAL_TARGET_REVAMP_LIST,Jacksonville,San Marco Jacksonville FL,Remodelers,"Complete Home Repair & Remodeling, LLC",(513) 594-8599,https://chrr.online/,Yes,5.0,42,"5820 Cedar Oaks Dr, Jacksonville, FL 32210, USA",ChIJZ_VtIF5gQIgRQQ-ND598bcM,decent_site,,200,,1123,True,31.0,8,Outdated Copyright (2010)
FINAL_TARGET_REVAMP_LIST,Fort Lauderdale,Coral Springs FL,Remodelers,J Hammer Home & Designs,(631) 922-3280,http://jhammerhomedesigns.com/,Yes,5.0,22,"3301 N University Dr Suite 100, Coral Springs, FL 33065, USA",ChIJExdLj076M2kRYgxj_VELBoI,decent_site,,200,https://jhammerhomedesigns.com/,2265,False,31.0,6,Outdated Copyright (2015) | No Contact Info Found
FINAL_TARGET_REVAMP_LIST,Lakeland,Lake Morton Lakeland FL,Cleaning companies,Touch of Class Dry Cleaners,(863) 413-0808,http://touchofclassdrycleaners.com/,Yes,4.7,61,"1800 Harden Blvd, Lakeland, FL 33803, USA",ChIJV1-zW9443YgRcRy9LPBOZ8c,decent_site,,200,https://touchofclassdrycleaners.com/,3428,False,30.5,10,
FINAL_TARGET_REVAMP_LIST,Fort Lauderdale,Coral Ridge Fort Lauderdale FL,Plumbers,24 Hour Plumbing,(954) 210-5008,http://24hourplumbing.org/,Yes,4.8,61,"7401 Wiles Rd, Coral Springs, FL 33067, USA",ChIJ0VwalSUb2YgRkRoVhi2bdlo,decent_site,,200,https://24hourplumbing.org/,453,False,30.5,10,
FINAL_TARGET_REVAMP_LIST,Jacksonville,Fleming Island FL,Pest control,Amarro Pest Termite WDO,(904) 501-8410,http://amarropest.com/,Yes,4.9,60,"3384 Canyon Falls Dr, Green Cove Springs, FL 32043, USA",ChIJ23Dq-d92m0oRdqfQ-5mAcRE,decent_site,,200,https://www.amarropest.com/,2280,False,30.0,10,
FINAL_TARGET_REVAMP_LIST,Lakeland,Downtown Lakeland FL,Landscapers,Gilileo's Landscaping Service,(863) 254-1147,http://www.gilileoslandscapingservice.com/,Yes,4.7,49,"409 Oak Trail, Lakeland, FL 33813, USA",ChIJD5If4gI43YgRNWEZKkMlezw,decent_site,,200,https://gilileoslandscapingservice.com/,3114,False,29.5,9,Aging Site (2019)
FINAL_TARGET_REVAMP_LIST,Lakeland,Downtown Lakeland FL,Remodelers,"Mayfield Construction, Inc.",(863) 646-7995,http://www.builtbymayfield.com/,Yes,5.0,8,"2225 E Edgewood Dr #5, Lakeland, FL 33803, USA",ChIJnc-83Tg83YgRtQnu7iwbg9E,weak_site,,200,https://builtbymayfield.com/,2160,False,29.0,5,Not Mobile Friendly (No Viewport) | Missing Title Tag | No Contact Info Found
FINAL_TARGET_REVAMP_LIST,Lakeland,Plant City FL,Roofers,Jenkins Roofing Tampa Inc.,(813) 321-3700,http://jenkinsroofingtampa.com/,Yes,5.0,18,"2402 W Baker St, Plant City, FL 33563, USA",ChIJvXFEDAW6mC8RjaTUAVUials,decent_site,,200,https://jenkinsroofingtampa.com/,3950,False,29.0,6,Not Mobile Friendly (No Viewport) | No Contact Info Found
FINAL_TARGET_REVAMP_LIST,Lakeland,Downtown Lakeland FL,Cleaning companies,"Mel's Cleaning Service, Inc.",(863) 666-8913,http://www.melscleaningandfloors.com/,Yes,4.8,34,"6323 Tocobega Dr, Lakeland, FL 33813, USA",ChIJMb8nslU-3YgRIGU_Vil7dgM,decent_site,,200,https://melscleaningandfloors.com/,1867,False,27.0,8,Outdated Copyright (2010)
FINAL_TARGET_REVAMP_LIST,Lakeland,Davenport FL,Landscapers,"Chris Lawn Care Services, LLC",(321) 330-5067,http://www.chrislawncareservices.com/,Yes,4.5,23,"322 Pentas Ln, Haines City, FL 33844, USA",ChIJFyFGRlhx3YgRROYqhcKZ_H8,decent_site,,200,https://www.chrislawncareservices.com/,1527,False,26.5,7,Not Mobile Friendly (No Viewport) | Missing Title Tag
FINAL_TARGET_REVAMP_LIST,Fort Lauderdale,Hallandale Beach FL,Electricians,Benchmark Electric,(786) 752-5007,https://www.benchmarkelectricians.com/,Yes,4.6,13,"1391 NE 161st St, North Miami Beach, FL 33162, USA",ChIJ28VvlcOt2YgRnK5Q8sW19V4,decent_site,,200,,943,True,26.5,6,Outdated Copyright (2011) | No Contact Info Found
FINAL_TARGET_REVAMP_LIST,Jacksonville,San Marco Jacksonville FL,Accountants,Jack and Dot Taxes & Accounting,(904) 647-4512,http://www.jackndot.com/,Yes,5.0,22,"1016 Lasalle St 1st Floor, Jacksonville, FL 32207, USA",ChIJQ1KiKwi35YgRxo4dbGv3hLM,decent_site,,200,https://www.jackndot.com/,1172,False,26.0,7,Missing Title Tag | No Contact Info Found
FINAL_TARGET_REVAMP_LIST,Orlando,College Park Orlando FL,Landscapers,Land Art Landscape Architecture,(407) 484-6099,http://www.landartla.com/,Yes,4.1,32,"754 Ellwood Ave, Orlando, FL 32804, USA",ChIJZUF100R654gRqneE3pj6YIU,decent_site,,200,https://www.landartla.com/,1413,False,26.0,8,Not Mobile Friendly (No Viewport)
FINAL_TARGET_REVAMP_LIST,Lakeland,Bartow FL,Pest control,Keith's Pest Control Inc,(863) 533-6231,http://keithpest.com/,Yes,4.7,12,"1700 N Park Ave, Bartow, FL 33830, USA",ChIJM-TUeLYX3YgRqAxDgbgY-6g,decent_site,,200,,580,False,26.0,6,No SSL | Not Mobile Friendly (No Viewport)
FINAL_TARGET_REVAMP_LIST,Orlando,Oviedo FL,Accountants,"The Kozlowski CPA Firm, LLC",(407) 381-4432,http://www.kozlowskicpa.com/,Yes,4.5,31,"3505 Lake Lynda Dr, Orlando, FL 32817, USA",ChIJgdbLxhNl54gRLDnGv7d1luQ,decent_site,,200,https://kozlowskicpa.com/,1561,False,25.5,8,Outdated Copyright (2016)
FINAL_TARGET_REVAMP_LIST,Jacksonville,Ortega Jacksonville FL,Electricians,Cortes Electric Inc,(904) 451-9398,http://cortesec.com/,Yes,,0,"3384 Philips Hwy, Jacksonville, FL 32207, USA",ChIJDTWTqxC25YgRx4yVOqmrnAE,weak_site,,202,,927,False,25.0,5,No SSL | Not Mobile Friendly (No Viewport) | Missing Title Tag
FINAL_TARGET_REVAMP_LIST,Lakeland,Haines City FL,Cleaning companies,Fresh Coat Pressure Washing,(863) 624-4677,http://www.freshcoatservicesfl.com/,Yes,5.0,50,"202 Barrington Dr, Haines City, FL 33844, USA",ChIJEQ94Cn_F-yERbdgMOp_kVCY,decent_site,,200,https://freshcoatservicesfl.com/,266,False,25.0,10,
FINAL_TARGET_REVAMP_LIST,Fort Lauderdale,Victoria Park Fort Lauderdale FL,Plumbers,Veteran's Plumbing Inc,(954) 497-2300,http://emergencyplumbingfortlauderdale.com/,Yes,4.3,17,"3020 NW 23rd Ave, Oakland Park, FL 33311, USA",ChIJ0alQ3EQB2YgRc-3FV3qj_xo,decent_site,,200,https://emergencyplumbingfortlauderdale.com/,4498,False,23.5,7,Missing Title Tag | No Contact Info Found
FINAL_TARGET_REVAMP_LIST,Tampa,Palma Ceia Tampa FL,Accountants,Alvarez Company PA CPA Firm,(813) 938-2400,http://www.alvarezcpa.com/,Yes,4.6,7,"605 Apollo Beach Blvd, Apollo Beach, FL 33572, USA",ChIJMS4qnMjZwogR4inPh1Oy4Ag,decent_site,,200,,917,False,23.5,6,No SSL | Not Mobile Friendly (No Viewport)
FINAL_TARGET_REVAMP_LIST,Fort Lauderdale,Plantation FL,Roofers,Best Top Roofing,(954) 465-0600,http://bestoproofing.com/,Yes,4.9,46,"10641 NW 5th St, Plantation, FL 33324, USA",ChIJQUKvNcwJ2YgRthdr4lq3W6I,decent_site,,200,https://bestoproofing.com/,4518,False,23.0,10,
FINAL_TARGET_REVAMP_LIST,Orlando,Maitland FL,Electricians,"Electric Service Group, LLC",(407) 862-1901,http://www.esgflorida.com/,Yes,3.2,5,"1010 Bunnell Rd, Altamonte Springs, FL 32714, USA",ChIJ93Qh8jVx54gRIhbjZ-H4qwE,decent_site,,200,,511,False,22.5,6,No SSL | Not Mobile Friendly (No Viewport)
FINAL_TARGET_REVAMP_LIST,Tampa,Palma Ceia Tampa FL,Accountants,CEV Services,(813) 930-8015,http://cevtaxes.com/,Yes,4.2,5,"4603 N Armenia Ave, Tampa, FL 33603, USA",ChIJGfmQ7lDBwogRqGzByzNJY5Y,decent_site,,200,https://cevtaxes.com/,2844,False,22.5,6,Not Mobile Friendly (No Viewport) | No Contact Info Found
FINAL_TARGET_REVAMP_LIST,Jacksonville,San Marco Jacksonville FL,Remodelers,Smarter Remodeling,(904) 647-2340,http://www.generalcontractorjax.com/,Yes,4.5,44,"9218 Cypress Green Dr, Jacksonville, FL 32256, USA",ChIJFWndYVrK5YgRGjl3tKbw-qk,decent_site,,200,https://generalcontractorjax.com/,3969,False,22.0,10,
FINAL_WEBSITE_TECHNICAL_TARGET_LIST,Lakeland,Mulberry FL,Pest control,Home Protection Pest Control,(813) 757-6752,https://homepropestcontrol.com/,Yes,5.0,34,"4462 Coachwood Ln, Mulberry, FL 33860, USA",ChIJw9izyac73YgRBfvAiteAAMc,decent_site,,200,,1359,True,22.0,9,Aging Site (2019)
FINAL_TARGET_REVAMP_LIST,Lakeland,Lake Wales FL,Electricians,Estes Electric Inc,(863) 676-5437,http://esteselectricinc.com/,Yes,5.0,4,"1356 FL-60 E, Lake Wales, FL 33853, USA",ChIJuyEOfygJ3YgR2pGBzJeC62M,decent_site,,200,,584,False,22.0,6,No SSL | Not Mobile Friendly (No Viewport)
FINAL_TARGET_REVAMP_LIST,Lakeland,Plant City FL,Landscapers,"Lawn Medic Landscaping & Irrigation, LLC",(813) 957-8020,http://www.lawnmedicland.com/,Yes,3.9,24,"4827 Beauchamp Rd, Plant City, FL 33563, USA",ChIJyzYaYvs03YgRKFFVs2p8LQg,decent_site,,200,,603,False,22.0,8,No SSL
FINAL_TARGET_REVAMP_LIST,Orlando,College Park Orlando FL,Landscapers,Maintain Landscaping,(407) 826-1248,http://maintainlandscaping.com/,Yes,3.7,3,"1050 W Robinson St, Orlando, FL 32805, USA",ChIJyyZOtnhv54gRNArdH_ql9UQ,decent_site,,200,http://www.maintainlandscaping.com/,2423,False,21.5,6,No SSL | No Contact Info Found
FINAL_TARGET_REVAMP_LIST,Lakeland,Downtown Lakeland FL,Electricians,Atline Electric Services,(863) 282-1465,http://www.atlineelectric.com/,Yes,5.0,13,"113 E Main St, Bartow, FL 33830, USA",ChIJuznpeG0N3YgRpk8I9WGrl0M,decent_site,,200,https://atlineelectric.com/,1901,False,21.5,7,Missing Title Tag | No Contact Info Found
FINAL_TARGET_REVAMP_LIST,Lakeland,Mulberry FL,Electricians,2 Fast 2 Repair Auto Solutions,(863) 712-9924,http://2fast2repairautosolutions.com/,Yes,5.0,13,"1525 N Church Ave, Mulberry, FL 33860, USA",ChIJs_k7yUo73YgROHA5Aoko8ok,decent_site,,200,https://www.2fast2repairautosolutions.com/,2722,False,21.5,7,Missing Title Tag | No Contact Info Found
FINAL_TARGET_REVAMP_LIST,Lakeland,Haines City FL,Accountants,E.N.E. Tax & Insurance,(863) 288-8233,https://enetaxplus.com/,Yes,4.8,22,"210 S Dixie Dr, Haines City, FL 33844, USA",ChIJK3ftipVz3YgRqw78CWDLBwM,decent_site,,200,,661,True,21.0,8,Outdated Copyright (2011)
FINAL_TARGET_REVAMP_LIST,Lakeland,Plant City FL,Remodelers,Martinsville Maintenance LLC,(813) 534-2082,http://martinsvillemaintenance.com/,Yes,5.0,11,"407 Vining St, Plant City, FL 33563, USA",ChIJm3iSOJU33YgRaixL7e6ds6E,decent_site,,200,https://www.martinsvillemaintenance.com/,2513,False,20.5,7,Not Mobile Friendly (No Viewport) | Missing Title Tag
FINAL_TARGET_REVAMP_LIST,Jacksonville,Avondale Jacksonville FL,Pest control,Wildlife Control Jacksonville FL,(904) 227-3308,http://wildlifecontroljacksonville.online/,Yes,,0,"1007 Edgewood Ave S, Jacksonville, FL 32205, USA",ChIJ-4aEDTG55YgR51p1J2ROlGg,decent_site,,200,,1004,False,20.0,6,No SSL | No Contact Info Found
FINAL_TARGET_REVAMP_LIST,Lakeland,Lake Morton Lakeland FL,Roofers,MARSHALL'S LLC ROOFING,(863) 687-1893,https://marshallsllcroofing.com/,Yes,5.0,19,"3326 W 10th St, Lakeland, FL 33810, USA",ChIJDbcF67k53YgRsyZW4ZysmOA,decent_site,,200,,662,True,19.5,8,Outdated Copyright (2006)
FINAL_TARGET_REVAMP_LIST,Lakeland,Lake Wales FL,Pest control,"Pest Tech Central, Inc.",(863) 632-4308,https://pesttechcentral.com/,Yes,5.0,19,"407 S Lake Starr Blvd, Lake Wales, FL 33898, USA",ChIJU1nYzzoL3YgR_7E3HmvBvdY,decent_site,,200,,624,True,19.5,8,Outdated Copyright (2017)
FINAL_TARGET_REVAMP_LIST,Lakeland,Plant City FL,Accountants,MONARCH TAX SOLUTIONS LLC,(813) 754-4333,http://monarchtaxsolutions.com/,Yes,4.6,19,"1003 S Alexander St STE 6B, Plant City, FL 33563, USA",ChIJR_E-uIg13YgRLNRe3XefoMA,decent_site,,200,https://monarchtaxsolutions.com/,1252,False,19.5,8,Outdated Copyright (2011)
FINAL_TARGET_REVAMP_LIST,Tampa,Hyde Park Tampa FL,Plumbers,Pipe Doctor Plumbing,(813) 797-7392,http://pipedoctorplumbingfl.com/,Yes,5.0,19,"400 N Ashley Dr Suite 1900, Tampa, FL 33602, USA",ChIJO6Fjar3-HYoRXrFNF0fe6wQ,decent_site,,200,https://pipedoctorplumbingfl.com/,1576,False,19.5,8,Outdated Copyright (2011)
FINAL_TARGET_REVAMP_LIST,Tampa,Westshore Tampa FL,Landscapers,Green & Más Landscape Services,(813) 524-7080,https://greenandmas.com/,Yes,5.0,18,"3201 W Hillsborough Ave Unit 153181, Tampa, FL 33684, USA",ChIJY9bJ6bW5rAkRO1c1qRuSw20,decent_site,,200,,1192,True,19.0,8,Outdated Copyright (2016)
FINAL_TARGET_REVAMP_LIST,Jacksonville,Riverside Jacksonville FL,Electricians,Infinity Electrical Contracting Llc,(904) 535-0507,http://www.iecjax.com/,Yes,4.7,15,"4786 Rayford St, Jacksonville, FL 32254, USA",ChIJPfteUqO45YgRjadETPrbWvA,decent_site,,200,https://www.iecjax.com/index.php,2640,False,17.5,8,Not Mobile Friendly (No Viewport)
FINAL_TARGET_REVAMP_LIST,Orlando,Winter Park FL,Accountants,McCarron Accounting & Consulting CPA's,(407) 897-7050,http://www.mccarroncpa.com/,Yes,5.0,15,"628 Ellen Dr, Winter Park, FL 32789, USA",ChIJt3MWWJZ654gR6BzK_Eg8Mqg,decent_site,,200,,505,False,17.5,8,No SSL
FINAL_TARGET_REVAMP_LIST,Orlando,Downtown Orlando FL,Roofers,"Burnes Roofing Company, LLC",(407) 446-9290,http://www.burnesroofing.com/,Yes,5.0,35,"1512 Arcadia St, Orlando, FL 32806, USA",ChIJNcvLGvOiD04RZkOjcZ4fpAo,decent_site,,200,https://burnesroofing.com/,3695,False,17.5,10,
FINAL_TARGET_REVAMP_LIST,Fort Lauderdale,Las Olas Fort Lauderdale FL,Accountants,The Original Bookkeepers LLC,(954) 600-5418,http://www.originalbookkeepers.com/,Yes,4.5,15,"1 Las Olas Cir, Fort Lauderdale, FL 33316, USA",ChIJzcjxWU4A2YgRzm7-B922QO4,decent_site,,200,http://originalbookkeepers.com/,1822,False,17.5,8,No SSL
FINAL_TARGET_REVAMP_LIST,Orlando,Oviedo FL,Remodelers,All-Time Services Design & Construction,(407) 832-1117,http://www.alltimeremodel.com/,Yes,4.4,13,"95 E Magnolia St, Oviedo, FL 32765, USA",ChIJJ1C0Ti1q54gRtqIj3ZAUDWQ,decent_site,,200,https://www.alltimeremodel.com/,948,False,16.5,8,No Contact Info Found
FINAL_TARGET_REVAMP_LIST,Lakeland,Plant City FL,Electricians,Expert Electrical Services LLC,(813) 731-2717,http://expertelectricfl.com/,Yes,5.0,32,"4802 Charlie Taylor Rd, Plant City, FL 33565, USA",ChIJ592vMaP72mYRUxn117vb6Ug,decent_site,,200,https://www.expertelectricfl.com/,1663,False,16.0,10,
FINAL_TARGET_REVAMP_LIST,Orlando,Oviedo FL,Pool service companies,"Pool Care of Oviedo, LLC",(407) 617-6309,http://poolcareoviedo.com/,Yes,5.0,31,"1006 Zachary Ct, Oviedo, FL 32765, USA",ChIJwda8oQBp54gR9asUYWPjPiM,decent_site,,200,https://www.poolcareoviedo.com/,1594,False,15.5,10,
FINAL_TARGET_REVAMP_LIST,Fort Lauderdale,Sunrise FL,Cleaning companies,FH&J GROUP Commercial cleaning and Janitorial Services,(800) 721-6132,http://fhjgroupllc.com/,Yes,5.0,11,"2081 N University Dr Suite 104, Sunrise, FL 33322, USA",ChIJz9ttCPVf9Y0RhYn6Esy7t1c,decent_site,,200,https://fhjgroupllc.com/,1216,False,15.5,8,Outdated Copyright (2006)
FINAL_TARGET_REVAMP_LIST,Lakeland,Auburndale FL,Landscapers,K&C Mendez Lawn Service LLC,(863) 279-2607,https://kcmendez.com/,Yes,4.7,10,"629 Pilaklakaha Ave, Auburndale, FL 33823, USA",ChIJs6PIwchr3YgRhTODaA1RhpI,decent_site,,200,,660,True,15.0,8,Outdated Copyright (2006)
FINAL_TARGET_REVAMP_LIST,Orlando,Casselberry FL,Electricians,Carroll's Electric Inc,(407) 767-5661,http://www.carrollselectricinc.com/,Yes,4.8,30,"1275 Bennett Dr, Longwood, FL 32750, USA",ChIJW0bGoBpy54gRoP-I7gANzuM,decent_site,,200,https://www.carrolls-electric-inc.com/,1933,False,15.0,10,
FINAL_TARGET_REVAMP_LIST,Fort Lauderdale,Wilton Manors FL,Landscapers,Top Cut Landscaping and tree service,(954) 678-7287,http://www.topcutlandscapingfl.com/,Yes,4.6,9,"999 E Oakland Park Blvd, Oakland Park, FL 33334, USA",ChIJQZuhnCwC2YgRpyO0YH_Ni6Q,decent_site,,200,http://www.topcutlandscapingfl.com/cgi-sys/suspendedpage.cgi,1253,False,14.5,8,No SSL
FINAL_TARGET_REVAMP_LIST,Jacksonville,Oceanway Jacksonville FL,Accountants,First Coast Tax & Accounting,(904) 771-1040,http://www.firstcoasttax.com/,Yes,4.5,8,"5576-2 Timuquana Rd, Jacksonville, FL 32210, USA",ChIJ9ayagHDH5YgR98ezK4FtDaw,decent_site,,200,,849,False,14.0,8,No SSL
FINAL_TARGET_REVAMP_LIST,Lakeland,Auburndale FL,Electricians,"Cassady Electric, INC.",(863) 294-2924,http://www.cassadyelectricinc.com/,Yes,4.0,28,"3535 Recker Hwy, Winter Haven, FL 33880, USA",ChIJ8Vo3_mIT3YgR-vle6ZAPXeI,decent_site,,200,https://www.cassadyelectricinc.com/,448,False,14.0,10,
FINAL_TARGET_REVAMP_LIST,Tampa,Ybor City Tampa FL,Pest control,Bugs or Us Termite & Pest Control,(813) 886-2847,https://bugsoruspestcontrol.com/,Yes,4.0,8,"1301 W Busch Blvd, Tampa, FL 33612, USA",ChIJocl5JS_HwogRHWUtMo5TBuo,decent_site,,200,,955,True,14.0,8,Outdated Copyright (2014)
FINAL_TARGET_REVAMP_LIST,Orlando,Winter Park FL,Landscapers,Landscape Resources,(407) 672-0816,http://www.landscaperesources.net/,Yes,3.9,27,"7235 Gardner St, Winter Park, FL 32792, USA",ChIJSxQ0D4Fl54gRxTT2F9m8IHM,decent_site,,200,https://landscaperesources.net/,2882,False,13.5,10,
FINAL_TARGET_REVAMP_LIST,Orlando,Winter Garden FL,Accountants,AriseOne,(407) 347-0109,http://www.ariseone.us/,Yes,5.0,7,"329 S Dillard St, Winter Garden, FL 34787, USA",ChIJfewWgYyD54gRkdM86jP7Y24,decent_site,,200,,721,False,13.5,8,No SSL
FINAL_TARGET_REVAMP_LIST,Orlando,Lake Nona Orlando FL,Remodelers,Herbross Construction,(321) 677-2115,http://www.herbross.org/,Yes,5.0,6,"6900 Tavistock Lakes Blvd Suite 400, Orlando, FL 32827, USA",ChIJi_CRTGeJ3YgRX1YT0NEzXEY,decent_site,,200,https://herbrossconstruction.com/,3347,False,13.0,8,Outdated Copyright (2010)
FINAL_TARGET_REVAMP_LIST,Lakeland,Winter Haven FL,Remodelers,"""The Winter Haven Handyman""",(863) 585-0786,http://www.thewinterhavenhandyman.com/,Yes,5.0,25,"1870 U.S. Hwy 17-92 W, Lake Alfred, FL 33850, USA",ChIJ_Rw7DgQT3YgRbPngsVG1o28,decent_site,,200,https://www.thewinterhavenhandyman.com/,1433,False,12.5,10,
FINAL_TARGET_REVAMP_LIST,Jacksonville,Ponte Vedra Beach FL,Remodelers,"Garrison Construction, Inc",(904) 219-5499,http://garrisonconstructioninc.com/,Yes,5.0,4,"3948 3rd St S #336, Jacksonville Beach, FL 32250, USA",ChIJYblD1i5J5IgR5FniGcQiupk,decent_site,,200,https://garrisonconstructioninc.com/,2522,False,12.0,8,Not Mobile Friendly (No Viewport)
FINAL_TARGET_REVAMP_LIST,Lakeland,Winter Haven FL,Roofers,EZ Roofing Systems,(863) 875-1033,http://www.ezroofingsystems.com/,Yes,4.8,24,"120 W Central Ave, Winter Haven, FL 33880, USA",ChIJ-RXUkeYS3YgRvva0zhv951Y,decent_site,,200,https://www.ezroofingsystems.com/,2338,False,12.0,10,
FINAL_TARGET_REVAMP_LIST,Fort Lauderdale,Las Olas Fort Lauderdale FL,Accountants,"Wolfe CPA & Advisors, CPA - Tax Plan",(954) 546-1626,https://cpawolfe.com/,Yes,5.0,4,"300 SE 2nd St suite 600, Fort Lauderdale, FL 33301, USA",ChIJG1EyO6sB2YgRrX2jHPNFvfs,decent_site,,200,,1036,True,12.0,8,Outdated Copyright (2011)
FINAL_TARGET_REVAMP_LIST,Jacksonville,Ponte Vedra Beach FL,Pool service companies,Bass Pools,(904) 241-6200,http://www.basspools.com/,Yes,5.0,3,"9330 Philips Hwy #1312, Jacksonville, FL 32256, USA",ChIJ3ZCVBbvL5YgRJmBGKGnSgR4,decent_site,,200,https://basspools.com/,2494,False,11.5,8,Outdated Copyright (2017)
FINAL_TARGET_REVAMP_LIST,Lakeland,Winter Haven FL,Accountants,Thomas E Jennings & Co,(863) 294-3568,http://tejcpa.com/,Yes,5.0,3,"2 Lake Howard Dr SW, Winter Haven, FL 33881, USA",ChIJY0iKZh4T3YgRtiX6ZTVieBM,decent_site,,200,,779,False,11.5,8,No SSL
FINAL_TARGET_REVAMP_LIST,Fort Lauderdale,Deerfield Beach FL,Accountants,Gilbert J D & Company CPA,(954) 419-1000,http://www.jdgilbert.com/,Yes,3.7,3,"600 W Hillsboro Blvd Suite 101, Deerfield Beach, FL 33441, USA",ChIJJWnD8Zgd2YgR9nhmZltY_Y4,decent_site,,200,,972,False,11.5,8,No SSL
FINAL_TARGET_REVAMP_LIST,Jacksonville,Ponte Vedra Beach FL,Pool service companies,Poolmasters of North Florida LLC,(904) 327-0089,http://www.poolmasterscleaning.com/,Yes,5.0,2,"425 Town Plaza Ave, Ponte Vedra Beach, FL 32081, USA",ChIJ6_fijiQx5IgRAHfiyvwT7aM,decent_site,,200,http://poolmasterscleaning.com/,2106,False,11.0,8,No SSL
FINAL_TARGET_REVAMP_LIST,Jacksonville,Neptune Beach FL,Remodelers,Renovations by Rob LLC,(904) 333-6653,https://renovationsbyrobllc.com/,Yes,5.0,2,"2558 Patsy Anne Dr, Jacksonville, FL 32207, USA",ChIJOxe65MXZvqgRrrp_StlPmno,decent_site,,200,,823,True,11.0,8,Outdated Copyright (2016)
FINAL_TARGET_REVAMP_LIST,Lakeland,Bartow FL,Accountants,Snape's Bookkeeping Services LLC,(863) 510-6183,https://www.snapesbookkeeping.com/,Yes,5.0,2,"142 Windsor Reserve Dr, Bartow, FL 33830, USA",ChIJL3wbVfFuDWkRTFlU50h3EmE,decent_site,,200,https://snapesbookkeeping.com/,1314,True,11.0,8,Outdated Copyright (2014)
FINAL_TARGET_REVAMP_LIST,Jacksonville,Ponte Vedra Beach FL,Cleaning companies,Oceantime Pressure Washing,(904) 994-0045,http://oceantimepressurewashing.com/,Yes,5.0,21,"315 Pheasant Run, Ponte Vedra Beach, FL 32082, USA",ChIJp7cPUDI25IgRPVJnOeO-55U,decent_site,,200,https://oceantimepressurewashing.com/,1867,False,10.5,10,
FINAL_TARGET_REVAMP_LIST,Fort Lauderdale,Las Olas Fort Lauderdale FL,Accountants,"Rosa M. Cohen, CPA.",(561) 866-9602,http://rmccpa1.com/,Yes,5.0,1,"8 SE 8th St 2nd Floor, Fort Lauderdale, FL 33316, USA",ChIJDVdDoFgA2YgRvuJ_kPdmvjY,decent_site,,200,,1047,False,10.5,8,No SSL
FINAL_TARGET_REVAMP_LIST,Orlando,Winter Park FL,Roofers,The Roofing Doctor,(407) 607-4856,http://www.theroofingdoctorflorida.com/,Yes,5.0,20,"941 W Morse Blvd suite 100, Winter Park, FL 32789, USA",ChIJ811LK0Vx54gRj27wpFfSO60,decent_site,,200,https://www.theroofingdoctorflorida.com/,1698,False,10.0,10,
FINAL_TARGET_REVAMP_LIST,Lakeland,Auburndale FL,Accountants,"Brynjulfson CPA, P.A.",(800) 368-3959,http://www.myfloridacpas.com/,Yes,,0,"307 Pontotoc St, Auburndale, FL 33823, USA",ChIJ9yqq57Q43YgRyvgT4sPJb1k,decent_site,,200,,867,False,10.0,8,No SSL
FINAL_TARGET_REVAMP_LIST,Lakeland,Dixieland Lakeland FL,Accountants,Hutto & Associates,(863) 607-4222,http://huttoassociates.com/,Yes,3.3,19,"842 S Missouri Ave, Lakeland, FL 33815, USA",ChIJnffSE8w43YgRVrW0A3PumMg,decent_site,,200,https://huttoassociates.com/,2121,False,9.5,10,
FINAL_TARGET_REVAMP_LIST,Fort Lauderdale,Deerfield Beach FL,Accountants,1Way Tax Services LLC,(954) 415-4516,http://www.1waytaxservices.com/,Yes,5.0,19,"1701 W Hillsboro Blvd Suite 208, Deerfield Beach, FL 33442, USA",ChIJpQUJcFjVMK0Rb0j3fOExFWc,decent_site,,200,https://www.1waytaxservices.com/,201,False,9.5,10,
FINAL_TARGET_REVAMP_LIST,Orlando,Winter Garden FL,Landscapers,"Florida Landscape Professionals, Inc.",(407) 467-8200,http://www.floridalandscapepros.com/,Yes,4.4,18,"9630 Quiet Ln, Winter Garden, FL 34787, USA",ChIJh46u8oKD54gRNWDhmbVx6Jo,decent_site,,200,https://floridalandscapepros.com/,2691,False,9.0,10,
FINAL_TARGET_REVAMP_LIST,Lakeland,Winter Haven FL,Accountants,"George Trenen Bush CPA & Co.,PA",(863) 401-8866,http://georgetrenenbushcpa.com/,Yes,4.5,8,"205 Ave K SE, Winter Haven, FL 33880, USA",ChIJLcule_oS3YgRKBSzLWmI9YE,decent_site,,200,https://georgetrenenbushcpa.com/,1543,False,9.0,9,Aging Site (2020)
FINAL_TARGET_REVAMP_LIST,Lakeland,Winter Haven FL,Landscapers,Rasta Lawn Care & Concrete Services,(863) 219-4656,http://rastalawncare.com/,Yes,5.0,6,"351 Avenue L NE, Winter Haven, FL 33881, USA",ChIJ___rt8QS3YgRjRho6F50KrE,decent_site,,200,https://www.rastalawncare.com/,2351,False,8.0,9,Missing Title Tag
FINAL_TARGET_REVAMP_LIST,Jacksonville,San Marco Jacksonville FL,Electricians,"Marco Electrical Contractors, Inc.",(904) 743-3350,http://marcocompanies.com/,Yes,3.6,13,"720 Mill Creek Rd, Jacksonville, FL 32211, USA",ChIJe7AKSmC05YgRIL_QBK-k9EY,decent_site,,200,https://marcocompanies.com/,2144,False,6.5,10,
FINAL_TARGET_REVAMP_LIST,Jacksonville,St. Johns Town Center Jacksonville FL,Accountants,JAX TAX PRO,(904) 616-6077,http://jaxtaxpro.com/,Yes,5.0,13,"5011 Gate Pkwy Building 100, Suite 100, Jacksonville, FL 32256, USA",ChIJFTlgFRnL5YgRHJdmIdnXq3c,decent_site,,200,https://www.jaxtaxpro.com/,2103,False,6.5,10,
FINAL_TARGET_REVAMP_LIST,Jacksonville,St. Johns Town Center Jacksonville FL,Accountants,Accounting I,(904) 378-8989,http://www.accountingone.co/,Yes,5.0,13,"2606 Old Middleburg Rd N, Jacksonville, FL 32210, USA",ChIJPaQWpKm45YgRMM47d5bvjhY,decent_site,,200,https://www.accountingone.co/,2416,False,6.5,10,
FINAL_TARGET_REVAMP_LIST,Orlando,Casselberry FL,Electricians,"Apex Electrical Solutions, LLC",(407) 583-9209,http://www.apexesllc.com/,Yes,5.0,12,"299 Live Oaks Blvd, Casselberry, FL 32707, USA",ChIJa9eTT0tXAEoRHpBKK2LxQNY,decent_site,,200,https://www.apexesllc.com/,1903,False,6.0,10,
FINAL_TARGET_REVAMP_LIST,Orlando,Windermere FL,Accountants,"Accounting & Tax Solutions CPA, PA",(407) 614-3800,http://www.wintergardencpa.com/,Yes,3.9,11,"13360 W Colonial Dr #440, Winter Garden, FL 34787, USA",ChIJr2MhA6CD54gR-Y4LNp5-xhQ,decent_site,,200,https://wintergardencpa.com/,1750,False,5.5,10,
FINAL_TARGET_REVAMP_LIST,Lakeland,Lake Wales FL,Electricians,OAR Electric Inc,(863) 676-8801,http://oarelectric.com/,Yes,5.0,1,"920 E St, Lake Wales, FL 33853, USA",ChIJHyoDSDsJ3YgRGBvX8edymSk,decent_site,,200,https://www.facebook.com/people/Oar-Electric-Inc/100060317451019/,1582,False,5.5,9,Missing Title Tag
FINAL_TARGET_REVAMP_LIST,Jacksonville,Arlington Jacksonville FL,Landscapers,NeighborScape Lawn Care,(904) 980-2153,http://neighborscapelawncare.com/,Yes,5.0,8,"6501 Arlington Expy B105 #67205, Jacksonville, FL 32211, USA",ChIJjw2LrgGKLKARVKoTaneYPtU,decent_site,,200,https://neighborscapelawncare.com/,1781,False,4.0,10,
FINAL_TARGET_REVAMP_LIST,Jacksonville,Fleming Island FL,Pest control,Underwood & Sons Pest Control,,http://airpesttechs.com/,Yes,5.0,7,"3600 Russell Rd, Green Cove Springs, FL 32043, USA",ChIJpz_h31na5YgRggNE3YdYx3s,decent_site,,200,https://airpesttechs.com/,2533,False,3.5,10,
FINAL_TARGET_REVAMP_LIST,Orlando,Oviedo FL,Accountants,"Rudolph & Shivers, PLLC",(407) 706-6996,http://www.rudolphshiverscpa.com/,Yes,3.7,6,"2461 W State Rd 426 Suite 2001, Oviedo, FL 32765, USA",ChIJV6_1YTtp54gRqWpwKy-1Zno,decent_site,,200,https://www.rudolphshiverscpa.com/,2001,False,3.0,10,
FINAL_TARGET_REVAMP_LIST,Jacksonville,St. Johns Town Center Jacksonville FL,Accountants,Hartman Blitch & Gartside Certified Public Accountants,(904) 396-9802,http://www.hbgcpa.com/,Yes,5.0,4,"6817 Southpoint Pkwy STE 2303, Jacksonville, FL 32216, USA",ChIJJRm-DIa25YgR71DaKoDuc0w,decent_site,,200,https://www.hbgcpa.com/,2246,False,2.0,10,
FINAL_TARGET_REVAMP_LIST,Jacksonville,Avondale Jacksonville FL,Accountants,PUNTA CANA MULTISERVICES,(904) 443-9018,http://www.puntacanamultiservices.com/,Yes,5.0,3,"4545-1a Shirley Ave, Jacksonville, FL 32210, USA",ChIJAc8dTg655YgRYmhamLj0oBo,decent_site,,200,https://www.puntacanamultiservices.com/,2120,False,1.5,10,
FINAL_TARGET_REVAMP_LIST,Jacksonville,Fleming Island FL,Accountants,JC ACCOUNTING & TAXATION SERVICES LLC,(904) 881-0215,http://www.jctaxation.com/,Yes,5.0,1,"1880 E West Pkwy #8659, Fleming Island, FL 32003, USA",ChIJ6fm3TsvF5YgR6DW4cMQWuDM,decent_site,,200,https://jctaxation.com/,1488,False,0.5,10,
FINAL_TARGET_REVAMP_LIST,Jacksonville,Neptune Beach FL,Remodelers,NEPTUNE BEACH DEMOLITION CONTRACTOR,(904) 751-1628,http://neptunebeachdemolition.com/,Yes,5.0,1,"116 E 1st St, Jacksonville, FL 32206, USA",ChIJL8cT_CO35YgRjZjjyrD2g_M,decent_site,,200,https://www.neptunebeachdemolition.com/,3100,False,0.5,10,
FINAL_TARGET_REVAMP_LIST,Jacksonville,Ponte Vedra Beach FL,Electricians,Alpha Electric of Ponte Vedra,(904) 273-6789,http://www.alphaelectricpv.com/,Yes,,0,"299 Ranch Rd, Ponte Vedra Beach, FL 32081, USA",ChIJ_X3KwCQy5IgRJMND6AV1w7g,decent_site,,200,https://www.alphaelectricpv.com,2453,False,0.0,10,
