source_csv,city,area,industry,name,phone,website,has_website,rating,review_count,address,place_id,pipeline_stage,fake_tier,http_status,redirect_url,response_ms,has_ssl,priority_score
FINAL_TARGET_REVAMP_LIST,Jacksonville,San Marco Jacksonville FL,Electricians,Advanced Electric of North Florida,(904) 744-4446,http://www.advancedwiringservices.com/,Yes,4.6,99,"2801 Dawn Rd, Jacksonville, FL 32207, USA",ChIJjT2Kl1G25YgRwEkqpYwngxY,alive,,200,https://advancedwiringservices.com/,4064,False,
FINAL_TARGET_REVAMP_LIST,Jacksonville,San Marco Jacksonville FL,Electricians,Marco Heating & Air Conditioning,(904) 743-3350,http://marcocompanies.com/,Yes,4.8,346,"720 Mill Creek Rd, Jacksonville, FL 32211, USA",ChIJe7AKSmC05YgRM-iuNFjOtSI,alive,,200,https://marcocompanies.com/,2151,False,
FINAL_TARGET_REVAMP_LIST,Jacksonville,San Marco Jacksonville FL,Electricians,"Marco Electrical Contractors, Inc.",(904) 743-3350,http://marcocompanies.com/,Yes,3.6,13,"720 Mill Creek Rd, Jacksonville, FL 32211, USA",ChIJe7AKSmC05YgRIL_QBK-k9EY,alive,,200,https://marcocompanies.com/,2144,False,
FINAL_TARGET_REVAMP_LIST,Jacksonville,San Marco Jacksonville FL,Electricians,"Panama Electric, Inc.",(904) 403-3966,https://panamaelectricinc.com/,Yes,5.0,1,"841 Prudential Dr, Jacksonville, FL 32207, USA",ChIJIWc_ew635YgRo4xe3mduceU,alive,,200,,2318,True,
FINAL_TARGET_REVAMP_LIST,Jacksonville,San Marco Jacksonville FL,Cleaning companies,"Wonderfully Maid Cleaning, LLC",(904) 235-6554,http://maidwonderfully.com/,Yes,4.9,225,"311 Glynlea Rd, Jacksonville, FL 32216, USA",ChIJS34KtjW15YgR4urV9rDooZQ,alive,,200,https://maidwonderfully.com/,1230,False,
FINAL_TARGET_REVAMP_LIST,Jacksonville,San Marco Jacksonville FL,Accountants,Jack and Dot Taxes & Accounting,(904) 647-4512,http://www.jackndot.com/,Yes,5.0,22,"1016 Lasalle St 1st Floor, Jacksonville, FL 32207, USA",ChIJQ1KiKwi35YgRxo4dbGv3hLM,alive,,200,https://www.jackndot.com/,1172,False,
FINAL_TARGET_REVAMP_LIST,Jacksonville,San Marco Jacksonville FL,Accountants,Michael Davis CPA PA,(904) 237-7771,https://michaeldaviscpa.com/,Yes,5.0,14,"21 W 6th St, Jacksonville, FL 32206, USA",ChIJQRn_-C-35YgRm_zY6g7tuQU,alive,,200,,1620,True,
FINAL_TARGET_REVAMP_LIST,Jacksonville,San Marco Jacksonville FL,HVAC companies,NorthPort Heating and Air Conditioning,(904) 438-4822,http://www.jacksonvilleacservice.com/,Yes,4.9,622,"2905 Spring Park Rd, Jacksonville, FL 32207, USA",ChIJXfx07ru15YgRP0KkNluRpLo,alive,,200,,1182,False,
FINAL_TARGET_REVAMP_LIST,Jacksonville,San Marco Jacksonville FL,HVAC companies,Noble Heating & Air,(904) 413-8020,http://nobleheatingairservices.com/,Yes,5.0,392,"8825 Perimeter Park Blvd ste 201, Jacksonville, FL 32216, USA",ChIJI79UHNfoXQ0R_8FVnEjYqK8,alive,,200,https://nobleheatingairservices.com/,902,False,
FINAL_TARGET_REVAMP_LIST,Jacksonville,San Marco Jacksonville FL,Remodelers,"Complete Home Repair & Remodeling, LLC",(513) 594-8599,https://chrr.online/,Yes,5.0,42,"5820 Cedar Oaks Dr, Jacksonville, FL 32210, USA",ChIJZ_VtIF5gQIgRQQ-ND598bcM,alive,,200,,1123,True,
FINAL_TARGET_REVAMP_LIST,Jacksonville,San Marco Jacksonville FL,Remodelers,Smarter Remodeling,(904) 647-2340,http://www.generalcontractorjax.com/,Yes,4.5,44,"9218 Cypress Green Dr, Jacksonville, FL 32256, USA",ChIJFWndYVrK5YgRGjl3tKbw-qk,alive,,200,https://generalcontractorjax.com/,3969,False,
FINAL_TARGET_REVAMP_LIST,Jacksonville,Riverside Jacksonville FL,Plumbers,"Premier Plumbing, LLC",(904) 780-6994,https://wearepremierplumbing.com/,Yes,5.0,424,"576 St Johns Bluff Rd N bldg 100, Jacksonville, FL 32225, USA",ChIJv2bRGmnL5YgRCh2BgmaMwMI,alive,,200,,2384,True,
FINAL_TARGET_REVAMP_LIST,Jacksonville,Riverside Jacksonville FL,Plumbers,Rolland Reash Plumbing,(904) 217-6157,https://plumbingjacksonville.com/,Yes,4.7,579,"11606 Columbia Park Dr E, Jacksonville, FL 32258, USA",ChIJ_8rEbp_M5YgR8H-cskWy2hM,alive,,200,,1878,True,
FINAL_TARGET_REVAMP_LIST,Jacksonville,Riverside Jacksonville FL,Electricians,Performance Electrical Contracting Inc.,(904) 726-7966,https://www.pecjax.com/,Yes,4.9,60,"3508 Lenox Ave, Jacksonville, FL 32254, USA",ChIJg5Jp6be55YgR-mn8oQjq4Po,alive,,200,https://pecjax.com/,4076,True,
FINAL_TARGET_REVAMP_LIST,Jacksonville,Riverside Jacksonville FL,Electricians,"Jax Electrical Contracting, Inc.",(904) 483-8384,https://jaxelectricalcontracting.com/,Yes,4.8,56,"2017 Lane Ave S, Jacksonville, FL 32210, USA",ChIJGfGhvJe45YgRp2RTUyXaujw,alive,,200,,587,True,
FINAL_TARGET_REVAMP_LIST,Jacksonville,Riverside Jacksonville FL,Electricians,Infinity Electrical Contracting Llc,(904) 535-0507,http://www.iecjax.com/,Yes,4.7,15,"4786 Rayford St, Jacksonville, FL 32254, USA",ChIJPfteUqO45YgRjadETPrbWvA,alive,,200,https://www.iecjax.com/index.php,2640,False,
FINAL_TARGET_REVAMP_LIST,Jacksonville,Riverside Jacksonville FL,Pest control,Rivers Pest Control,(904) 737-1911,https://riverspestcontrol.com/,Yes,3.8,71,"5710 Summerall Rd, Jacksonville, FL 32216, USA",ChIJVTqCagS25YgRVcnQI7wMFkk,alive,,200,,2548,True,
FINAL_TARGET_REVAMP_LIST,Jacksonville,Riverside Jacksonville FL,Roofers,Prime Roofing,(904) 530-1446,http://www.primeroofingfl.com/,Yes,4.9,127,"3500 Beachwood Ct Suite 207, Jacksonville, FL 32224, USA",ChIJISS5_0hK5IgR83ccMaT6huk,alive,,202,,909,False,
FINAL_TARGET_REVAMP_LIST,Jacksonville,Mandarin Jacksonville FL,Landscapers,Beast Mode Lawn Care,(904) 822-9476,http://beastmodelawncare.com/,Yes,4.8,96,"979 Lane Ave S, Jacksonville, FL 32205, USA",ChIJ9RQm5tNbaGERNjOe2UI2Gjw,alive,,200,https://beastmodelawncare.com/,1770,False,
FINAL_TARGET_REVAMP_LIST,Jacksonville,Mandarin Jacksonville FL,Accountants,Our Bookkeepers Inc,(904) 425-1238,http://www.ourbookkeepers.com/,Yes,5.0,429,"13500 Beach Blvd #45, Jacksonville, FL 32224, USA",ChIJkc_Dym3J5YgRrFEPQ6vUQJM,alive,,200,https://www.ourbookkeepers.com/,2318,False,
FINAL_TARGET_REVAMP_LIST,Jacksonville,Mandarin Jacksonville FL,Pest control,"Remedy Pest Solutions, LLC",(904) 743-2403,http://remedypestsolutionsllc.com/,Yes,4.7,62,"10418 New Berlin Rd UNIT 111, Jacksonville, FL 32226, USA",ChIJKZ4-eJOz5YgR_IDU7y8pnQY,alive,,200,https://remedypestsolutionsllc.com/,2535,False,
FINAL_TARGET_REVAMP_LIST,Jacksonville,Mandarin Jacksonville FL,Pest control,PETITUM CORPORATION,,https://friendspestguards.site/,Yes,,0,"11111 San Jose Blvd suite 56 1014, Jacksonville, FL 32223, USA",ChIJm1V1aa7J5YgR1w-DzC8GoNo,alive,,200,,1269,True,
FINAL_TARGET_REVAMP_LIST,Jacksonville,Mandarin Jacksonville FL,Roofers,Armor RoofingCompany,(904) 371-0234,http://www.armorroofingcojax.com/,Yes,5.0,52,"3885 Julington Creek Rd, Jacksonville, FL 32223, USA",ChIJ44nhWJnO5YgRSeMH9GuxySY,alive,,200,https://www.armorroofingcojax.com/,2502,False,
FINAL_TARGET_REVAMP_LIST,Jacksonville,Mandarin Jacksonville FL,Roofers,Benton Integrity Roofing Systems,(904) 262-7663,https://www.integrityroofingsystems.com/,Yes,4.7,90,"5570 Florida Mining Blvd S, Jacksonville, FL 32257, USA",ChIJf4IgiJfL5YgR2dgdhGBoSIY,alive,,200,,2471,True,
FINAL_TARGET_REVAMP_LIST,Jacksonville,Mandarin Jacksonville FL,Remodelers,Urban Green Energy Remodeling,(904) 561-9827,http://www.ugreenenergy.com/,Yes,4.9,27,"Ballastone Dr, Jacksonville, FL 32257, USA",ChIJoYIHvbXJ5YgRAN4VdQNHEns,alive,,200,,828,False,
FINAL_TARGET_REVAMP_LIST,Jacksonville,St. Johns Town Center Jacksonville FL,Accountants,JAX TAX PRO,(904) 616-6077,http://jaxtaxpro.com/,Yes,5.0,13,"5011 Gate Pkwy Building 100, Suite 100, Jacksonville, FL 32256, USA",ChIJFTlgFRnL5YgRHJdmIdnXq3c,alive,,200,https://www.jaxtaxpro.com/,2103,False,
FINAL_TARGET_REVAMP_LIST,Jacksonville,St. Johns Town Center Jacksonville FL,Accountants,Small Business Tax Accounting Payroll at Jacksonville Tax Accountants,(904) 217-6363,https://www.jacksonvilletaxaccountants.com/,Yes,4.6,12,"5011 Gate Pkwy building 100 suite 100, Jacksonville, FL 32256, USA",ChIJ-dIH3tFM5IgR97c3uZPoEic,alive,,200,https://jacksonvilletaxaccountants.com/,2469,True,
FINAL_TARGET_REVAMP_LIST,Jacksonville,St. Johns Town Center Jacksonville FL,Accountants,Hartman Blitch & Gartside Certified Public Accountants,(904) 396-9802,http://www.hbgcpa.com/,Yes,5.0,4,"6817 Southpoint Pkwy STE 2303, Jacksonville, FL 32216, USA",ChIJJRm-DIa25YgR71DaKoDuc0w,alive,,200,https://www.hbgcpa.com/,2246,False,
FINAL_TARGET_REVAMP_LIST,Jacksonville,St. Johns Town Center Jacksonville FL,Accountants,"Wheeler & Associates, CPA, PA",(904) 363-1099,https://www.wheelercpa.net/,Yes,4.5,16,"7406 Fullerton St #104, Jacksonville, FL 32256, USA",ChIJv9Y5eg3L5YgRlY-J1dhl7CU,alive,,200,,1685,True,
FINAL_TARGET_REVAMP_LIST,Jacksonville,St. Johns Town Center Jacksonville FL,Accountants,Accounting I,(904) 378-8989,http://www.accountingone.co/,Yes,5.0,13,"2606 Old Middleburg Rd N, Jacksonville, FL 32210, USA",ChIJPaQWpKm45YgRMM47d5bvjhY,alive,,200,https://www.accountingone.co/,2416,False,
FINAL_TARGET_REVAMP_LIST,Jacksonville,St. Johns Town Center Jacksonville FL,Pool service companies,WSJ Pool Services,(904) 747-9636,https://wsjacksonville.com/,Yes,5.0,17,"7643 Gate Pkwy Suite 104-1230, Jacksonville, FL 32256, USA",ChIJZ1G4x13L5YgRCC_v-_NuV5U,alive,,200,,1673,True,
FINAL_TARGET_REVAMP_LIST,Jacksonville,St. Johns Town Center Jacksonville FL,Remodelers,WSJ Remodeling & Handyman Services,(904) 747-8788,https://wsjacksonville.com/,Yes,5.0,132,"7643 Gate Pkwy Suite 104-1230, Jacksonville, FL 32256, USA",ChIJeXr2aVcz9KIRy-QHrggB8zg,alive,,200,,1595,True,
FINAL_TARGET_REVAMP_LIST,Jacksonville,Avondale Jacksonville FL,Accountants,PUNTA CANA MULTISERVICES,(904) 443-9018,http://www.puntacanamultiservices.com/,Yes,5.0,3,"4545-1a Shirley Ave, Jacksonville, FL 32210, USA",ChIJAc8dTg655YgRYmhamLj0oBo,alive,,200,https://www.puntacanamultiservices.com/,2120,False,
FINAL_TARGET_REVAMP_LIST,Jacksonville,Avondale Jacksonville FL,Pest control,Wildlife Control Jacksonville FL,(904) 227-3308,http://wildlifecontroljacksonville.online/,Yes,,0,"1007 Edgewood Ave S, Jacksonville, FL 32205, USA",ChIJ-4aEDTG55YgR51p1J2ROlGg,alive,,200,,1004,False,
FINAL_TARGET_REVAMP_LIST,Jacksonville,Avondale Jacksonville FL,HVAC companies,Palms Air Conditioning and Heating,(904) 209-7783,https://www.palmsair.com/,Yes,5.0,285,"4504 Cobblefield Cir W, Jacksonville, FL 32224, USA",ChIJq8PkglH7CgQRvmX8d0rdMMA,alive,,200,,2028,True,
FINAL_TARGET_REVAMP_LIST,Jacksonville,Ponte Vedra Beach FL,Electricians,Alpha Electric of Ponte Vedra,(904) 273-6789,http://www.alphaelectricpv.com/,Yes,,0,"299 Ranch Rd, Ponte Vedra Beach, FL 32081, USA",ChIJ_X3KwCQy5IgRJMND6AV1w7g,alive,,200,https://www.alphaelectricpv.com,2453,False,
FINAL_TARGET_REVAMP_LIST,Jacksonville,Ponte Vedra Beach FL,Landscapers,Trey Gardens,(917) 714-8134,https://www.treysgardens.com/,Yes,5.0,41,"35 Corona Rd, Ponte Vedra Beach, FL 32082, USA",ChIJp-MG4GMPoY4RNJnoVRkSaKY,alive,,200,,2470,True,
FINAL_TARGET_REVAMP_LIST,Jacksonville,Ponte Vedra Beach FL,Cleaning companies,Oceantime Pressure Washing,(904) 994-0045,http://oceantimepressurewashing.com/,Yes,5.0,21,"315 Pheasant Run, Ponte Vedra Beach, FL 32082, USA",ChIJp7cPUDI25IgRPVJnOeO-55U,alive,,200,https://oceantimepressurewashing.com/,1867,False,
FINAL_TARGET_REVAMP_LIST,Jacksonville,Ponte Vedra Beach FL,Pool service companies,Bass Pools,(904) 241-6200,http://www.basspools.com/,Yes,5.0,3,"9330 Philips Hwy #1312, Jacksonville, FL 32256, USA",ChIJ3ZCVBbvL5YgRJmBGKGnSgR4,alive,,200,https://basspools.com/,2494,False,
FINAL_TARGET_REVAMP_LIST,Jacksonville,Ponte Vedra Beach FL,Pool service companies,Poolmasters of North Florida LLC,(904) 327-0089,http://www.poolmasterscleaning.com/,Yes,5.0,2,"425 Town Plaza Ave, Ponte Vedra Beach, FL 32081, USA",ChIJ6_fijiQx5IgRAHfiyvwT7aM,alive,,200,http://poolmasterscleaning.com/,2106,False,
FINAL_TARGET_REVAMP_LIST,Jacksonville,Ponte Vedra Beach FL,HVAC companies,Creeks Air Conditioning & Heating,(904) 780-0073,https://creeksair.com/,Yes,4.9,508,"51 Hudson Way STE 1, Ponte Vedra Beach, FL 32081, USA",ChIJde9582Uz5IgR8kqk4fVZ3e8,alive,,200,https://www.creeksair.com/,1665,True,
FINAL_TARGET_REVAMP_LIST,Jacksonville,Ponte Vedra Beach FL,HVAC companies,David Gray,(904) 605-8190,https://www.davidgrayonline.com/,Yes,4.7,809,"6491 Powers Ave Suite 2, Jacksonville, FL 32217, USA",ChIJhWo4LXjJ5YgR83jA_LhkGyg,alive,,200,,590,True,
FINAL_TARGET_REVAMP_LIST,Jacksonville,Ponte Vedra Beach FL,Remodelers,Ten Hundson Construction,(904) 294-1075,https://www.tenhudsonconstruction.com/,Yes,5.0,1,"180 W End Ln APT 2206, Ponte Vedra Beach, FL 32082, USA",ChIJZ5hszT5J5IgRECN5VI3Fl74,alive,,200,,1236,True,
FINAL_TARGET_REVAMP_LIST,Jacksonville,Ponte Vedra Beach FL,Remodelers,"Garrison Construction, Inc",(904) 219-5499,http://garrisonconstructioninc.com/,Yes,5.0,4,"3948 3rd St S #336, Jacksonville Beach, FL 32250, USA",ChIJYblD1i5J5IgR5FniGcQiupk,alive,,200,https://garrisonconstructioninc.com/,2522,False,
FINAL_TARGET_REVAMP_LIST,Jacksonville,Springfield Jacksonville FL,Electricians,ATOM ELECTRIC LLC,(904) 618-0718,https://atomelectric.org/,Yes,5.0,3,"1601-1 N Main St Unit 3961, Jacksonville, FL 32206, USA",ChIJtXWVeLm35YgRIbDw6OgkZKM,alive,,200,,1127,True,
FINAL_TARGET_REVAMP_LIST,Jacksonville,Springfield Jacksonville FL,Accountants,Jack Meeks CPAs LLC,(904) 346-0046,http://www.jackmeekscpa.com/,Yes,5.0,1,"1354 N Laura St, Jacksonville, FL 32206, USA",ChIJQVN7DSW35YgRR7XiJKxSIeo,alive,,200,https://jackmeekscpa.com/,4961,False,
FINAL_TARGET_REVAMP_LIST,Jacksonville,Deerwood Jacksonville FL,Electricians,Miller Electric Company,(904) 388-8000,http://www.mecojax.com/,Yes,4.3,73,"6805 Southpoint Pkwy, Jacksonville, FL 32216, USA",ChIJ0WaqIH235YgRr3kS9QZCBk8,alive,,200,https://mecojax.com/,3799,False,
FINAL_TARGET_REVAMP_LIST,Jacksonville,Deerwood Jacksonville FL,Roofers,Wofford Roofing,(904) 490-7369,https://woffordroofing.com/,Yes,5.0,41,"13107 Atlantic Blvd Suite 202, Jacksonville, FL 32225, USA",ChIJD2xG2GZL5IgRMwGNUMDMRxg,alive,,200,,451,True,
FINAL_TARGET_REVAMP_LIST,Jacksonville,Deerwood Jacksonville FL,Roofers,Polaris Roofing Solutions,(904) 717-2377,https://www.polarisroofingfl.com/,Yes,5.0,25,"4600 Touchton Rd Building 100, Suite 150, Jacksonville, FL 32246, USA",ChIJfd0MuBG15YgRvWF9lvBUJ5c,alive,,200,https://polarisroofingfl.com/,3103,True,
FINAL_TARGET_REVAMP_LIST,Jacksonville,Oceanway Jacksonville FL,Landscapers,Danscape L.L.C.,(904) 962-2229,http://www.danscapejax.com/,Yes,4.8,23,"1015 Atlantic Blvd #299, Atlantic Beach, FL 32233, USA",ChIJF5YQP3NJ5IgRFk_fcigovOw,alive,,200,http://danscapejax.com/,2983,False,
FINAL_TARGET_REVAMP_LIST,Jacksonville,Oceanway Jacksonville FL,Landscapers,Beachscapes,(904) 595-6836,https://mybeachscapes.com/,Yes,4.8,66,"1122 9th St S, Jacksonville Beach, FL 32250, USA",ChIJY9JCTP1J5IgRlZdJwwfmltk,alive,,200,https://www.mybeachscapes.com/,2441,True,
FINAL_TARGET_REVAMP_LIST,Jacksonville,Oceanway Jacksonville FL,Accountants,First Coast Tax & Accounting,(904) 771-1040,http://www.firstcoasttax.com/,Yes,4.5,8,"5576-2 Timuquana Rd, Jacksonville, FL 32210, USA",ChIJ9ayagHDH5YgR98ezK4FtDaw,alive,,200,,849,False,
FINAL_TARGET_REVAMP_LIST,Jacksonville,Oceanway Jacksonville FL,HVAC companies,Ocean State Air Conditioning & Heating,(904) 574-5619,https://oceanstateac.com/,Yes,4.9,1036,"1476 Atlantic Blvd, Neptune Beach, FL 32266, USA",ChIJTQUY0VpJ5IgRFasM4h3MOBc,alive,,200,,1054,True,
FINAL_TARGET_REVAMP_LIST,Jacksonville,Fleming Island FL,Plumbers,CJ Bass Plumbing Inc,(904) 838-9935,http://www.cjbassplumbing.com/,Yes,4.9,1017,"924 T.J. Courson Rd, Fernandina Beach, FL 32034, USA",ChIJU7pIypGr5YgR56YW0SlGiRE,alive,,200,https://cjbassplumbing.com/,2472,False,
FINAL_TARGET_REVAMP_LIST,Jacksonville,Fleming Island FL,Landscapers,Pat's Nursery Inc,(904) 284-2011,http://www.patsnurseryinc.com/,Yes,4.8,427,"7060 US-17, Fleming Island, FL 32003, USA",ChIJD60mZrna5YgRy-WExLN1sdc,alive,,200,https://www.patsnurseryinc.com/,5017,False,
FINAL_TARGET_REVAMP_LIST,Jacksonville,Fleming Island FL,Accountants,JC ACCOUNTING & TAXATION SERVICES LLC,(904) 881-0215,http://www.jctaxation.com/,Yes,5.0,1,"1880 E West Pkwy #8659, Fleming Island, FL 32003, USA",ChIJ6fm3TsvF5YgR6DW4cMQWuDM,alive,,200,https://jctaxation.com/,1488,False,
FINAL_TARGET_REVAMP_LIST,Jacksonville,Fleming Island FL,Pest control,Amarro Pest Termite WDO,(904) 501-8410,http://amarropest.com/,Yes,4.9,60,"3384 Canyon Falls Dr, Green Cove Springs, FL 32043, USA",ChIJ23Dq-d92m0oRdqfQ-5mAcRE,alive,,200,https://www.amarropest.com/,2280,False,
FINAL_TARGET_REVAMP_LIST,Jacksonville,Fleming Island FL,Pest control,Underwood & Sons Pest Control,,http://airpesttechs.com/,Yes,5.0,7,"3600 Russell Rd, Green Cove Springs, FL 32043, USA",ChIJpz_h31na5YgRggNE3YdYx3s,alive,,200,https://airpesttechs.com/,2533,False,
FINAL_TARGET_REVAMP_LIST,Jacksonville,Baymeadows Jacksonville FL,Remodelers,Taratus Kitchen Remodel,(904) 746-1724,https://taratuskitchenremodeling.com/,Yes,5.0,13,"7825 Baymeadows Way, Jacksonville, FL 32256, USA",ChIJrzm5PNHL5YgRhwtIOMXznQ4,alive,,200,,1000,True,
FINAL_TARGET_REVAMP_LIST,Jacksonville,Arlington Jacksonville FL,Plumbers,C W Wood Plumbing,(904) 744-6604,https://www.cwwoodplumbing.com/,Yes,4.2,35,"1328 Romney St, Jacksonville, FL 32211, USA",ChIJ3eZySRy05YgRS4hZSpINm1Y,alive,,200,https://cwwoodplumbing.com,1426,True,
FINAL_TARGET_REVAMP_LIST,Jacksonville,Arlington Jacksonville FL,Landscapers,NeighborScape Lawn Care,(904) 980-2153,http://neighborscapelawncare.com/,Yes,5.0,8,"6501 Arlington Expy B105 #67205, Jacksonville, FL 32211, USA",ChIJjw2LrgGKLKARVKoTaneYPtU,alive,,200,https://neighborscapelawncare.com/,1781,False,
FINAL_TARGET_REVAMP_LIST,Jacksonville,Arlington Jacksonville FL,Pest control,Crown Pest Control,(904) 743-1132,http://crownpestcontroljax.com/,Yes,4.1,39,"1420 Cesery Blvd, Jacksonville, FL 32211, USA",ChIJ75gmnRu05YgRkFFQlfa8q4M,alive,,200,,891,False,
FINAL_TARGET_REVAMP_LIST,Jacksonville,Arlington Jacksonville FL,HVAC companies,Above & Beyond Heating And Air,(904) 551-3490,http://aboveandbeyondhvacfl.com/,Yes,5.0,286,"4401 Cambridge Rd, Jacksonville, FL 32210, USA",ChIJXxic3CTP5YgRRdzfRkH8-DA,alive,,200,https://aboveandbeyondhvacfl.com/,1580,False,
FINAL_TARGET_REVAMP_LIST,Jacksonville,Ortega Jacksonville FL,Electricians,Cortes Electric Inc,(904) 451-9398,http://cortesec.com/,Yes,,0,"3384 Philips Hwy, Jacksonville, FL 32207, USA",ChIJDTWTqxC25YgRx4yVOqmrnAE,alive,,202,,927,False,
FINAL_TARGET_REVAMP_LIST,Jacksonville,Ortega Jacksonville FL,Roofers,Golden Hammer Roofing,(904) 880-2004,https://goldenhammerroofing.com/,Yes,4.5,97,"6671 Hyde Grove Ave, Jacksonville, FL 32210, USA",ChIJG92eGYa45YgRKup2sfihl0o,alive,,200,,1209,True,
FINAL_TARGET_REVAMP_LIST,Jacksonville,Neptune Beach FL,Cleaning companies,Atlantic Coastal Cleaning,(904) 207-2358,https://accpressurewashing.net/,Yes,5.0,33,"1015 Atlantic Blvd Suite 457, Atlantic Beach, FL 32233, USA",ChIJ89mRh_9J5IgRMbgT-qdMePM,alive,,200,,573,True,
FINAL_TARGET_REVAMP_LIST,Jacksonville,Neptune Beach FL,Pool service companies,Neptune Pool Services & Pressure Washing,(941) 223-1034,https://neptunepoolservices.com/,Yes,5.0,15,"1051 Sandlewood Dr, Venice, FL 34293, USA",ChIJT6_9SKXolKgRSBa0RJlf-i8,alive,,200,,825,True,
FINAL_TARGET_REVAMP_LIST,Jacksonville,Neptune Beach FL,HVAC companies,Air Doctors Heating & Cooling Inc.,(904) 230-4645,http://www.airdrs.com/,Yes,4.9,92,"7900 Baymeadows Cir E Unit 114, Jacksonville, FL 32256, USA",ChIJWXWpo6DL5YgRm6hUVcuzHTY,alive,,200,https://airdrs.com/,3289,False,
FINAL_TARGET_REVAMP_LIST,Jacksonville,Neptune Beach FL,Remodelers,A to Z Remodeling,(904) 780-1127,https://123atozremodeling.com/,Yes,4.6,29,"67 Lewis St, Atlantic Beach, FL 32233, USA",ChIJhfOnwbJO5IgR9g6oQ-1Ocbs,alive,,200,https://www.123atozremodeling.com/,3154,True,
FINAL_TARGET_REVAMP_LIST,Jacksonville,Neptune Beach FL,Remodelers,NEPTUNE BEACH DEMOLITION CONTRACTOR,(904) 751-1628,http://neptunebeachdemolition.com/,Yes,5.0,1,"116 E 1st St, Jacksonville, FL 32206, USA",ChIJL8cT_CO35YgRjZjjyrD2g_M,alive,,200,https://www.neptunebeachdemolition.com/,3100,False,
FINAL_TARGET_REVAMP_LIST,Jacksonville,Neptune Beach FL,Remodelers,Renovations by Rob LLC,(904) 333-6653,https://renovationsbyrobllc.com/,Yes,5.0,2,"2558 Patsy Anne Dr, Jacksonville, FL 32207, USA",ChIJOxe65MXZvqgRrrp_StlPmno,alive,,200,,823,True,
FINAL_TARGET_REVAMP_LIST,Orlando,Winter Park FL,Electricians,All Electric Services,(407) 890-7782,https://www.allelectric.com/,Yes,4.9,1540,"104 Commerce St, Lake Mary, FL 32746, USA",ChIJd1ZIEsoT54gRhiUgRmDa2r4,alive,,200,,1373,True,
FINAL_TARGET_REVAMP_LIST,Orlando,Winter Park FL,Landscapers,Landscape Resources,(407) 672-0816,http://www.landscaperesources.net/,Yes,3.9,27,"7235 Gardner St, Winter Park, FL 32792, USA",ChIJSxQ0D4Fl54gRxTT2F9m8IHM,alive,,200,https://landscaperesources.net/,2882,False,
FINAL_TARGET_REVAMP_LIST,Orlando,Winter Park FL,Cleaning companies,M.A.D. CLEANING SERVICES LLC,(407) 840-6708,https://madcleaning.net/,Yes,5.0,14,"1800 Pembrook Dr Suite 300, Orlando, FL 32810, USA",ChIJK_RJ_N1t54gRkG2vI5lC1us,alive,,200,,939,True,
FINAL_TARGET_REVAMP_LIST,Orlando,Winter Park FL,Accountants,McCarron Accounting & Consulting CPA's,(407) 897-7050,http://www.mccarroncpa.com/,Yes,5.0,15,"628 Ellen Dr, Winter Park, FL 32789, USA",ChIJt3MWWJZ654gR6BzK_Eg8Mqg,alive,,200,,505,False,
FINAL_TARGET_REVAMP_LIST,Orlando,Winter Park FL,Accountants,Dulniak Accounting & Tax Services,(407) 339-2887,https://www.dulniaktax.com/,Yes,4.2,64,"2265 Lee Rd, Winter Park, FL 32789, USA",ChIJHeKd0GBw54gR77WJIuHH9a0,alive,,200,,1418,True,
FINAL_TARGET_REVAMP_LIST,Orlando,Winter Park FL,Accountants,MKA | CPAs & Advisors (Moss Krusick & Assoc),(407) 644-5811,http://mosskrusick.com/,Yes,4.5,22,"501 S New York Ave #100, Winter Park, FL 32789, USA",ChIJhRQ4yA9w54gRoyt1glw_eWI,alive,,200,https://mosskrusick.com/,1888,False,
FINAL_TARGET_REVAMP_LIST,Orlando,Winter Park FL,Pool service companies,Deluxe Pool Care of Winter Garden,(407) 606-7744,https://poolservicewintergarden.net/,Yes,4.8,120,"636 S Dillard St #427, Winter Garden, FL 34787, USA",ChIJx5YeByOD54gRPfMj1ApCTLA,alive,,200,,1034,True,
FINAL_TARGET_REVAMP_LIST,Orlando,Winter Park FL,Roofers,Sheegog Contracting,(407) 637-5339,https://sheegogcontracting.com/,Yes,4.9,498,"5526 Lake Howell Rd, Winter Park, FL 32792, USA",ChIJUztbjs1r54gRaGDDNh__uIU,alive,,202,,1634,True,
FINAL_TARGET_REVAMP_LIST,Orlando,Winter Park FL,Roofers,The Roofing Doctor,(407) 607-4856,http://www.theroofingdoctorflorida.com/,Yes,5.0,20,"941 W Morse Blvd suite 100, Winter Park, FL 32789, USA",ChIJ811LK0Vx54gRj27wpFfSO60,alive,,200,https://www.theroofingdoctorflorida.com/,1698,False,
FINAL_TARGET_REVAMP_LIST,Orlando,Winter Park FL,Remodelers,Revive Design and Renovation,(407) 598-5232,https://www.revivedesignandrenovation.com/,Yes,5.0,51,"Showroom coming soon, 601 S New York Ave, Winter Park, FL 32789, USA",ChIJYeubTpNx54gRaQZxaMHKSyU,alive,,202,,1626,True,
FINAL_TARGET_REVAMP_LIST,Orlando,Winter Park FL,Remodelers,Revive Design And Renovation,(813) 730-4954,https://www.revivedesignandrenovation.com/,Yes,4.9,415,"3102 W Kennedy Blvd, Tampa, FL 33609, USA",ChIJ4WmV21J7E6sRm3t_YlVjj9g,alive,,202,,1565,True,
FINAL_TARGET_REVAMP_LIST,Orlando,Winter Park FL,Remodelers,Miller86 LLC,(863) 317-1995,https://miller86.com/,Yes,5.0,28,"121 Pangola Dr, Winter Haven, FL 33880, USA",ChIJ4YplHY4V3YgRLw6MKsTiEcc,alive,,200,,131,True,
FINAL_TARGET_REVAMP_LIST,Orlando,Winter Park FL,Remodelers,Posada Custom Homes,(407) 740-7707,https://www.posadacustomhomes.com/,Yes,5.0,8,"240 N Pennsylvania Ave, Winter Park, FL 32789, USA",ChIJI7TWfBFw54gRBY0foWkQous,alive,,202,,1515,True,
FINAL_TARGET_REVAMP_LIST,Orlando,Lake Nona Orlando FL,Plumbers,Emerald Plumbing,(407) 898-3538,https://www.emeraldplumbing.net/,Yes,4.8,1345,"2311 Henderson Dr Unit A, Orlando, FL 32806, USA",ChIJrYis9Tp754gR1tskq4PEpZ8,alive,,200,,1189,True,
FINAL_TARGET_REVAMP_LIST,Orlando,Lake Nona Orlando FL,Plumbers,Jeff's KB&B Plumbing,(407) 968-1801,https://jeffsplumbingorlando.com/,Yes,4.9,327,"350 Saunders Trail, Geneva, FL 32732, USA",ChIJPT0ATytm54gR-6KM548gfYc,alive,,200,,283,True,
FINAL_TARGET_REVAMP_LIST,Orlando,Lake Nona Orlando FL,Plumbers,Pro Craft Plumbing llc,(407) 792-8145,http://procraftplumbing.net/,Yes,4.9,195,"230 Courtland Blvd, Deltona, FL 32738, USA",ChIJWReYKBMW54gRTLMBKzXEeo8,alive,,200,,817,False,
FINAL_TARGET_REVAMP_LIST,Orlando,Lake Nona Orlando FL,Cleaning companies,Nona Cleaning,(407) 728-8869,https://www.lakenonacleaning.com/,Yes,5.0,127,"14146 Swanley St, Orlando, FL 32832, USA",ChIJpU6qniaAJI8RlmxCs2zL3kM,alive,,200,,1277,True,
FINAL_TARGET_REVAMP_LIST,Orlando,Lake Nona Orlando FL,Pest control,LydyBug Pest Control,(407) 676-9626,https://www.lydybugpestcontrol.com/,Yes,5.0,106,"11261 Narcoossee Rd, Orlando, FL 32832, USA",ChIJb-3XVuFh54gRGlY8gU3zVUc,alive,,200,https://lydybugpestcontrol.com/,2451,True,
FINAL_TARGET_REVAMP_LIST,Orlando,Lake Nona Orlando FL,Pest control,"Mr Roland Pest Control, LLC",(407) 577-8750,https://mrrolandpestcontrolservices.com/,Yes,5.0,182,"1830 Island Walk Dr, Orlando, FL 32824, USA",ChIJ1TLIKbOH3YgRZMp1RGqRbew,alive,,200,,997,True,
FINAL_TARGET_REVAMP_LIST,Orlando,Lake Nona Orlando FL,Remodelers,NOK Construction,(844) 486-9235,https://nokconstruction.com/,Yes,4.8,141,"2750 Taylor Ave a 27, Orlando, FL 32806, USA",ChIJaSOKjXN754gRRk9hH9wgr9Y,alive,,200,,1176,True,
FINAL_TARGET_REVAMP_LIST,Orlando,Baldwin Park Orlando FL,Electricians,All Around Electric,(863) 866-0694,https://allaroundelectricfl.org/,Yes,5.0,45,"1317 Edgewater Dr, Orlando, FL 32804, USA",ChIJh_OfW2N754gREDfpxwahOJ0,alive,,200,,469,True,
FINAL_TARGET_REVAMP_LIST,Orlando,Baldwin Park Orlando FL,Accountants,Laus Consulting Services LLC,(407) 401-9768,http://lausconsult.com/,Yes,4.9,96,"879 Outer Rd Ste B, Orlando, FL 32814, USA",ChIJW9zma-l654gRLfwFiNCYI9A,alive,,200,https://lausconsult.com/,571,False,
FINAL_TARGET_REVAMP_LIST,Orlando,Baldwin Park Orlando FL,Accountants,Doris Bonnet Inc Tax & Accounting Services LLC,(407) 228-6630,https://www.dorisbonnet.com/,Yes,5.0,68,"1650 W Sand Lake Rd SUITE 245, Orlando, FL 32809, USA",ChIJtXQBhEx854gRc_7IbC0EriY,alive,,200,,1247,True,
FINAL_TARGET_REVAMP_LIST,Orlando,Baldwin Park Orlando FL,Pool service companies,"Marco Polo Pools, Inc.",(407) 808-3269,https://marcopolopools.com/,Yes,4.8,264,"185 Drennen Rd Suite 301, Orlando, FL 32806, USA",ChIJkUM5cmh754gRvk4IjwiLHYw,alive,,200,,659,True,
FINAL_TARGET_REVAMP_LIST,Orlando,Baldwin Park Orlando FL,Roofers,"New Horizons Roofing, Inc",(407) 777-7214,https://newhorizonsroof.com/,Yes,5.0,51,"4767 New Broad St #1095, Orlando, FL 32814, USA",ChIJV4QBmOlt54gRqX79bjxA100,alive,,200,,3211,True,
FINAL_TARGET_REVAMP_LIST,Orlando,Thornton Park Orlando FL,Plumbers,Absolute Best Plumbing,(407) 930-7309,https://absolutebestplumbing.com/,Yes,4.5,61,"1026 28th St Ste 100, Orlando, FL 32805, USA",ChIJq5lgD9nA54gR8o5JndJTA5U,alive,,200,,1026,True,
FINAL_TARGET_REVAMP_LIST,Orlando,Thornton Park Orlando FL,Accountants,The Tax Master of Orlando,(407) 482-4041,http://www.thetaxmasterorlando.com/,Yes,4.9,169,"222 Neighborhood Market Rd #104, Orlando, FL 32825, USA",ChIJN3rcC7dl54gRO-XnoY1xZso,alive,,200,,703,False,
FINAL_TARGET_REVAMP_LIST,Orlando,Thornton Park Orlando FL,Roofers,Orlando Roof Tech,(407) 809-7663,http://www.orlandorooftech.com/,Yes,5.0,81,"5036 Dr Phillips Blvd #238, Orlando, FL 32819, USA",ChIJEbUF9YJ_54gR6WxKwW7YlAM,alive,,200,https://orlandorooftech.com/,2363,False,
FINAL_TARGET_REVAMP_LIST,Orlando,Thornton Park Orlando FL,Roofers,Orlando Roofing,(407) 707-4121,https://www.rooferorlando.org/,Yes,5.0,5,"4900 Rio Grande Ave Apt. 15 C, Orlando, FL 32839, USA",ChIJ8flfrmd954gRtq49fdcZo90,alive,,200,,1200,True,
FINAL_TARGET_REVAMP_LIST,Orlando,Thornton Park Orlando FL,Roofers,Pinnacle Roofing,(386) 631-5566,https://pinnacleroofinggroup.com/,Yes,4.9,478,"403 Chairman Ct STE 1, DeBary, FL 32713, USA",ChIJ-XSDx17_5ogRHw53bAGc2Q8,alive,,200,,225,True,
FINAL_TARGET_REVAMP_LIST,Orlando,Thornton Park Orlando FL,Remodelers,IN Studio + Co. Interior Design and Construction Consultants,(321) 229-2869,https://www.instudioandco.com/,Yes,5.0,11,"710 E Central Blvd, Orlando, FL 32801, USA",ChIJc-qhKkp754gRwtboGdSvgVY,alive,,200,,297,True,
FINAL_TARGET_REVAMP_LIST,Orlando,Dr. Phillips Orlando FL,Accountants,Prithi Daswani CPA PL,(407) 218-5921,http://prithidaswani.com/,Yes,4.8,59,"6735 Conroy Windermere Rd, Orlando, FL 32835, USA",ChIJI7lgSCp_54gRE_Vw53gp4yA,alive,,200,https://prithidaswani.com/,1693,False,
FINAL_TARGET_REVAMP_LIST,Orlando,Dr. Phillips Orlando FL,Pool service companies,Southwest Pool Service & Repair,(407) 574-4447,http://www.southwestpool.com/,Yes,4.8,64,"8007 Addison Ct, Orlando, FL 32835, USA",ChIJU_ex1Yp454gReZSKVQoGXGk,alive,,200,https://southwestpool.com/,2935,False,
FINAL_TARGET_REVAMP_LIST,Orlando,Dr. Phillips Orlando FL,Remodelers,Nuffscope Construction Inc.,(407) 591-0072,https://cyrilshomerepairs.com/,Yes,5.0,22,"7208 W Sand Lake Rd Ste 305, Orlando, FL 32819, USA",ChIJx5J62xd_54gRqGcvJkCOr9c,alive,,200,,1220,True,
FINAL_TARGET_REVAMP_LIST,Orlando,College Park Orlando FL,Landscapers,Land Art Landscape Architecture,(407) 484-6099,http://www.landartla.com/,Yes,4.1,32,"754 Ellwood Ave, Orlando, FL 32804, USA",ChIJZUF100R654gRqneE3pj6YIU,alive,,200,https://www.landartla.com/,1413,False,
FINAL_TARGET_REVAMP_LIST,Orlando,College Park Orlando FL,Landscapers,Maintain Landscaping,(407) 826-1248,http://maintainlandscaping.com/,Yes,3.7,3,"1050 W Robinson St, Orlando, FL 32805, USA",ChIJyyZOtnhv54gRNArdH_ql9UQ,alive,,200,http://www.maintainlandscaping.com/,2423,False,
FINAL_TARGET_REVAMP_LIST,Orlando,College Park Orlando FL,Cleaning companies,Morgan's Cleaning Service,(407) 625-9202,http://www.morganscleaningservice.com/,Yes,5.0,66,"3106 Fairway Ln APT 4, Orlando, FL 32804, USA",ChIJ11W6xkVl54gRyl6uHVl05TM,alive,,200,https://morganscleaningservice.com/,1488,False,
FINAL_TARGET_REVAMP_LIST,Orlando,College Park Orlando FL,Accountants,GRA CPA,(877) 455-3055,http://www.orlandotaxfirm.com/,Yes,4.9,59,"35 W Pine St #220, Orlando, FL 32801, USA",ChIJvXV0Uv5654gRda8kvbsyZyg,alive,,200,https://orlandotaxfirm.com/,2128,False,
FINAL_TARGET_REVAMP_LIST,Orlando,College Park Orlando FL,Roofers,APC Roofing,(407) 565-9921,https://www.apcroofing.com/,Yes,4.9,579,"150 W Hwy 50, Clermont, FL 34711, USA",ChIJja0eXlqP54gRHo7bYgM0oNk,alive,,200,https://apcroofing.com/,235,True,
FINAL_TARGET_REVAMP_LIST,Orlando,MetroWest Orlando FL,Accountants,Tax Direct Accounting Services,(407) 203-1212,http://www.taxdirectflorida.com/,Yes,4.9,160,"5787 Vineland Rd Suite 205, Orlando, FL 32819, USA",ChIJicQ5KsV-54gRaa0lwwc32L8,alive,,200,,547,False,
FINAL_TARGET_REVAMP_LIST,Orlando,MetroWest Orlando FL,Roofers,OnPoint Roofing LLC,(321) 666-5819,https://onpointroofingfl.com/,Yes,5.0,38,"2295 S Hiawassee Rd, Orlando, FL 32835, USA",ChIJrUq15Cd554gRarQd6hBnyDk,alive,,200,,2335,True,
FINAL_TARGET_REVAMP_LIST,Orlando,Downtown Orlando FL,Plumbers,Associated Piping Services Inc.,(407) 901-3482,https://www.apsorl.com/,Yes,4.9,220,"1023 29th St, Orlando, FL 32805, USA",ChIJFfNmxJl754gRNRRuSc0dVO0,alive,,200,,1530,True,
FINAL_TARGET_REVAMP_LIST,Orlando,Downtown Orlando FL,Roofers,"Burnes Roofing Company, LLC",(407) 446-9290,http://www.burnesroofing.com/,Yes,5.0,35,"1512 Arcadia St, Orlando, FL 32806, USA",ChIJNcvLGvOiD04RZkOjcZ4fpAo,alive,,200,https://burnesroofing.com/,3695,False,
FINAL_TARGET_REVAMP_LIST,Orlando,Downtown Orlando FL,Remodelers,GNX Construction,(943) 238-4912,https://gnxconstruction.com/,Yes,5.0,6,"601 N Magnolia Ave, Orlando, FL 32801, USA",ChIJe-N90Fx754gRmiKFjvSXQVw,alive,,200,https://www.gnxconstruction.com/,339,True,
FINAL_TARGET_REVAMP_LIST,Orlando,Audubon Park Orlando FL,HVAC companies,Matt HVAC-R Services Inc,(321) 228-6140,http://www.matthvac.com/,Yes,5.0,44,"3015 Trot St, Orlando, FL 32810, USA",ChIJ0QaDQ_Zx54gRyaEKNZ-DYj0,alive,,200,https://matthvac.com/,1525,False,
FINAL_TARGET_REVAMP_LIST,Orlando,Windermere FL,Electricians,AK Electrical,(941) 441-6292,https://www.akelectricalfl.com/,Yes,5.0,87,"239 Center Ct, Venice, FL 34285, USA",ChIJezsGAxSTDAkRLiPFB2Ukwk0,alive,,202,,1186,True,
FINAL_TARGET_REVAMP_LIST,Orlando,Windermere FL,Electricians,Ace Solves It All,(321) 499-2090,https://www.acesolvesitall.com/,Yes,4.7,5151,"1692 Dolores Dr, Kissimmee, FL 34746, USA",ChIJWSXUHf2C3YgRTs5k1I5GRe4,alive,,200,,1250,True,
FINAL_TARGET_REVAMP_LIST,Orlando,Windermere FL,Accountants,"Accounting & Tax Solutions CPA, PA",(407) 614-3800,http://www.wintergardencpa.com/,Yes,3.9,11,"13360 W Colonial Dr #440, Winter Garden, FL 34787, USA",ChIJr2MhA6CD54gR-Y4LNp5-xhQ,alive,,200,https://wintergardencpa.com/,1750,False,
FINAL_TARGET_REVAMP_LIST,Orlando,Windermere FL,Accountants,More Than Taxes Online,(352) 663-9144,http://morethantaxesonline.com/,Yes,4.8,103,"9100 Conroy Windermere Rd Suite 200, Windermere, FL 34786, USA",ChIJeVuJJMSI54gRCwuqy6ti8ss,alive,,200,https://morethantaxesonline.com/,4212,False,
FINAL_TARGET_REVAMP_LIST,Orlando,Windermere FL,Roofers,Roof Pros USA,(407) 831-7663,http://www.roofprosusa.com/,Yes,4.8,135,"794 Big Tree Dr #108, Longwood, FL 32750, USA",ChIJ1_EPRnlt54gRld6RWNdSEIY,alive,,200,https://www.roofprosusa.com/,1224,False,
FINAL_TARGET_REVAMP_LIST,Orlando,Windermere FL,Remodelers,Kreative Resources,(407) 801-1245,https://kreativeresources.com/,Yes,5.0,59,"1031 Miller Dr, Altamonte Springs, FL 32701, USA",ChIJke3A5_9x54gRVGmMg7zasxM,alive,,200,,207,True,
FINAL_TARGET_REVAMP_LIST,Orlando,Oviedo FL,Plumbers,"Best Plumbing & Remodeling, Inc.",(407) 896-3136,http://www.bprinc.com/,Yes,4.2,94,"3097 Camp Rd, Oviedo, FL 32765, USA",ChIJx8n2IWNp54gRIhcXiGWa878,alive,,200,https://www.bestplumbingorlando.com/,3106,False,
FINAL_TARGET_REVAMP_LIST,Orlando,Oviedo FL,Landscapers,Kimber Landscapes,(407) 484-5997,https://kimberlandscapes.net/,Yes,5.0,36,"1000 Willa Dr, Oviedo, FL 32765, USA",ChIJhw30eIowvCwROrPZm3iT7xg,alive,,200,,1091,True,
FINAL_TARGET_REVAMP_LIST,Orlando,Oviedo FL,Accountants,"Rudolph & Shivers, PLLC",(407) 706-6996,http://www.rudolphshiverscpa.com/,Yes,3.7,6,"2461 W State Rd 426 Suite 2001, Oviedo, FL 32765, USA",ChIJV6_1YTtp54gRqWpwKy-1Zno,alive,,200,https://www.rudolphshiverscpa.com/,2001,False,
FINAL_TARGET_REVAMP_LIST,Orlando,Oviedo FL,Accountants,"The Kozlowski CPA Firm, LLC",(407) 381-4432,http://www.kozlowskicpa.com/,Yes,4.5,31,"3505 Lake Lynda Dr, Orlando, FL 32817, USA",ChIJgdbLxhNl54gRLDnGv7d1luQ,alive,,200,https://kozlowskicpa.com/,1561,False,
FINAL_TARGET_REVAMP_LIST,Orlando,Oviedo FL,Pool service companies,"Pool Care of Oviedo, LLC",(407) 617-6309,http://poolcareoviedo.com/,Yes,5.0,31,"1006 Zachary Ct, Oviedo, FL 32765, USA",ChIJwda8oQBp54gR9asUYWPjPiM,alive,,200,https://www.poolcareoviedo.com/,1594,False,
FINAL_TARGET_REVAMP_LIST,Orlando,Oviedo FL,Roofers,Excellence Roofing Group and Construction Orlando,(407) 971-7663,http://excellencerestoration.com/,Yes,4.9,163,"1750 W Broadway St Suite 115B, Oviedo, FL 32765, USA",ChIJyyh5WQtp54gRVk8S17Hvf6c,alive,,202,,617,False,
FINAL_TARGET_REVAMP_LIST,Orlando,Oviedo FL,Remodelers,ManfredoDesigns LLC,(407) 754-7490,http://www.manfredodesigns.com/,Yes,5.0,20,"1641 Smithfield Way #1209, Oviedo, FL 32765, USA",ChIJlfN9Z5dr54gR34CRsOcOF7A,alive,,200,https://manfredodesigns.com/,5151,False,
FINAL_TARGET_REVAMP_LIST,Orlando,Oviedo FL,Remodelers,All-Time Services Design & Construction,(407) 832-1117,http://www.alltimeremodel.com/,Yes,4.4,13,"95 E Magnolia St, Oviedo, FL 32765, USA",ChIJJ1C0Ti1q54gRtqIj3ZAUDWQ,alive,,200,https://www.alltimeremodel.com/,948,False,
FINAL_TARGET_REVAMP_LIST,Orlando,Maitland FL,Electricians,Florida Energy Water & Air,(407) 523-0775,http://myfewa.com/,Yes,4.7,6775,"500 Winderley Pl suite 300, Maitland, FL 32751, USA",ChIJ505FqzR354gRgMxQjDu_7GI,alive,,200,https://www.myfewa.com/,517,False,
FINAL_TARGET_REVAMP_LIST,Orlando,Maitland FL,Electricians,"Electric Service Group, LLC",(407) 862-1901,http://www.esgflorida.com/,Yes,3.2,5,"1010 Bunnell Rd, Altamonte Springs, FL 32714, USA",ChIJ93Qh8jVx54gRIhbjZ-H4qwE,alive,,200,,511,False,
FINAL_TARGET_REVAMP_LIST,Orlando,Maitland FL,Cleaning companies,"New Maids Cleaning, LLC",(689) 319-8968,https://www.newmaidscleaning.com/,Yes,4.8,19,"3564 Avalon Park E Blvd Ste 1, Orlando, FL 32828, USA",ChIJt08ftcRd54gRsJV9hpV9KjY,alive,,200,https://newmaidscleaning.com/,706,True,
FINAL_TARGET_REVAMP_LIST,Orlando,Maitland FL,Accountants,Elise Palmieri CPA PLLC,(407) 672-1120,http://epvirtualcpa.com/,Yes,5.0,1,"457 Lake Howell Rd, Maitland, FL 32751, USA",ChIJPRcZVDNu54gR4554pE3vT2s,alive,,200,https://epvirtualcpa.com/,1636,False,
FINAL_TARGET_REVAMP_LIST,Orlando,Maitland FL,Accountants,Josh Register CPA,(321) 295-7921,https://joshregistercpa.com/,Yes,5.0,3,"706 Turnbull Ave STE 102, Altamonte Springs, FL 32701, USA",ChIJG-6XGWZx54gRlV6BfpdS88U,alive,,200,https://www.joshregistercpa.com/,4868,True,
FINAL_TARGET_REVAMP_LIST,Orlando,Maitland FL,Pool service companies,Hudson's Pools,(407) 212-7032,https://www.hudsonspools.com/,Yes,5.0,22,"225 S Swoope Ave #205, Maitland, FL 32751, USA",ChIJLa0zVJk-QIQRlK1_VCzkQrY,alive,,200,,821,True,
FINAL_TARGET_REVAMP_LIST,Orlando,Maitland FL,Remodelers,Benchmark Building Group,(407) 796-2706,https://benchmarkbuildinggroup.com/,Yes,5.0,3,"2721 Forsyth Rd #452, Winter Park, FL 32792, USA",ChIJb-tYZd7ecGgRXR39Jq65eG8,alive,,200,,89,True,
FINAL_TARGET_REVAMP_LIST,Orlando,Altamonte Springs FL,Cleaning companies,3LM Roof Cleaning & Exterior Pressure Washing,(407) 900-8966,http://3lmroofcleaningorlando.com/,Yes,4.9,436,"865 Francis St, Altamonte Springs, FL 32701, USA",ChIJM3O7dh9y54gRBNOJTvId_Ow,alive,,200,https://www.3lmroofcleaningorlando.com/,2613,False,
FINAL_TARGET_REVAMP_LIST,Orlando,Casselberry FL,Electricians,"Apex Electrical Solutions, LLC",(407) 583-9209,http://www.apexesllc.com/,Yes,5.0,12,"299 Live Oaks Blvd, Casselberry, FL 32707, USA",ChIJa9eTT0tXAEoRHpBKK2LxQNY,alive,,200,https://www.apexesllc.com/,1903,False,
FINAL_TARGET_REVAMP_LIST,Orlando,Casselberry FL,Accountants,Tax Smith Enterprises LLC,(321) 444-6904,https://mytaxsmith.com/,Yes,5.0,116,"1015 FL-436 suite #205/209, Casselberry, FL 32707, USA",ChIJAUES-TFv54gRyuN9tV1pWWQ,alive,,200,,688,True,
FINAL_TARGET_REVAMP_LIST,Orlando,Casselberry FL,Pool service companies,"SeeBlu Pool Services, Incorporated- Winter Springs, FL",(407) 807-3236,http://seeblupoolservices.com/,Yes,4.9,130,"745 Sherwood Dr, Winter Springs, FL 32708, USA",ChIJv2G1HrFt54gRgk5CcRFJoRk,alive,,200,https://seeblupoolservices.com/,1214,False,
FINAL_TARGET_REVAMP_LIST,Orlando,Casselberry FL,Roofers,Hi Low ROOFING & SOLAR,(407) 287-6171,https://hilowroofing.com/,Yes,5.0,304,"13330 W Colonial Dr Suite 110, Winter Garden, FL 34787, USA",ChIJTQ65d6Rx54gRtpe16cLWPv0,alive,,200,,120,True,
FINAL_TARGET_REVAMP_LIST,Orlando,Casselberry FL,HVAC companies,"Gembecki Mechanical Services, Inc.",(407) 695-6646,http://www.gembecki.com/,Yes,4.8,357,"1311 Seminola Blvd, Casselberry, FL 32707, USA",ChIJ2yiNxtht54gRhyid-v-AfeM,alive,,200,https://www.gembecki.com/,2166,False,
FINAL_TARGET_REVAMP_LIST,Orlando,Casselberry FL,HVAC companies,AC & Heating Pros,(407) 821-7870,https://acheatpros.com/,Yes,5.0,60,"1341 Unity Ct, Casselberry, FL 32707, USA",ChIJVxUJeaZv54gRorwJzBiLvTM,alive,,200,,1617,True,
FINAL_TARGET_REVAMP_LIST,Orlando,Casselberry FL,HVAC companies,Reliance Air llc.,(407) 504-1379,http://www.relianceair.com/,Yes,5.0,275,"600 Savage Ct suite 620, Longwood, FL 32750, USA",ChIJ8VLjgY4x5IgRO2wj_OIp9nM,alive,,200,https://relianceair.com/,1787,False,
FINAL_TARGET_REVAMP_LIST,Orlando,Winter Garden FL,Landscapers,G & Anthony Maintenance,(407) 394-3258,http://www.ganthonylandscape.com/,Yes,4.8,45,"236 E Cypress St, Winter Garden, FL 34787, USA",ChIJ8UvJawuD54gRc2cAnW7_WOA,alive,,200,,555,False,
FINAL_TARGET_REVAMP_LIST,Orlando,Winter Garden FL,Landscapers,"Florida Landscape Professionals, Inc.",(407) 467-8200,http://www.floridalandscapepros.com/,Yes,4.4,18,"9630 Quiet Ln, Winter Garden, FL 34787, USA",ChIJh46u8oKD54gRNWDhmbVx6Jo,alive,,200,https://floridalandscapepros.com/,2691,False,
FINAL_TARGET_REVAMP_LIST,Orlando,Winter Garden FL,Accountants,AriseOne,(407) 347-0109,http://www.ariseone.us/,Yes,5.0,7,"329 S Dillard St, Winter Garden, FL 34787, USA",ChIJfewWgYyD54gRkdM86jP7Y24,alive,,200,,721,False,
FINAL_TARGET_REVAMP_LIST,Orlando,Winter Garden FL,Accountants,Goal Bridge Group,(407) 347-9000,https://goalbridgeg.com/,Yes,5.0,161,"13335 W Colonial Dr, Winter Garden, FL 34787, USA",ChIJ7S2MiGeD54gRu1QG9uDM0Jg,alive,,200,,717,True,
FINAL_TARGET_REVAMP_LIST,Lakeland,Downtown Lakeland FL,Plumbers,Curry & Co Plumbing Inc,(863) 644-0061,http://curryplumbing.com/,Yes,4.7,113,"950 W Beacon Rd, Lakeland, FL 33803, USA",ChIJzSLZmNg43YgRHjsREq2R_9w,alive,,200,https://curryplumbing.com/,4763,False,
FINAL_TARGET_REVAMP_LIST,Lakeland,Downtown Lakeland FL,Plumbers,Gillum-Waddell Plumbing Co,(863) 665-6222,http://www.gwplb.com/,Yes,4.6,142,"2450 Commerce Point Dr, Lakeland, FL 33801, USA",ChIJxQwIfgA_3YgRhO7T40nRu6I,alive,,200,https://gwplb.com/,5197,False,
FINAL_TARGET_REVAMP_LIST,Lakeland,Downtown Lakeland FL,Electricians,Lakeland Electrician Guys,(863) 356-0154,https://www.lakelandelectricianpros.com/,Yes,5.0,27,"2115 Harden Blvd, Lakeland, FL 33803, USA",ChIJLUecOttVi4gRIPlDob8dSYQ,alive,,200,,618,True,
FINAL_TARGET_REVAMP_LIST,Lakeland,Downtown Lakeland FL,Electricians,Atline Electric Services,(863) 282-1465,http://www.atlineelectric.com/,Yes,5.0,13,"113 E Main St, Bartow, FL 33830, USA",ChIJuznpeG0N3YgRpk8I9WGrl0M,alive,,200,https://atlineelectric.com/,1901,False,
FINAL_TARGET_REVAMP_LIST,Lakeland,Downtown Lakeland FL,Landscapers,Creative Edge Outdoor Solutions,(863) 880-1355,https://lawncarelakelandtampaflorida.com/,Yes,4.5,148,"3010 Knights Station Rd, Lakeland, FL 33810, USA",ChIJQbHhtn5A3YgRC4qC0OoadII,alive,,200,,1380,True,
FINAL_TARGET_REVAMP_LIST,Lakeland,Downtown Lakeland FL,Landscapers,Gilileo's Landscaping Service,(863) 254-1147,http://www.gilileoslandscapingservice.com/,Yes,4.7,49,"409 Oak Trail, Lakeland, FL 33813, USA",ChIJD5If4gI43YgRNWEZKkMlezw,alive,,200,https://gilileoslandscapingservice.com/,3114,False,
FINAL_TARGET_REVAMP_LIST,Lakeland,Downtown Lakeland FL,Cleaning companies,"Mel's Cleaning Service, Inc.",(863) 666-8913,http://www.melscleaningandfloors.com/,Yes,4.8,34,"6323 Tocobega Dr, Lakeland, FL 33813, USA",ChIJMb8nslU-3YgRIGU_Vil7dgM,alive,,200,https://melscleaningandfloors.com/,1867,False,
FINAL_TARGET_REVAMP_LIST,Lakeland,Downtown Lakeland FL,Pool service companies,Goldsmith Pools,(863) 600-4605,https://goldsmithpools.com/,Yes,5.0,51,"3240 N Galloway Rd, Lakeland, FL 33810, USA",ChIJiYQWgG9H3YgRxDcsmVkW5U0,alive,,200,,984,True,
FINAL_TARGET_REVAMP_LIST,Lakeland,Downtown Lakeland FL,HVAC companies,Enjoy Heating & Cooling,(863) 667-3200,http://www.enjoyac.com/,Yes,4.9,180,"2229 E Main St, Lakeland, FL 33801, USA",ChIJOSGzXD0_3YgRLYBG2kE6uQM,alive,,200,,769,False,
FINAL_TARGET_REVAMP_LIST,Lakeland,Downtown Lakeland FL,Remodelers,"Mayfield Construction, Inc.",(863) 646-7995,http://www.builtbymayfield.com/,Yes,5.0,8,"2225 E Edgewood Dr #5, Lakeland, FL 33803, USA",ChIJnc-83Tg83YgRtQnu7iwbg9E,alive,,200,https://builtbymayfield.com/,2160,False,
FINAL_TARGET_REVAMP_LIST,Lakeland,Lake Morton Lakeland FL,Cleaning companies,Touch of Class Dry Cleaners,(863) 413-0808,http://touchofclassdrycleaners.com/,Yes,4.7,61,"1800 Harden Blvd, Lakeland, FL 33803, USA",ChIJV1-zW9443YgRcRy9LPBOZ8c,alive,,200,https://touchofclassdrycleaners.com/,3428,False,
FINAL_TARGET_REVAMP_LIST,Lakeland,Lake Morton Lakeland FL,Roofers,MARSHALL'S LLC ROOFING,(863) 687-1893,https://marshallsllcroofing.com/,Yes,5.0,19,"3326 W 10th St, Lakeland, FL 33810, USA",ChIJDbcF67k53YgRsyZW4ZysmOA,alive,,200,,662,True,
FINAL_TARGET_REVAMP_LIST,Lakeland,Lake Morton Lakeland FL,Roofers,Goff Roof Systems,(863) 680-1748,https://goffroofsystems.com/,Yes,4.6,55,"1725 E Gary Rd, Lakeland, FL 33801, USA",ChIJyYC0QWg_3YgRUODkjH2w1VM,alive,,200,,1542,True,
FINAL_TARGET_REVAMP_LIST,Lakeland,Lake Morton Lakeland FL,HVAC companies,Thorpe Heating & Cooling,(863) 858-2577,http://thorpeac.com/,Yes,4.6,359,"8402 US Hwy 98 N, Lakeland, FL 33809, USA",ChIJwTWzUp9G3YgRG1EaawB7TK4,alive,,200,https://thorpeac.com/,1614,False,
FINAL_TARGET_REVAMP_LIST,Lakeland,Grasslands Lakeland FL,HVAC companies,Snowbird Heating & Cooling,(863) 215-6134,https://www.snowbirdair.com/,Yes,4.9,2823,"1095-A US-92, Auburndale, FL 33823, USA",ChIJAeBGCt0U3YgRzrc7ASsD2Ko,alive,,200,,180,True,
FINAL_TARGET_REVAMP_LIST,Lakeland,Oakbridge Lakeland FL,Landscapers,Lotus Landscape & Irrigation Inc,(813) 417-0089,https://lotuslandscapeinc.com/,Yes,3.7,6,"4320 Foxtown N, Polk City, FL 33868, USA",ChIJvYq5QKvXwogRSiWk-iXA-hk,alive,,200,,583,True,
FINAL_TARGET_REVAMP_LIST,Lakeland,Oakbridge Lakeland FL,Pest control,"Josh Johnson Pest Control, LLC",(863) 298-2001,https://joshjohnsonpestcontrol.com/,Yes,5.0,11,"1005 Browning Rd, Lakeland, FL 33811, USA",ChIJzQyeimY53YgRz2MPtwc6HKw,alive,,200,,1392,True,
FINAL_TARGET_REVAMP_LIST,Lakeland,Dixieland Lakeland FL,Accountants,Hutto & Associates,(863) 607-4222,http://huttoassociates.com/,Yes,3.3,19,"842 S Missouri Ave, Lakeland, FL 33815, USA",ChIJnffSE8w43YgRVrW0A3PumMg,alive,,200,https://huttoassociates.com/,2121,False,
FINAL_TARGET_REVAMP_LIST,Lakeland,Dixieland Lakeland FL,Remodelers,Fuqua Construction Inc.,(863) 816-3732,https://fuquaconstructionfl.com/,Yes,5.0,1,"900 W Beacon Rd, Lakeland, FL 33803, USA",ChIJC-2qa-A53YgR-uvqpJl4C3k,alive,,200,,2723,True,
FINAL_TARGET_REVAMP_LIST,Lakeland,North Lakeland FL,Roofers,Protect Preserve Roofing,(833) 777-6634,https://protectpreserveroofing.com/,Yes,5.0,30,"559 Laura Rd, Lakeland, FL 33815, USA",ChIJn3QjliWrk4gRE4tyS1sjQyk,alive,,200,,1189,True,
FINAL_TARGET_REVAMP_LIST,Lakeland,Mulberry FL,Plumbers,Mr. Kool Man,(863) 450-4490,https://mrkoolman.com/,Yes,4.1,95,"5925 Imperial Pkwy, Mulberry, FL 33860, USA",ChIJTcZfMEc73YgRnr7nOUDllj4,alive,,200,,3818,True,
FINAL_TARGET_REVAMP_LIST,Lakeland,Mulberry FL,Electricians,"Small Jobs Electric, Inc.",(813) 303-0052,https://www.smalljobselectric.com/,Yes,4.8,2225,"5002 W Linebaugh Ave Ste C, Tampa, FL 33624, USA",ChIJD6hInM3NwogRPl5VKcgM5ko,alive,,200,,1429,True,
FINAL_TARGET_REVAMP_LIST,Lakeland,Mulberry FL,Electricians,2 Fast 2 Repair Auto Solutions,(863) 712-9924,http://2fast2repairautosolutions.com/,Yes,5.0,13,"1525 N Church Ave, Mulberry, FL 33860, USA",ChIJs_k7yUo73YgROHA5Aoko8ok,alive,,200,https://www.2fast2repairautosolutions.com/,2722,False,
FINAL_WEBSITE_TECHNICAL_TARGET_LIST,Lakeland,Mulberry FL,Pest control,Home Protection Pest Control,(813) 757-6752,https://homepropestcontrol.com/,Yes,5.0,34,"4462 Coachwood Ln, Mulberry, FL 33860, USA",ChIJw9izyac73YgRBfvAiteAAMc,alive,,200,,1359,True,
FINAL_TARGET_REVAMP_LIST,Lakeland,Mulberry FL,Roofers,JDM Roof Restoration,(863) 604-9387,https://jdmroofrestoration.com/,Yes,5.0,95,"103 Oak Square N, Lakeland, FL 33813, USA",ChIJ87cJHHHaoi4RTIFADOT5aBo,alive,,200,,1571,True,
FINAL_TARGET_REVAMP_LIST,Lakeland,Highland City FL,Pest control,Bio Tech Termite & Pest,(863) 858-8995,http://www.biotechpestcontrol.com/,Yes,4.3,45,"7240 US Hwy 98 N, Lakeland, FL 33809, USA",ChIJxSiStb9G3YgRcMLnYOViDlY,alive,,200,https://www.biotechpestcontrol.com/,1505,False,
FINAL_TARGET_REVAMP_LIST,Lakeland,Highland City FL,Roofers,"Tyer's Roofing, Inc. Jr Tyer",(863) 858-1141,http://tyersroofing.com/,Yes,4.8,31,"11720 Bailey Rd, Kathleen, FL 33849, USA",ChIJfdV0D35F3YgRdii8nfvrTUU,alive,,200,http://www.tyersroofing.com/,1084,False,
FINAL_TARGET_REVAMP_LIST,Lakeland,Auburndale FL,Plumbers,Sun State Plumbing Inc,(863) 967-6970,https://www.sunstateplumbinginc.net/,Yes,4.2,92,"207 Gandy Rd, Auburndale, FL 33823, USA",ChIJsa8Ox1hr3YgRCQi_HLIUc-o,alive,,200,,483,True,
FINAL_TARGET_REVAMP_LIST,Lakeland,Auburndale FL,Electricians,"Cassady Electric, INC.",(863) 294-2924,http://www.cassadyelectricinc.com/,Yes,4.0,28,"3535 Recker Hwy, Winter Haven, FL 33880, USA",ChIJ8Vo3_mIT3YgR-vle6ZAPXeI,alive,,200,https://www.cassadyelectricinc.com/,448,False,
FINAL_TARGET_REVAMP_LIST,Lakeland,Auburndale FL,Landscapers,K&C Mendez Lawn Service LLC,(863) 279-2607,https://kcmendez.com/,Yes,4.7,10,"629 Pilaklakaha Ave, Auburndale, FL 33823, USA",ChIJs6PIwchr3YgRhTODaA1RhpI,alive,,200,,660,True,
FINAL_TARGET_REVAMP_LIST,Lakeland,Auburndale FL,Accountants,"Brynjulfson CPA, P.A.",(800) 368-3959,http://www.myfloridacpas.com/,Yes,,0,"307 Pontotoc St, Auburndale, FL 33823, USA",ChIJ9yqq57Q43YgRyvgT4sPJb1k,alive,,200,,867,False,
FINAL_TARGET_REVAMP_LIST,Lakeland,Auburndale FL,Accountants,"Moore & Associates, CPA's",(863) 294-7772,http://www.moorecpa.net/,Yes,5.0,4,"567 Ave K SE, Winter Haven, FL 33880, USA",ChIJsXV5buES3YgRPVp3WeGDHIM,alive,,200,https://www.moorecpa.net/,1903,False,
FINAL_TARGET_REVAMP_LIST,Lakeland,Winter Haven FL,Plumbers,"Pro-Tech Plumbing, Air Conditioning & Electric LLC",(863) 318-8857,https://www.protechpace.com/,Yes,4.6,103,"801 Burns Ln, Winter Haven, FL 33884, USA",ChIJSVYEg7wS3YgRFrclDdIAxlA,alive,,200,,1300,True,
FINAL_TARGET_REVAMP_LIST,Lakeland,Winter Haven FL,Electricians,"A&T Electric, LLC",,https://www.atelectricllc.net/,Yes,5.0,3,"1204 6th St SW, Winter Haven, FL 33880, USA",ChIJE73RXvwT3YgRLUdGiRgLg-I,alive,,200,https://www.atelectricllc.net/index.html,1171,True,
FINAL_TARGET_REVAMP_LIST,Lakeland,Winter Haven FL,Electricians,Marina Del Rey Heating and Air Conditioning,,http://www.mnrelectric.net/,Yes,4.4,23,"701 6th St SW suite a, Winter Haven, FL 33880, USA",ChIJZaQoIuUS3YgRTJDwnXyxJlM,alive,,200,https://topflightelectric.com/,1216,False,
FINAL_TARGET_REVAMP_LIST,Lakeland,Winter Haven FL,Landscapers,Landscape Rehab,(954) 595-4095,http://www.landscaperehabsf.com/,Yes,4.8,48,"1280 Lake Buckeye Rd, Winter Haven, FL 33881, USA",ChIJc046OXQB2YgRTI5C4CNY2k8,alive,,200,https://landscaperehabsf.com/,1701,False,
FINAL_TARGET_REVAMP_LIST,Lakeland,Winter Haven FL,Landscapers,Polk Lawn,(863) 439-9400,https://polklawn.com/,Yes,4.8,75,"460 Liberty Ln, Winter Haven, FL 33884, USA",ChIJiZF_Ty0N3YgRmhPOwrktwNw,alive,,200,,238,True,
FINAL_TARGET_REVAMP_LIST,Lakeland,Winter Haven FL,Landscapers,Rasta Lawn Care & Concrete Services,(863) 219-4656,http://rastalawncare.com/,Yes,5.0,6,"351 Avenue L NE, Winter Haven, FL 33881, USA",ChIJ___rt8QS3YgRjRho6F50KrE,alive,,200,https://www.rastalawncare.com/,2351,False,
FINAL_TARGET_REVAMP_LIST,Lakeland,Winter Haven FL,Cleaning companies,Merritt Pressure Cleaning,(863) 294-3151,https://merrittpressurecleaning.com/,Yes,5.0,26,"1209 W Lake Buckeye Dr, Winter Haven, FL 33881, USA",ChIJ42PNLEcT3YgRDSPZ6avkHjE,alive,,200,,190,True,
FINAL_TARGET_REVAMP_LIST,Lakeland,Winter Haven FL,Accountants,"George Trenen Bush CPA & Co.,PA",(863) 401-8866,http://georgetrenenbushcpa.com/,Yes,4.5,8,"205 Ave K SE, Winter Haven, FL 33880, USA",ChIJLcule_oS3YgRKBSzLWmI9YE,alive,,200,https://georgetrenenbushcpa.com/,1543,False,
FINAL_TARGET_REVAMP_LIST,Lakeland,Winter Haven FL,Accountants,Thomas E Jennings & Co,(863) 294-3568,http://tejcpa.com/,Yes,5.0,3,"2 Lake Howard Dr SW, Winter Haven, FL 33881, USA",ChIJY0iKZh4T3YgRtiX6ZTVieBM,alive,,200,,779,False,
FINAL_TARGET_REVAMP_LIST,Lakeland,Winter Haven FL,Roofers,EZ Roofing Systems,(863) 875-1033,http://www.ezroofingsystems.com/,Yes,4.8,24,"120 W Central Ave, Winter Haven, FL 33880, USA",ChIJ-RXUkeYS3YgRvva0zhv951Y,alive,,200,https://www.ezroofingsystems.com/,2338,False,
FINAL_TARGET_REVAMP_LIST,Lakeland,Winter Haven FL,HVAC companies,RTC Heating & Air Conditioning,(352) 901-8733,http://www.rtchvac.com/,Yes,5.0,132,"280 Oleander St, Winter Haven, FL 33881, USA",ChIJH7xhZXsMhU8RuTFzoB9CkaI,alive,,200,https://rtchvac.com/,3067,False,
FINAL_TARGET_REVAMP_LIST,Lakeland,Winter Haven FL,Remodelers,lmv construction services,(863) 315-0023,https://lmvservicescontractor.com/,Yes,5.0,21,"100 Pine Island Dr, Winter Haven, FL 33884, USA",ChIJCYba1dIT3YgROJMRDR6SHR4,alive,,200,,1111,True,
FINAL_TARGET_REVAMP_LIST,Lakeland,Winter Haven FL,Remodelers,"""The Winter Haven Handyman""",(863) 585-0786,http://www.thewinterhavenhandyman.com/,Yes,5.0,25,"1870 U.S. Hwy 17-92 W, Lake Alfred, FL 33850, USA",ChIJ_Rw7DgQT3YgRbPngsVG1o28,alive,,200,https://www.thewinterhavenhandyman.com/,1433,False,
FINAL_TARGET_REVAMP_LIST,Lakeland,Bartow FL,Landscapers,Lightscape Design,(863) 333-2189,https://lightscapedesignfl.com/,Yes,4.9,17,"1239 E Main St, Bartow, FL 33830, USA",ChIJGVa9e70X3YgR0pIGQO4ZaW0,alive,,200,,230,True,
FINAL_TARGET_REVAMP_LIST,Lakeland,Bartow FL,Cleaning companies,LRoberts Cleaning Service,(863) 378-5172,https://lrobertscleaningservice.federalgovernment.info/,Yes,,0,"4701 Cynthia St, Bartow, FL 33830, USA",ChIJPUJjtgkFegQRzhpoCvO6n6E,alive,,200,,934,True,
FINAL_TARGET_REVAMP_LIST,Lakeland,Bartow FL,Accountants,Snape's Bookkeeping Services LLC,(863) 510-6183,https://www.snapesbookkeeping.com/,Yes,5.0,2,"142 Windsor Reserve Dr, Bartow, FL 33830, USA",ChIJL3wbVfFuDWkRTFlU50h3EmE,alive,,200,https://snapesbookkeeping.com/,1314,True,
FINAL_TARGET_REVAMP_LIST,Lakeland,Bartow FL,Pest control,Keith's Pest Control Inc,(863) 533-6231,http://keithpest.com/,Yes,4.7,12,"1700 N Park Ave, Bartow, FL 33830, USA",ChIJM-TUeLYX3YgRqAxDgbgY-6g,alive,,200,,580,False,
FINAL_TARGET_REVAMP_LIST,Lakeland,Lake Wales FL,Electricians,Estes Electric Inc,(863) 676-5437,http://esteselectricinc.com/,Yes,5.0,4,"1356 FL-60 E, Lake Wales, FL 33853, USA",ChIJuyEOfygJ3YgR2pGBzJeC62M,alive,,200,,584,False,
FINAL_TARGET_REVAMP_LIST,Lakeland,Lake Wales FL,Pest control,"Pest Tech Central, Inc.",(863) 632-4308,https://pesttechcentral.com/,Yes,5.0,19,"407 S Lake Starr Blvd, Lake Wales, FL 33898, USA",ChIJU1nYzzoL3YgR_7E3HmvBvdY,alive,,200,,624,True,
FINAL_TARGET_REVAMP_LIST,Lakeland,Lake Wales FL,Pest control,All Bugs Pest Control - Pest Control & Lawn Care,(863) 255-3173,https://www.allbugspestcontrolfl.com/,Yes,4.6,9,"2725 Old Grove Trail, Frostproof, FL 33843, USA",ChIJmQ-nwB6r3YgRz-d7TfPaQLI,alive,,200,https://sizmore.com/category.php?category=2&child=1&sub=4,1967,True,
FINAL_TARGET_REVAMP_LIST,Lakeland,Lake Wales FL,Roofers,Morel Roofing,(863) 452-5959,https://morelroofingincfl.com/,Yes,4.2,58,"1012 S Memorial Dr, Avon Park, FL 33825, USA",ChIJpXDA8XhU3IgRsx90vETOgLQ,alive,,200,,1358,True,
FINAL_TARGET_REVAMP_LIST,Lakeland,Lake Wales FL,Remodelers,Horizon Repair and Remodeling LLC,(689) 280-7041,https://horizonflorida.com/,Yes,,0,"15143 Havencrest Cir, Winter Garden, FL 34787, USA",ChIJ64Y6awd93YgREEfmIpFI9QM,alive,,200,,1646,True,
FINAL_TARGET_REVAMP_LIST,Lakeland,Haines City FL,Cleaning companies,Fresh Coat Pressure Washing,(863) 624-4677,http://www.freshcoatservicesfl.com/,Yes,5.0,50,"202 Barrington Dr, Haines City, FL 33844, USA",ChIJEQ94Cn_F-yERbdgMOp_kVCY,alive,,200,https://freshcoatservicesfl.com/,266,False,
FINAL_TARGET_REVAMP_LIST,Lakeland,Haines City FL,Accountants,E.N.E. Tax & Insurance,(863) 288-8233,https://enetaxplus.com/,Yes,4.8,22,"210 S Dixie Dr, Haines City, FL 33844, USA",ChIJK3ftipVz3YgRqw78CWDLBwM,alive,,200,,661,True,
FINAL_TARGET_REVAMP_LIST,Lakeland,Haines City FL,Pest control,Haynes Pest Control Inc,(863) 382-2272,http://www.haynespestcontrol.com/,Yes,4.8,162,"393 County Rd 17A W STE2, Avon Park, FL 33825, USA",ChIJz1WZx-1X3IgRmDFy2ZNvKiw,alive,,200,https://haynespestcontrol.com/,671,False,
FINAL_TARGET_REVAMP_LIST,Lakeland,Haines City FL,Pest control,PETRA MULTISERVICES LLC,,https://bestpestcontrol.site/,Yes,,0,"1334 Knollwood Dr, Davenport, FL 33837, USA",ChIJ3xr-3V5x3YgRkkR7pfCMlcM,alive,,200,,431,True,
FINAL_TARGET_REVAMP_LIST,Lakeland,Davenport FL,Plumbers,Titanz Plumbing & Air Conditioning,(941) 875-9669,https://www.calltitanz.com/,Yes,4.8,2480,"17436 Seymour Ave, Port Charlotte, FL 33953, USA",ChIJi0_xJYup3IgRUo56UzRm3Nc,alive,,200,,1245,True,
FINAL_TARGET_REVAMP_LIST,Lakeland,Davenport FL,Landscapers,"Chris Lawn Care Services, LLC",(321) 330-5067,http://www.chrislawncareservices.com/,Yes,4.5,23,"322 Pentas Ln, Haines City, FL 33844, USA",ChIJFyFGRlhx3YgRROYqhcKZ_H8,alive,,200,https://www.chrislawncareservices.com/,1527,False,
FINAL_TARGET_REVAMP_LIST,Lakeland,Davenport FL,Accountants,Reiser Jennings & Co PC,(563) 275-6954,https://www.rjpccpas.com/,Yes,5.0,10,"1706 N Brady St # 306, Davenport, IA 52803, USA",ChIJHWrl95I04ocRlGkFYv7Wp1o,alive,,200,,888,True,
FINAL_TARGET_REVAMP_LIST,Lakeland,Davenport FL,HVAC companies,Davenport Heating & Cooling,(863) 302-2145,https://www.davenportheatandcool.com/,Yes,5.0,3,"202 Ashford Dr, Davenport, FL 33837, USA",ChIJq6peGFlw3YgRDg1bbNTwt68,alive,,200,,1045,True,
FINAL_TARGET_REVAMP_LIST,Lakeland,Plant City FL,Plumbers,Alan's Air Conditioning Service Inc.,(813) 752-0821,https://alansairconditioning.com/,Yes,4.9,1975,"103 S Alexander St, Plant City, FL 33563, USA",ChIJgaaBQ-Y13YgRPqSUJ5yzybA,alive,,200,,131,True,
FINAL_TARGET_REVAMP_LIST,Lakeland,Plant City FL,Plumbers,Blue Box Plumbing and Drain Cleaning,(813) 258-3269,https://www.blueboxplumbing.com/,Yes,4.7,14,"Plant City, FL 33563, USA",ChIJqWNmjNW7wogRVL3D26WR3dI,alive,,200,,1008,True,
FINAL_TARGET_REVAMP_LIST,Lakeland,Plant City FL,Electricians,Accurate Electric LLC,(813) 433-6377,https://www.accurateelectricfl.com/,Yes,4.9,116,"6114 Farm Acrs Wy, Plant City, FL 33565, USA",ChIJ0eI7fhzLwogRS-AroIjCTuA,alive,,200,https://accurateelectricfl.com/,2233,True,
FINAL_TARGET_REVAMP_LIST,Lakeland,Plant City FL,Electricians,Expert Electrical Services LLC,(813) 731-2717,http://expertelectricfl.com/,Yes,5.0,32,"4802 Charlie Taylor Rd, Plant City, FL 33565, USA",ChIJ592vMaP72mYRUxn117vb6Ug,alive,,200,https://www.expertelectricfl.com/,1663,False,
FINAL_TARGET_REVAMP_LIST,Lakeland,Plant City FL,Electricians,Second Opinion Electric,(813) 716-6020,http://www.secondopinionelectric.com/,Yes,5.0,99,"2703 Auburn Ave W, Tampa, FL 33614, USA",ChIJVyLDOxnDGGAR9YrqgYvU5s0,alive,,200,https://secondopinionelectric.com/,2967,False,
FINAL_TARGET_REVAMP_LIST,Lakeland,Plant City FL,Landscapers,"Lawn Medic Landscaping & Irrigation, LLC",(813) 957-8020,http://www.lawnmedicland.com/,Yes,3.9,24,"4827 Beauchamp Rd, Plant City, FL 33563, USA",ChIJyzYaYvs03YgRKFFVs2p8LQg,alive,,200,,603,False,
FINAL_TARGET_REVAMP_LIST,Lakeland,Plant City FL,Accountants,Raulerson Castillo & Company,(813) 752-6604,http://www.rcwcpas.com/,Yes,4.3,10,"1907 S Alexander St #2, Plant City, FL 33566, USA",ChIJo0u2ABA03YgRB7C0KNQDA34,alive,,200,https://www.rcwcpas.com/,2739,False,
FINAL_TARGET_REVAMP_LIST,Lakeland,Plant City FL,Accountants,Servi-Todo Inc.,(813) 717-7795,https://servitodo.net/,Yes,4.6,72,"712 W Dr Martin Luther King Jr Blvd, Plant City, FL 33563, USA",ChIJ0X8BrlQ13YgRcHD2ldg8eBY,alive,,200,,697,True,
FINAL_TARGET_REVAMP_LIST,Lakeland,Plant City FL,Accountants,MONARCH TAX SOLUTIONS LLC,(813) 754-4333,http://monarchtaxsolutions.com/,Yes,4.6,19,"1003 S Alexander St STE 6B, Plant City, FL 33563, USA",ChIJR_E-uIg13YgRLNRe3XefoMA,alive,,200,https://monarchtaxsolutions.com/,1252,False,
FINAL_TARGET_REVAMP_LIST,Lakeland,Plant City FL,Pest control,"All Pro Wildlife, LLC",(813) 404-7033,http://www.tampaanimalcontrol.com/,Yes,4.8,67,"1308 N Ferrell St, Plant City, FL 33563, USA",ChIJR99Ey9Q13YgR2rjoPFWigqQ,alive,,200,,592,False,
FINAL_TARGET_REVAMP_LIST,Lakeland,Plant City FL,Roofers,Prattco Roofing,(813) 973-4771,http://www.prattcoroofing.com/,Yes,4.7,89,"2400 Airport Rd #2, Plant City, FL 33563, USA",ChIJb0HZhRU03YgRbghk2pH0Y4k,alive,,200,http://prattcoroofing.com/,1251,False,
FINAL_TARGET_REVAMP_LIST,Lakeland,Plant City FL,Roofers,Jenkins Roofing Tampa Inc.,(813) 321-3700,http://jenkinsroofingtampa.com/,Yes,5.0,18,"2402 W Baker St, Plant City, FL 33563, USA",ChIJvXFEDAW6mC8RjaTUAVUials,alive,,200,https://jenkinsroofingtampa.com/,3950,False,
FINAL_TARGET_REVAMP_LIST,Lakeland,Plant City FL,Remodelers,A&M Home Remodeling,(813) 358-7455,https://amremodelingflorida.com/,Yes,5.0,12,"4327 Lynx Paw Trail Suite 102, Valrico, FL 33596, USA",ChIJbVlMdLrTwogR433wlSv5Fsg,alive,,200,,1156,True,
FINAL_TARGET_REVAMP_LIST,Lakeland,Plant City FL,Remodelers,Martinsville Maintenance LLC,(813) 534-2082,http://martinsvillemaintenance.com/,Yes,5.0,11,"407 Vining St, Plant City, FL 33563, USA",ChIJm3iSOJU33YgRaixL7e6ds6E,alive,,200,https://www.martinsvillemaintenance.com/,2513,False,
FINAL_TARGET_REVAMP_LIST,Lakeland,Plant City FL,Remodelers,Harpro LLC,(813) 793-7486,https://harprollc.com/,Yes,5.0,9,"102 S Evers St Suite 105, Plant City, FL 33563, USA",ChIJ6eVeW3Y33YgR2pUTp8jwPpU,alive,,202,,1831,True,
FINAL_TARGET_REVAMP_LIST,Fort Lauderdale,Las Olas Fort Lauderdale FL,Plumbers,John's Plumbing,(954) 280-8682,https://johnsplumbing.com/,Yes,4.9,761,"1335 NE 12th Ave, Fort Lauderdale, FL 33304, USA",ChIJfXEdRLWu2YgRJPC2qPNIbzE,alive,,200,,1535,True,
FINAL_TARGET_REVAMP_LIST,Fort Lauderdale,Las Olas Fort Lauderdale FL,Electricians,Superior Electric and Air,(954) 575-1327,https://superiorelectricandair.com/,Yes,5.0,85,"1975 E Sunrise Blvd #535, Fort Lauderdale, FL 33304, USA",ChIJAWE1qa6AYyARXbYygcNqiF4,alive,,200,,2073,True,
FINAL_TARGET_REVAMP_LIST,Fort Lauderdale,Las Olas Fort Lauderdale FL,Landscapers,Timber Trees Landscaping tree service,(754) 304-1442,http://timberlandscaping.us/,Yes,5.0,33,"2881 E Oakland Park Blvd unit #410, Fort Lauderdale, FL 33306, USA",ChIJS4rAxK-cYU4RxM_jwkPrtr0,alive,,200,https://timberlandscaping.us/,1847,False,
FINAL_TARGET_REVAMP_LIST,Fort Lauderdale,Las Olas Fort Lauderdale FL,Landscapers,VS Landscaping Services inc.,(754) 422-9963,https://vslandscapingservices.com/,Yes,5.0,7,"81 NW 30th Terrace, Fort Lauderdale, FL 33311, USA",ChIJ0VwVJ7EB2YgRsuaIrZ-0soU,alive,,200,,1157,True,
FINAL_TARGET_REVAMP_LIST,Fort Lauderdale,Las Olas Fort Lauderdale FL,Cleaning companies,Maid For You Cleaning,(954) 677-7900,http://www.maidforyoucleaning.com/,Yes,4.8,138,"1001 NW 62nd St Ste 302W, Fort Lauderdale, FL 33309, USA",ChIJr7LQFrkD2YgRtx966_fkEDM,alive,,200,https://maidforyoucleaning.com/,4565,False,
FINAL_TARGET_REVAMP_LIST,Fort Lauderdale,Las Olas Fort Lauderdale FL,Accountants,"Wolfe CPA & Advisors, CPA - Tax Plan",(954) 546-1626,https://cpawolfe.com/,Yes,5.0,4,"300 SE 2nd St suite 600, Fort Lauderdale, FL 33301, USA",ChIJG1EyO6sB2YgRrX2jHPNFvfs,alive,,200,,1036,True,
FINAL_TARGET_REVAMP_LIST,Fort Lauderdale,Las Olas Fort Lauderdale FL,Accountants,The Original Bookkeepers LLC,(954) 600-5418,http://www.originalbookkeepers.com/,Yes,4.5,15,"1 Las Olas Cir, Fort Lauderdale, FL 33316, USA",ChIJzcjxWU4A2YgRzm7-B922QO4,alive,,200,http://originalbookkeepers.com/,1822,False,
FINAL_TARGET_REVAMP_LIST,Fort Lauderdale,Las Olas Fort Lauderdale FL,Accountants,"Rosa M. Cohen, CPA.",(561) 866-9602,http://rmccpa1.com/,Yes,5.0,1,"8 SE 8th St 2nd Floor, Fort Lauderdale, FL 33316, USA",ChIJDVdDoFgA2YgRvuJ_kPdmvjY,alive,,200,,1047,False,
FINAL_TARGET_REVAMP_LIST,Fort Lauderdale,Las Olas Fort Lauderdale FL,Pest control,Misla Pest Solutions LLC,(954) 558-4511,https://www.mislapestsolutions.com/,Yes,5.0,164,"6416 Franklin St, Hollywood, FL 33024, USA",ChIJcymTIVGinCER22U5R9m6F3Y,alive,,200,https://mislapestsolutions.com/,3757,True,
FINAL_TARGET_REVAMP_LIST,Fort Lauderdale,Las Olas Fort Lauderdale FL,Roofers,Ricketts Roofing And Construction,(954) 588-5670,https://rickettsroofing.com/,Yes,4.8,106,"1211 NW 29th Way, Fort Lauderdale, FL 33311, USA",ChIJ9W5JrLUB2YgRdjZTSxhCZKQ,alive,,200,,1324,True,
FINAL_TARGET_REVAMP_LIST,Fort Lauderdale,Las Olas Fort Lauderdale FL,HVAC companies,Quality Air Conditioning Company,(954) 504-6314,https://www.qualityac.com/,Yes,4.9,995,"720 W McNab Rd, Fort Lauderdale, FL 33309, USA",ChIJrYpiHLAD2YgRfYsedmom0SQ,alive,,200,,1515,True,
FINAL_TARGET_REVAMP_LIST,Fort Lauderdale,Las Olas Fort Lauderdale FL,HVAC companies,"Aloha Air Conditioning, Inc.",(954) 772-0079,https://www.alohaac.com/,Yes,4.7,143,"1217 E Broward Blvd, Fort Lauderdale, FL 33301, USA",ChIJ9VPJmcIB2YgRTCw2uiYsllM,alive,,200,,785,True,
FINAL_TARGET_REVAMP_LIST,Fort Lauderdale,Las Olas Fort Lauderdale FL,Remodelers,Palladium Construction – Fort Lauderdale General Contractor,(561) 430-7051,https://palladiumconstruction.com/,Yes,4.8,44,"2598 E Sunrise Blvd #2104, Fort Lauderdale, FL 33304, USA",ChIJk0w3ZZcH32oR3fozEG99BwY,alive,,200,,783,True,
FINAL_TARGET_REVAMP_LIST,Fort Lauderdale,Victoria Park Fort Lauderdale FL,Plumbers,John’s Plumbing,(954) 994-1167,https://johnsplumbing.com/,Yes,4.8,1084,"2110 SW 60th Way, Miramar, FL 33023, USA",ChIJhRtxdbSv2YgRR4dgRIdAW4Q,alive,,200,,1398,True,
FINAL_TARGET_REVAMP_LIST,Fort Lauderdale,Victoria Park Fort Lauderdale FL,Plumbers,Veteran's Plumbing Inc,(954) 497-2300,http://emergencyplumbingfortlauderdale.com/,Yes,4.3,17,"3020 NW 23rd Ave, Oakland Park, FL 33311, USA",ChIJ0alQ3EQB2YgRc-3FV3qj_xo,alive,,200,https://emergencyplumbingfortlauderdale.com/,4498,False,
FINAL_TARGET_REVAMP_LIST,Fort Lauderdale,Wilton Manors FL,Landscapers,Top Cut Landscaping and tree service,(954) 678-7287,http://www.topcutlandscapingfl.com/,Yes,4.6,9,"999 E Oakland Park Blvd, Oakland Park, FL 33334, USA",ChIJQZuhnCwC2YgRpyO0YH_Ni6Q,alive,,200,http://www.topcutlandscapingfl.com/cgi-sys/suspendedpage.cgi,1253,False,
FINAL_TARGET_REVAMP_LIST,Fort Lauderdale,Cypress Creek Fort Lauderdale FL,Remodelers,Bickoff Construction,(561) 629-2622,http://bickoffconstruction.com/,Yes,5.0,14,"500 N Andrews Ave #657, Fort Lauderdale, FL 33301, USA",ChIJcbp0TEUm2YgRbezbIwYenjw,alive,,200,,967,False,
FINAL_TARGET_REVAMP_LIST,Fort Lauderdale,Lauderdale-by-the-Sea FL,Roofers,Air Force Roofing,(954) 666-0864,https://airforceroofing.com/,Yes,4.9,124,"1960 NW 16th St, Pompano Beach, FL 33069, USA",ChIJ_4uhaSgB2YgRpCzjy-DQUXg,alive,,200,,1086,True,
FINAL_TARGET_REVAMP_LIST,Fort Lauderdale,Lauderdale-by-the-Sea FL,HVAC companies,Ultracool AC Heating Inc,(954) 452-8101,http://www.ultracoolair.com/,Yes,4.9,678,"10144 NW 47th St, Sunrise, FL 33351, USA",ChIJwTJHoC8G2YgRK-RC78S9Fjc,alive,,200,,1133,False,
FINAL_TARGET_REVAMP_LIST,Fort Lauderdale,Rio Vista Fort Lauderdale FL,Electricians,G electric solutions LLC,(754) 221-7167,https://www.gelectricsolution.com/,Yes,,0,"100 SE 3rd Ave Suite 1000, Fort Lauderdale, FL 33394, USA",ChIJibicaIIB2YgRal-DutCioRE,alive,,200,,954,True,
FINAL_TARGET_REVAMP_LIST,Fort Lauderdale,Rio Vista Fort Lauderdale FL,Electricians,Elekron Electric Inc,(786) 423-5230,http://www.elekronelectric.com/,Yes,5.0,231,"2332 Galiano St Second Floor, Coral Gables, FL 33134, USA",ChIJ3xpi3L232YgRgtKQ59YyICk,alive,,200,https://www.elekronelectric.com/,1648,False,
FINAL_TARGET_REVAMP_LIST,Fort Lauderdale,Coral Ridge Fort Lauderdale FL,Plumbers,24 Hour Plumbing,(954) 210-5008,http://24hourplumbing.org/,Yes,4.8,61,"7401 Wiles Rd, Coral Springs, FL 33067, USA",ChIJ0VwalSUb2YgRkRoVhi2bdlo,alive,,200,https://24hourplumbing.org/,453,False,
FINAL_TARGET_REVAMP_LIST,Fort Lauderdale,Coral Ridge Fort Lauderdale FL,Electricians,"Customer 1st Electric, LLC",(954) 340-5668,http://www.customer1stelectric.com/,Yes,5.0,86,"4613 N University Dr #439, Coral Springs, FL 33067, USA",ChIJB72rfbka2YgRdzTQsoZVIkc,alive,,200,https://customer1stelectric.com/,1654,False,
FINAL_TARGET_REVAMP_LIST,Fort Lauderdale,Coral Ridge Fort Lauderdale FL,Landscapers,Top Notch Artificial Turf,(954) 593-6771,https://topnotchartificialturf.com/,Yes,4.8,136,"3302 NE 34th St, Fort Lauderdale, FL 33308, USA",ChIJ4c_X8XUB2YgRqAt7gBAtXtk,alive,,200,,2939,True,
FINAL_TARGET_REVAMP_LIST,Fort Lauderdale,Plantation FL,Roofers,Best Top Roofing,(954) 465-0600,http://bestoproofing.com/,Yes,4.9,46,"10641 NW 5th St, Plantation, FL 33324, USA",ChIJQUKvNcwJ2YgRthdr4lq3W6I,alive,,200,https://bestoproofing.com/,4518,False,
FINAL_TARGET_REVAMP_LIST,Fort Lauderdale,Plantation FL,Roofers,Ricketts Roofing And Construction,(954) 588-5670,http://www.rickettsconstruction.com/,Yes,4.7,96,"4987 N University Dr #17, Lauderhill, FL 33351, USA",ChIJE6hXJN0F2YgREVemKWAhVCk,alive,,200,https://rickettsconstruction.com/,3229,False,
FINAL_TARGET_REVAMP_LIST,Fort Lauderdale,Coral Springs FL,Electricians,AMEG Services,(954) 668-4901,https://amegelectricallighting.net/,Yes,5.0,158,"12201 NW 35th St, Coral Springs, FL 33065, USA",ChIJJfjo17QR2YgRqv6-I8DgpU8,alive,,200,,90,True,
FINAL_TARGET_REVAMP_LIST,Fort Lauderdale,Coral Springs FL,Remodelers,Home Design and Repair,(954) 372-1232,http://www.homedesignandrepair.com/,Yes,4.9,62,"4613 N University Dr #185, Coral Springs, FL 33067, USA",ChIJIzPl88Ua2YgRtrlEjUszuW8,alive,,202,,700,False,
FINAL_TARGET_REVAMP_LIST,Fort Lauderdale,Coral Springs FL,Remodelers,J Hammer Home & Designs,(631) 922-3280,http://jhammerhomedesigns.com/,Yes,5.0,22,"3301 N University Dr Suite 100, Coral Springs, FL 33065, USA",ChIJExdLj076M2kRYgxj_VELBoI,alive,,200,https://jhammerhomedesigns.com/,2265,False,
FINAL_TARGET_REVAMP_LIST,Fort Lauderdale,Pompano Beach FL,HVAC companies,"Elite Air Conditioning & Construction, llc",(954) 304-7255,https://www.eliteairpros.com/,Yes,5.0,54,"509 NW 36th Ave, Pompano Beach, FL 33069, USA",ChIJ7_Ll8D8D2YgRVjo99871NKo,alive,,200,http://www.eliteairpros.com/cgi-sys/suspendedpage.cgi,2236,True,
FINAL_TARGET_REVAMP_LIST,Fort Lauderdale,Deerfield Beach FL,Accountants,Gilbert J D & Company CPA,(954) 419-1000,http://www.jdgilbert.com/,Yes,3.7,3,"600 W Hillsboro Blvd Suite 101, Deerfield Beach, FL 33441, USA",ChIJJWnD8Zgd2YgR9nhmZltY_Y4,alive,,200,,972,False,
FINAL_TARGET_REVAMP_LIST,Fort Lauderdale,Deerfield Beach FL,Accountants,1Way Tax Services LLC,(954) 415-4516,http://www.1waytaxservices.com/,Yes,5.0,19,"1701 W Hillsboro Blvd Suite 208, Deerfield Beach, FL 33442, USA",ChIJpQUJcFjVMK0Rb0j3fOExFWc,alive,,200,https://www.1waytaxservices.com/,201,False,
FINAL_TARGET_REVAMP_LIST,Fort Lauderdale,Deerfield Beach FL,Pest control,Hitman Termite & Pest Control,(954) 596-0735,https://hitmanpestcontrol.com/,Yes,4.9,122,"440 S Federal Hwy Suite 202C, Deerfield Beach, FL 33441, USA",ChIJtxwM6fTj2IgRcLAi7hHhMH4,alive,,200,,307,True,
FINAL_TARGET_REVAMP_LIST,Fort Lauderdale,Deerfield Beach FL,Pool service companies,"Cristal Pool - Swimming Pool Cleaning Service in Deerfield Beach, FL",(954) 234-6932,https://cristalpoolfl.com/,Yes,4.0,3,"784 Tivoli Cir #201, Deerfield Beach, FL 33441, USA",ChIJ5Zivku0d2YgRCiO8obdi5Y8,alive,,200,,114,True,
FINAL_TARGET_REVAMP_LIST,Fort Lauderdale,Deerfield Beach FL,Remodelers,Mazza Interiors,(561) 944-9887,http://www.mazzainteriors.com/,Yes,4.8,50,"37 NE 1st Terrace Suite C, Deerfield Beach, FL 33441, USA",ChIJW1sGIcTh2IgRzNo9N7jzsY4,alive,,200,https://www.mazzainteriors.com/,557,False,
FINAL_TARGET_REVAMP_LIST,Fort Lauderdale,Davie FL,Plumbers,Davie Plumbing and Supply,(954) 434-7477,http://www.davieplumbingandsupply.com/,Yes,4.5,69,"5911 S University Dr, Davie, FL 33328, USA",ChIJNS49X16o2YgRm_alVxIpY04,alive,,200,https://www.davieplumbingandsupply.com/,1647,False,
FINAL_TARGET_REVAMP_LIST,Fort Lauderdale,Davie FL,Landscapers,"BLT Lawncare, LLC",(954) 445-1455,https://www.bltlawncare.com/,Yes,4.9,401,"5601 SW 49th St, Davie, FL 33314, USA",ChIJtQSWMZyr2YgRnyi7_XiktCQ,alive,,200,,494,True,
FINAL_TARGET_REVAMP_LIST,Fort Lauderdale,Davie FL,Cleaning companies,Ng solutions cleaning,(954) 306-6422,https://ngsolutionscleaning.com/,Yes,4.8,204,"4801 S University Dr # 102, Davie, FL 33328, USA",ChIJVaj5lUGo2YgRQ-YdBZNP5bg,alive,,200,,1051,True,
FINAL_TARGET_REVAMP_LIST,Fort Lauderdale,Davie FL,Cleaning companies,Elite environmental cleaning services,(954) 280-8402,https://eliteecsusa.com/,Yes,5.0,13,"4474 Weston Rd #1151, Davie, FL 33331, USA",ChIJhwFYsPx-OYURT-jUHdXvvi0,alive,,200,,1350,True,
FINAL_TARGET_REVAMP_LIST,Fort Lauderdale,Davie FL,Roofers,KMR Roofing,(954) 869-9091,https://kmrroof.com/,Yes,4.7,76,"10424 FL-84 STE 10, Davie, FL 33324, USA",ChIJeZVo6PQJ2YgRERbocDc0hYc,alive,,200,,1201,True,
FINAL_TARGET_REVAMP_LIST,Fort Lauderdale,Davie FL,HVAC companies,Big Time Air Conditioning,(954) 554-7429,https://www.bigtimeairconditioning.com/,Yes,4.9,188,"5021 S State Rd 7 unit 208, Davie, FL 33314, USA",ChIJt79gcIep2YgRYqc-oYRlt3g,alive,,200,,466,True,
FINAL_TARGET_REVAMP_LIST,Fort Lauderdale,Davie FL,HVAC companies,Genesis Air Mechanical Inc,(305) 965-1316,http://genesisairmechanical.com/,Yes,5.0,106,"13762 W State Rd 84 Ste 194, Davie, FL 33325, USA",ChIJK-qJtxyn2YgRr5r0q7LCnrY,alive,,200,https://genesisairmechanical.com/,127,False,
FINAL_TARGET_REVAMP_LIST,Fort Lauderdale,Sunrise FL,Cleaning companies,FH&J GROUP Commercial cleaning and Janitorial Services,(800) 721-6132,http://fhjgroupllc.com/,Yes,5.0,11,"2081 N University Dr Suite 104, Sunrise, FL 33322, USA",ChIJz9ttCPVf9Y0RhYn6Esy7t1c,alive,,200,https://fhjgroupllc.com/,1216,False,
FINAL_TARGET_REVAMP_LIST,Fort Lauderdale,Tamarac FL,Plumbers,Baldwin Plumbing & Drain,(954) 730-5750,https://baldwinplumbingtamarac.com/,Yes,5.0,25,"10300 W Commercial Blvd suite 509, Tamarac, FL 33321, USA",ChIJAQBEME4P2YgR8JW7RW0KtdQ,alive,,200,,1318,True,
FINAL_TARGET_REVAMP_LIST,Fort Lauderdale,Hallandale Beach FL,Electricians,1000 Volts Electric LLC,(305) 904-1066,https://1000voltselectric.com/,Yes,4.9,45,"2490 S Park Rd #108, Hallandale Beach, FL 33009, USA",ChIJ5fI_eHmt2YgRaTXpLNcqf4g,alive,,200,,772,True,
FINAL_TARGET_REVAMP_LIST,Fort Lauderdale,Hallandale Beach FL,Electricians,Benchmark Electric,(786) 752-5007,https://www.benchmarkelectricians.com/,Yes,4.6,13,"1391 NE 161st St, North Miami Beach, FL 33162, USA",ChIJ28VvlcOt2YgRnK5Q8sW19V4,alive,,200,,943,True,
FINAL_TARGET_REVAMP_LIST,Fort Lauderdale,Hallandale Beach FL,Pest control,All County Environmental Services,(754) 263-3464,http://www.nomorepestsfl.com/,Yes,4.4,28,"3130 SW 19th St Suite 444, Hallandale Beach, FL 33009, USA",ChIJT9_Ek16p2YgRdPeNotgSUgA,alive,,200,https://www.nomorepestsfl.com/,1839,False,
FINAL_TARGET_REVAMP_LIST,Fort Lauderdale,Hallandale Beach FL,Roofers,Trust Construction,(786) 789-2912,https://trustconstructionsfl.com/,Yes,4.7,82,"1250 E Hallandale Beach Blvd #3, Hallandale Beach, FL 33009, USA",ChIJHTSMRahlFQYRVJNnhdPKaIM,alive,,200,,567,True,
FINAL_TARGET_REVAMP_LIST,Tampa,Westshore Tampa FL,Plumbers,"Cass Plumbing, Inc.",(813) 265-9200,https://cassplumbingtampabay.com/,Yes,4.5,761,"4808 N Hubert Ave, Tampa, FL 33614, USA",ChIJmRac_bbBwogRy2lT34zHCtI,alive,,200,,1197,True,
FINAL_TARGET_REVAMP_LIST,Tampa,Westshore Tampa FL,Plumbers,Alvarez Plumbing & Air Conditioning,(813) 213-0533,https://www.alvarezplumbing.com/,Yes,4.8,2513,"1623 S 51st St, Tampa, FL 33619, USA",ChIJf6GVqWjFwogREBGlPATEeUc,alive,,200,,681,True,
FINAL_TARGET_REVAMP_LIST,Tampa,Westshore Tampa FL,Plumbers,Granda Plumbing,(813) 599-2468,http://grandaplumbing.com/,Yes,4.9,173,"1523 W Grace St, Tampa, FL 33607, USA",ChIJ71IN79CQIacReY_T1pe6Rzo,alive,,200,http://www.grandaplumbing.com/,817,False,
FINAL_TARGET_REVAMP_LIST,Tampa,Westshore Tampa FL,Landscapers,Green & Más Landscape Services,(813) 524-7080,https://greenandmas.com/,Yes,5.0,18,"3201 W Hillsborough Ave Unit 153181, Tampa, FL 33684, USA",ChIJY9bJ6bW5rAkRO1c1qRuSw20,alive,,200,,1192,True,
FINAL_TARGET_REVAMP_LIST,Tampa,Westshore Tampa FL,Cleaning companies,Lightning Cleaning Tampa,(813) 922-2110,https://lightningcleaningtampa.com/,Yes,4.9,244,"106 S Habana Ave UNIT 7, Tampa, FL 33609, USA",ChIJpZhBSeHEzAQReGmdZ1act3Q,alive,,200,,915,True,
FINAL_TARGET_REVAMP_LIST,Tampa,Westshore Tampa FL,Cleaning companies,Magnolia Cleaning Service,(813) 213-0288,https://www.magnoliacleaningservice.com/,Yes,4.6,86,"14910 N Dale Mabry Hwy #340614, Tampa, FL 33618, USA",ChIJAxBAAJjBwogRNXWgBSdSLZY,alive,,200,,1590,True,
FINAL_TARGET_REVAMP_LIST,Tampa,Westshore Tampa FL,Accountants,"Felix Blanco, CPA",(813) 343-3863,http://www.felixblancocpa.com/,Yes,5.0,36,"13059 W Linebaugh Ave #102, Tampa, FL 33626, USA",ChIJTUU0yXjrwogR7TNaHzAmrN0,alive,,200,,928,False,
FINAL_TARGET_REVAMP_LIST,Tampa,Westshore Tampa FL,Pool service companies,Perez Pool Cleaning Tampa Bay,(727) 607-1456,https://www.perezpoolcleaning.com/,Yes,5.0,20,"5909 Johns Rd Suite 115, Tampa, FL 33634, USA",ChIJwa3iev_BwogRym_2jPWc5Sg,alive,,200,https://perezpoolcleaning.com/,2013,True,
FINAL_TARGET_REVAMP_LIST,Tampa,Westshore Tampa FL,HVAC companies,"Kenny's Air Conditioning & Heating Services, Inc.",(813) 875-3669,https://ackenny.com/,Yes,4.8,293,"4418 N Cortez Ave, Tampa, FL 33614, USA",ChIJy7ImvMjDwogR7iAZGfPyrm0,alive,,200,,1694,True,
FINAL_TARGET_REVAMP_LIST,Tampa,Westshore Tampa FL,Remodelers,"ATi Services of Tampa 👍 Kitchen Remodeler, Bathroom Remodeling & General Contractor",(813) 350-7863,http://www.atiservicesoftampa.com/,Yes,4.8,91,"3030 N Rocky Point Dr W Suit #150, Tampa, FL 33607, USA",ChIJpzysktDpwogRt-W4KfRBteM,alive,,200,https://atiservicesoftampa.com/,1036,False,
FINAL_TARGET_REVAMP_LIST,Tampa,Westshore Tampa FL,Remodelers,Tampa Bay General Contractors,(813) 335-5562,http://www.tampabaygeneralcontractors.com/,Yes,5.0,112,"4532 W Kennedy Blvd #500, Tampa, FL 33609, USA",ChIJKwBTMZ3pwogRwzDYo73RsgA,alive,,200,,868,False,
FINAL_TARGET_REVAMP_LIST,Tampa,Hyde Park Tampa FL,Plumbers,Pipe Doctor Plumbing,(813) 797-7392,http://pipedoctorplumbingfl.com/,Yes,5.0,19,"400 N Ashley Dr Suite 1900, Tampa, FL 33602, USA",ChIJO6Fjar3-HYoRXrFNF0fe6wQ,alive,,200,https://pipedoctorplumbingfl.com/,1576,False,
FINAL_TARGET_REVAMP_LIST,Tampa,Hyde Park Tampa FL,Pest control,"Chet's Termite & Pest Management, Inc.",(813) 935-7554,https://chetspest.com/,Yes,4.7,970,"2112 W Waters Ave, Tampa, FL 33604, USA",ChIJUyhRCzbBwogR7QFJULhjXrg,alive,,200,,330,True,
FINAL_TARGET_REVAMP_LIST,Tampa,Hyde Park Tampa FL,Roofers,Rainier Roofing LLC,(813) 920-9065,https://rainierroofing.com/,Yes,4.6,129,"5000 N Nebraska Ave, Tampa, FL 33603, USA",ChIJz8WGFh3FwogRTV5DGvbcfcs,alive,,200,,402,True,
FINAL_TARGET_REVAMP_LIST,Tampa,Ybor City Tampa FL,Accountants,The CFO Collective,(888) 315-6420,https://www.cfocollective.io/,Yes,5.0,15,"1600 E 8th Ave A200, Tampa, FL 33605, USA",ChIJWapHRlLFwogRiqzPHZQie7o,alive,,200,,1116,True,
FINAL_TARGET_REVAMP_LIST,Tampa,Ybor City Tampa FL,Pest control,Bugs or Us Termite & Pest Control,(813) 886-2847,https://bugsoruspestcontrol.com/,Yes,4.0,8,"1301 W Busch Blvd, Tampa, FL 33612, USA",ChIJocl5JS_HwogRHWUtMo5TBuo,alive,,200,,955,True,
FINAL_TARGET_REVAMP_LIST,Tampa,Palma Ceia Tampa FL,Landscapers,Palmera Landscaping,(813) 624-0135,http://www.palmeralandscapingfl.com/,Yes,5.0,9,"9004 Hickory Cir, Tampa, FL 33615, USA",ChIJ0T7C4B7rwogRV4jRGwzTk1A,alive,,200,,2085,False,
FINAL_TARGET_REVAMP_LIST,Tampa,Palma Ceia Tampa FL,Landscapers,All Landscape,(813) 477-0580,https://alllandscapetampa.com/,Yes,,0,"5809 N Rome Ave, Tampa, FL 33603, USA",ChIJ15qr5iWZZ4cRs0gL_AXeozE,alive,,200,,643,True,
FINAL_TARGET_REVAMP_LIST,Tampa,Palma Ceia Tampa FL,Accountants,CEV Services,(813) 930-8015,http://cevtaxes.com/,Yes,4.2,5,"4603 N Armenia Ave, Tampa, FL 33603, USA",ChIJGfmQ7lDBwogRqGzByzNJY5Y,alive,,200,https://cevtaxes.com/,2844,False,
FINAL_TARGET_REVAMP_LIST,Tampa,Palma Ceia Tampa FL,Accountants,Alvarez Company PA CPA Firm,(813) 938-2400,http://www.alvarezcpa.com/,Yes,4.6,7,"605 Apollo Beach Blvd, Apollo Beach, FL 33572, USA",ChIJMS4qnMjZwogR4inPh1Oy4Ag,alive,,200,,917,False,
FINAL_TARGET_REVAMP_LIST,Tampa,Palma Ceia Tampa FL,Pool service companies,BlueLaguna Pool Service,(813) 447-5391,http://www.bluelagunapoolservice.com/,Yes,4.6,66,"5433 Baywater Dr, Tampa, FL 33615, USA",ChIJqfFX7ePpwogRdiEYR6pjKcg,alive,,200,https://bluelagunapoolservice.com/,1896,False,
FINAL_TARGET_REVAMP_LIST,Tampa,Palma Ceia Tampa FL,Remodelers,G2 Home Services,(727) 478-5279,https://g2homeservices.com/,Yes,4.9,45,"7840 Leo Kidd Ave Unit 2, Port Richey, FL 34668, USA",ChIJD73-KMCRwogR8_nR5mvYcXw,alive,,202,,1561,True,
FINAL_TARGET_REVAMP_LIST,Tampa,Tampa Heights FL,Cleaning companies,TPA Cleaning,(940) 735-1463,https://www.tpacleaning.com/,Yes,4.8,19,"304 E Waters Ave, Tampa, FL 33604, USA",ChIJywxRNf7HwogRK1x_4EMe-OI,alive,,200,https://tpacleaning.com/,2318,True,
FINAL_TARGET_REVAMP_LIST,Tampa,Lutz FL,Roofers,GenX Roofing,(813) 641-4344,https://genxroofing.com/,Yes,5.0,114,"18865 FL-54 Suite 306, Lutz, FL 33558, USA",ChIJfV0iZAUK1UURkfuCx5g0GyE,alive,,200,,821,True,
FINAL_TARGET_REVAMP_LIST,Tampa,Land O Lakes FL,HVAC companies,Cool Mode A/C Services LLC,(813) 790-8313,https://coolmodeac.com/,Yes,5.0,45,"3930 Seixas Pl, Land O' Lakes, FL 34639, USA",ChIJr_hLtiW7wogRKhSW1VDI-b8,alive,,200,,1359,True,
FINAL_TARGET_REVAMP_LIST,Tampa,Brandon FL,Electricians,A Solid Connection Electrical Services of SWFL LLC,(239) 258-7382,http://asolidconnection.com/,Yes,5.0,112,"2209 Kingswood Ln, Brandon, FL 33511, USA",ChIJfRSLDTKU_gcRk_LbKSkGVJc,alive,,200,https://asolidconnection.com/,1591,False,
FINAL_TARGET_REVAMP_LIST,Tampa,Brandon FL,Landscapers,Big Daddy Lawns,(813) 373-3633,https://www.bigdaddylawns.com/,Yes,4.2,40,"8604 White Poplar Dr, Riverview, FL 33578, USA",ChIJwUsmcyrXwogR_AiMdiqpGsw,alive,,200,https://bigdaddylawns.com/,1017,True,
FINAL_TARGET_REVAMP_LIST,Tampa,Brandon FL,Pest control,Taps Pest Services,(813) 315-0447,https://tapspestservices.com/,Yes,4.8,425,"9623 Mathog Rd, Riverview, FL 33578, USA",ChIJu-HSPemhwogRRI3NH8KLWC0,alive,,200,,1276,True,
FINAL_TARGET_REVAMP_LIST,Orlando,Winter Park FL,Accountants,General Tax Business LLC,(407) 406-4068,http://www.generaltaxbusiness.com/,Yes,5.0,118,"3015 Aloma Ave STE. B, Winter Park, FL 32792, USA",ChIJbS0oxhtv54gRhlXC8ueV2vc,alive,,200,https://generaltaxbusiness.com/,8416,False,
FINAL_TARGET_REVAMP_LIST,Orlando,Lake Nona Orlando FL,Remodelers,Herbross Construction,(321) 677-2115,http://www.herbross.org/,Yes,5.0,6,"6900 Tavistock Lakes Blvd Suite 400, Orlando, FL 32827, USA",ChIJi_CRTGeJ3YgRX1YT0NEzXEY,alive,,200,https://herbrossconstruction.com/,3347,False,
FINAL_TARGET_REVAMP_LIST,Orlando,MetroWest Orlando FL,Roofers,His and Hers Construction,(407) 203-4825,http://www.hhroofs.com/,Yes,4.8,1625,"515 18th St, Orlando, FL 32805, USA",ChIJCxk2B25754gReiXahkicSKA,alive,,200,https://hisandhersroof.com/,6230,False,
FINAL_TARGET_REVAMP_LIST,Orlando,Casselberry FL,Electricians,Carroll's Electric Inc,(407) 767-5661,http://www.carrollselectricinc.com/,Yes,4.8,30,"1275 Bennett Dr, Longwood, FL 32750, USA",ChIJW0bGoBpy54gRoP-I7gANzuM,alive,,200,https://www.carrolls-electric-inc.com/,1933,False,
FINAL_TARGET_REVAMP_LIST,Lakeland,Downtown Lakeland FL,Roofers,Five Points Roofing,(863) 660-5834,https://fivepointsroofingfl.com/,Yes,5.0,65,"2587 Colonel Ford Dr, Lakeland, FL 33813, USA",ChIJx64HM7fcmCERr32qJoXMh-0,alive,,200,,7939,True,
FINAL_TARGET_REVAMP_LIST,Lakeland,Lake Wales FL,Electricians,OAR Electric Inc,(863) 676-8801,http://oarelectric.com/,Yes,5.0,1,"920 E St, Lake Wales, FL 33853, USA",ChIJHyoDSDsJ3YgRGBvX8edymSk,alive,,200,https://www.facebook.com/people/Oar-Electric-Inc/100060317451019/,1582,False,
FINAL_TARGET_REVAMP_LIST,Lakeland,Davenport FL,Accountants,"Moorhead Patterson & Company, P.C.",(563) 388-4744,http://www.moorheadcpa.com/,Yes,5.0,22,"3910 Lillie Ave, Davenport, IA 52806, USA",ChIJk-SiCCc14ocR1go1K7MrgpA,alive,,200,https://www.moorheadcpa.com/,3254,False,
FINAL_TARGET_REVAMP_LIST,Fort Lauderdale,Deerfield Beach FL,Cleaning companies,Queen Bee Maids Corp of Boca Raton & Coral Springs,(786) 914-9051,https://queenbeemaids.com/,Yes,5.0,73,"715 Siesta Key Trail APT 1411, Deerfield Beach, FL 33441, USA",ChIJHYibJHad408RIZ0K42sTLqI,alive,,200,,6038,True,
FINAL_TARGET_REVAMP_LIST,Fort Lauderdale,Davie FL,Pool service companies,Blue infinity pool services,(786) 872-2735,https://www.blueinfinitypoolservicesllc.com/,Yes,5.0,15,"4474 Weston Rd #355, Davie, FL 33331, USA",ChIJZ_p5ozSn2YgR4iclXmpOFZA,alive,,200,https://expireddomains.com/domain/blueinfinitypoolservicesllc.com,1268,True,
FINAL_TARGET_REVAMP_LIST,Tampa,Land O Lakes FL,HVAC companies,Santos A/C and Plumbing,(813) 376-3985,http://santosactampa.com/,Yes,4.9,96,"18505 Hanna Rd, Lutz, FL 33549, USA",ChIJnQpk29i7wogRY75xrB_jucw,alive,,200,https://santosactampa.com/,1941,False,
