city,area,industry,name,phone,website,has_website,rating,review_count,address,place_id,pipeline_stage,fake_tier,http_status,redirect_url,response_ms,has_ssl,priority_score
Jacksonville,San Marco Jacksonville FL,Electricians,Munson & Bryan Electric Co Inc,(904) 396-6689,,No,3.7,32,"3434 St Augustine Rd, Jacksonville, FL 32207, USA",ChIJvx0ffUy25YgRPgMZjtOkIxI,no_website,,,,,False,100
Jacksonville,San Marco Jacksonville FL,Remodelers,HOME RENOVATIONS JAX LLC,(904) 566-1941,https://sites.google.com/view/homerenovationsjax/home,Yes,5,133,"13163 Ranch Rd #3307, Jacksonville, FL 32218, USA",ChIJ-_VZDSW35YgRSidhZ2W4rbU,fake_B,B,,,,True,100
Jacksonville,Riverside Jacksonville FL,Landscapers,Heroic Landscapes,(904) 303-6819,,No,5,47,"718 Monte Carlo Rd, Jacksonville, FL 32216, USA",ChIJs6CJU7O15YgR08T9rXGtSzs,no_website,,,,,False,100
Jacksonville,Riverside Jacksonville FL,Accountants,The Tax Office,(904) 577-0086,,No,5,139,"6817 Southpoint Pkwy Ste 1601, Jacksonville, FL 32216, USA",ChIJySqwOwm15YgR_f2trcaPxDo,no_website,,,,,False,100
Jacksonville,Mandarin Jacksonville FL,Plumbers,ROOTER EXPRESS OF JAX LLC,(904) 909-1763,,No,5,132,"11648 Pine Acres Rd, Jacksonville, FL 32223, USA",ChIJa3S5Gy3P5YgRsq9wnWAkYdM,no_website,,,,,False,100
Jacksonville,Mandarin Jacksonville FL,Landscapers,Jungle Life Landscape LLC,(904) 423-6024,,No,4.6,50,"11547 Sedgemoore Dr E, Jacksonville, FL 32223, USA",ChIJVVXFec7O5YgRdG7-VUETbbA,no_website,,,,,False,100
Jacksonville,Mandarin Jacksonville FL,Landscapers,Millers Irrigation Services LLC,(904) 236-7976,,No,5,113,"12748 Fernbank Ln, Jacksonville, FL 32223, USA",ChIJ6QlXV-XP5YgREM3vhq7hy-M,no_website,,,,,False,100
Jacksonville,St. Johns Town Center Jacksonville FL,Plumbers,Stevenson plumbing,(904) 762-6830,,No,5,38,"6834 Brandemere Rd S, Jacksonville, FL 32211, USA",ChIJ4eYd-eWOBGER2xWy3ECggfk,no_website,,,,,False,100
Jacksonville,St. Johns Town Center Jacksonville FL,Electricians,Stuart Jones Electric Inc,(904) 786-0111,,No,4.4,25,"2231 Corporate Square Blvd #3, Jacksonville, FL 32216, USA",ChIJ44Ja-cK45YgR1tRDR_s-vGk,no_website,,,,,False,100
Jacksonville,Avondale Jacksonville FL,Landscapers,Peachtree Outdoor Services LLC,(570) 202-6524,,No,3.7,23,"1235 Challen Ave, Jacksonville, FL 32205, USA",ChIJaXunpTW45YgRiWrBJEOws-w,no_website,,,,,False,100
Jacksonville,Avondale Jacksonville FL,Remodelers,Everett’s Custom Renovations LLc,(904) 418-3571,,No,4.7,26,"7881 Steamboat Springs Ct, Jacksonville, FL 32210, USA",ChIJc8s27PDH5YgRni4IYdnvBgU,no_website,,,,,False,100
Jacksonville,Springfield Jacksonville FL,Cleaning companies,"Phoenix Deluxe Cleaning, LLC",(904) 397-5353,,No,4.8,21,"50 N Laura St Suite 2500, Jacksonville, FL 32202, USA",ChIJMaFjEBe35YgRtrfXmMg0Bfo,no_website,,,,,False,100
Jacksonville,Springfield Jacksonville FL,Roofers,"Alton Roofing Services, LLC",(904) 235-5224,,No,4.7,69,"5352 Hwy Ave, Jacksonville, FL 32254, USA",ChIJCQEqC9C55YgROupuz8aLhBc,no_website,,,,,False,100
Jacksonville,Oceanway Jacksonville FL,Landscapers,Living Branches Lawn and Landscapes,(904) 401-1148,,No,5,25,"12094 Chester Creek Rd, Jacksonville, FL 32218, USA",ChIJR00d8BSh5YgRKEpP6PqxvUU,no_website,,,,,False,100
Jacksonville,Fleming Island FL,Plumbers,Harry H Hill Plumbing Inc,(904) 389-1909,,No,5,74,"12 Widener Way, Orange Park, FL 32073, USA",ChIJ50NpPuTF5YgRR30Zlam_lLU,no_website,,,,,False,100
Jacksonville,Fleming Island FL,Pest control,Mantis Lawn & Pest Control Inc,(904) 925-6949,,No,4.4,20,"3136 Moody Ave, Orange Park, FL 32065, USA",ChIJ-2tDrkLE5YgRqbz0C8Jnvrs,no_website,,,,,False,100
Jacksonville,Baymeadows Jacksonville FL,Electricians,Spower solutions corporation,(857) 417-3952,,No,5,32,"9506 Hood Rd Unit 4, Jacksonville, FL 32257, USA",ChIJbyxzpJgSIS8RAM20iq9paCo,no_website,,,,,False,100
Jacksonville,Baymeadows Jacksonville FL,Electricians,Master Electric Llc,(844) 642-0095,,No,3.8,32,"7447 Salisbury Rd, Jacksonville, FL 32256, USA",ChIJycLRK2vK5YgRX1oBZzTt4bA,no_website,,,,,False,100
Jacksonville,Arlington Jacksonville FL,Electricians,B & C Electric Inc,(561) 771-6455,,No,4.6,28,"N/A, Jacksonville, FL 32235, USA",ChIJ-eRa7EO25YgRYdCc_r96GP0,no_website,,,,,False,100
Jacksonville,Arlington Jacksonville FL,Electricians,Arlington Auto Electric,(904) 743-3900,,No,4.4,23,"5949 Arlington Rd, Jacksonville, FL 32211, USA",ChIJhRnMX-e15YgRVUHXHqlvfCU,no_website,,,,,False,100
Jacksonville,Arlington Jacksonville FL,Accountants,Arlington Tax Services,(904) 379-2165,,No,5,90,"1551 Cesery Blvd, Jacksonville, FL 32211, USA",ChIJB2eBfG2z5YgRViH6KiRCkMo,no_website,,,,,False,100
Jacksonville,Arlington Jacksonville FL,Accountants,WL Bookkeeping and taxes LLC,(904) 469-4393,,No,5,23,"6054 Arlington Expressway Service Rd #8, Jacksonville, FL 32211, USA",ChIJZxBKcpa15YgR-5mM-0We4SU,no_website,,,,,False,100
Jacksonville,Ortega Jacksonville FL,HVAC companies,Jacksonville Air Conditioning & Heating,(904) 590-5225,,No,5,34,"77HG+3C, Jacksonville, FL 32210, USA",ChIJ_____2-45YgR59yfwf-wxvg,no_website,,,,,False,100
Jacksonville,Neptune Beach FL,Plumbers,Plumb-Pal Plumbing,(904) 300-2384,,No,5,253,"1310 Pinewood Rd, Jacksonville Beach, FL 32250, USA",ChIJ_QCNx7T3s60RGI5zwhjH2Ok,no_website,,,,,False,100
Jacksonville,Neptune Beach FL,Plumbers,Tom Plumb,(904) 386-9853,,No,5,62,"1100 Seagate Ave, Neptune Beach, FL 32266, USA",ChIJj2d5zCtJ5IgRJ-ZgyAIU9mo,no_website,,,,,False,100
Jacksonville,Neptune Beach FL,Plumbers,Styles Smith Plumbing Inc,(904) 241-4131,,No,4.7,21,"1537 Penman Rd, Jacksonville Beach, FL 32250, USA",ChIJDeX1sHJJ5IgRl_K55R7d2RA,no_website,,,,,False,100
Jacksonville,Neptune Beach FL,Landscapers,"GPE Groundskeeping, Inc",(904) 536-0907,,No,4.9,64,"14245 Drakes Point Dr, Jacksonville, FL 32224, USA",ChIJAQAA6c5L5IgRdmFU_2X6fbk,no_website,,,,,False,100
Jacksonville,Neptune Beach FL,Accountants,X,(904) 247-3160,,No,4.3,24,"1511 Penman Rd # B, Jacksonville Beach, FL 32250, USA",ChIJZ5KcznJJ5IgR-7VFQ2RK4bU,no_website,,,,,False,100
Jacksonville,Neptune Beach FL,Roofers,Monahan Roofing Contractors,(904) 221-0059,,No,4.7,25,"2050 Kings Cir S, Neptune Beach, FL 32266, USA",ChIJv1CDqFtJ5IgREz7WG9U2Dz8,no_website,,,,,False,100
Jacksonville,Neptune Beach FL,Remodelers,Beaches Home Solutions,(904) 372-3136,,No,5,23,"1715 Penman Rd, Jacksonville Beach, FL 32250, USA",ChIJ2wAvC5hJ5IgRQiaGKHihTeU,no_website,,,,,False,100
Orlando,Winter Park FL,Electricians,Percopo Electric,(407) 766-5150,,No,5,32,"7028 Betty St, Winter Park, FL 32792, USA",ChIJzVW6XDny9S8Rf1ZIJdJqXZQ,no_website,,,,,False,100
Orlando,Winter Park FL,Landscapers,Ace Landscape Services LLC,(407) 619-4675,,No,4.4,20,"2152 Linden Rd, Winter Park, FL 32792, USA",ChIJB_cUBb1v54gR72dTLOQDclg,no_website,,,,,False,100
Orlando,Winter Park FL,Cleaning companies,Evolution Deep Clean,(407) 476-8525,,No,4.9,160,"729 Executive Dr, Winter Park, FL 32789, USA",ChIJUdKvKS5d54gRVGNQWRdHUa4,no_website,,,,,False,100
Orlando,Winter Park FL,Cleaning companies,GreatJobPro - House Cleaning Winter Garden,(407) 928-2738,,No,5,157,"9813 Lost Creek Dr, Winter Garden, FL 34787, USA",ChIJOTlqzbRM3aUR8cVfw_I1ZfM,no_website,,,,,False,100
Orlando,Winter Park FL,Roofers,ROOFING CONSTRUCTION SERVICES LLC,(689) 345-7999,,No,4.9,63,"2745 W Fairbanks Ave Ste. 205, Winter Park, FL 32789, USA",ChIJswE6Ubdx54gRkTkfZynnvt8,no_website,,,,,False,100
Orlando,Lake Nona Orlando FL,Electricians,FC ELECTRIC GROUP LLC,(786) 602-6289,,No,5,25,"10514 Green Ivy Ln, Orlando, FL 32832, USA",ChIJ1wjZLOVh54gRFXmjjZ3pyBw,no_website,,,,,False,100
Orlando,Lake Nona Orlando FL,Accountants,AF Business Services,(407) 437-7119,,No,5,162,"10135 Hartford Maroon Rd, Orlando, FL 32827, USA",ChIJ7-dTB2Bj54gRCTjPAiSaqL8,no_website,,,,,False,100
Orlando,Lake Nona Orlando FL,HVAC companies,Orlando HVAC Air Conditioning,(689) 698-5010,,No,4.9,240,"6000 N Orange Blossom Trl, Orlando, FL 32808, USA",ChIJCx3Mwg9ZlIARzWxxkXOIeRg,no_website,,,,,False,100
Orlando,Lake Nona Orlando FL,Remodelers,Contractor Renovations Experts,(407) 807-4111,,No,4.7,35,"10536 Mere Pkwy, Orlando, FL 32832, USA",ChIJYbb4XDOJ3YgR4YKcuwq29l8,no_website,,,,,False,100
Orlando,Baldwin Park Orlando FL,Landscapers,"GreenWorks Landscape & Design, LLC",(407) 722-6966,https://www.facebook.com/greenworkslandscapecfl?mibextid=ZbWKwL,Yes,5,52,"1355 Bennett Dr, Longwood, FL 32750, USA",ChIJtQAY-jhz54gR2LtsnaT9PCg,fake_A,A,,,,True,100
Orlando,Baldwin Park Orlando FL,Cleaning companies,Cleaning Perfect Solution Home LLC,(689) 215-6643,,No,5,23,"5924 Auvers Blvd #203, Orlando, FL 32807, USA",ChIJKftChhJl54gRvPD-TpiUZ_A,no_website,,,,,False,100
Orlando,Baldwin Park Orlando FL,Cleaning companies,Aqua,,https://sites.google.com/aquapressurecleaningfl.com/aquapressurecleaningfl/home,Yes,4.9,117,"525 Conway Rd #49, Orlando, FL 32807, USA",ChIJKTtsO2Ki54gRUtyMQKSaADY,fake_B,B,,,,True,100
Orlando,Baldwin Park Orlando FL,Pool service companies,The Orlando Pool Masters,(407) 544-4599,,No,4.8,92,"5060 W Colonial Dr STE 83, Orlando, FL 32808, USA",ChIJUazPiad554gR41Zxaa29wb8,no_website,,,,,False,100
Orlando,Thornton Park Orlando FL,Landscapers,"Nations Landscaping, LLC",(407) 222-4646,,No,4.4,34,"4915 Lake Gatlin Woods Ct, Orlando, FL 32806, USA",ChIJe7brQZ1854gRwR_TMOsR9z8,no_website,,,,,False,100
Orlando,Thornton Park Orlando FL,Remodelers,Berrios Contracting Group Inc,(888) 465-9273,http://www.instagram.com/theyardchitects,Yes,4.8,84,"618 E South St STE 500, Orlando, FL 32801, USA",ChIJtytAvLNprIkRW9JMTVL8Gxc,fake_A,A,,,,False,100
Orlando,Thornton Park Orlando FL,Remodelers,Specialized Refinishing Co.,(407) 426-4355,,No,4.5,32,"618 E South St STE 500, Orlando, FL 32801, USA",ChIJ886doXh754gR4nY7__AqW-U,no_website,,,,,False,100
Orlando,Dr. Phillips Orlando FL,Electricians,FRED Electrical Residential Services,(571) 982-9312,,No,5,39,"6452 Vineland Rd unit 106, Orlando, FL 32819, USA",ChIJ80AA9r1_54gR0HeS8YGM9LE,no_website,,,,,False,100
Orlando,College Park Orlando FL,Plumbers,J&G Plumbing,(407) 759-3391,,No,4.7,91,"316 N Parramore Ave Suite 378, Orlando, FL 32801, USA",ChIJ8Yw1oBh754gRIaQ8i8TwbRQ,no_website,,,,,False,100
Orlando,College Park Orlando FL,Pest control,Orlando Bat Exclusion Pro,(321) 319-9850,,No,5,29,"135 W Central Blvd, Orlando, FL 32801, USA",ChIJdVeNhTF754gRsiyUVLQSU38,no_website,,,,,False,100
Orlando,MetroWest Orlando FL,Plumbers,Orlando Water Heater Pros,(407) 710-6272,,No,5,68,"7149 Wooded Village Ln, Orlando, FL 32835, USA",ChIJB8XKLf9_54gRrZ60DkY9CQ4,no_website,,,,,False,100
Orlando,Downtown Orlando FL,Accountants,Ridgeview Accounting & Tax,(863) 224-8492,,No,5,33,"20 N Orange Ave 11th Floor, Suite 1100, Orlando, FL 32801, USA",ChIJdWDb1V1754gR-USwCI2SQaU,no_website,,,,,False,100
Orlando,Downtown Orlando FL,Remodelers,Racal Custom Remodeling,(407) 686-4680,,No,4.9,29,"827 Irma Ave, Orlando, FL 32803, USA",ChIJo0wnndZ754gR--zRNIBnISs,no_website,,,,,False,100
Orlando,Windermere FL,Cleaning companies,Cipriano Cleaning Services,(407) 885-8965,,No,5,31,"11325 Center Lake Dr #2308, Windermere, FL 34786, USA",ChIJdaQpHNiB54gRGD0JcBk5qGY,no_website,,,,,False,100
Orlando,Windermere FL,Cleaning companies,Windermere Air Duct Cleaning Pros,(407) 329-5663,,No,5,22,"625 Main St, Windermere, FL 34786, USA",ChIJq66KBEiB54gRqGphGs8Dqa0,no_website,,,,,False,100
Orlando,Windermere FL,Pool service companies,Weekly Neighborhood Pool Care,(407) 337-4443,,No,4.9,91,"7848 Winter Garden Vineland Rd STE 371, Windermere, FL 34786, USA",ChIJt41in22B54gRUxCfVWlbVnk,no_website,,,,,False,100
Orlando,Oviedo FL,Plumbers,Oviedo Plumbing Services,(407) 863-0699,,No,4.5,22,"47 S Central Ave, Oviedo, FL 32765, USA",ChIJC8rIUClr54gRhl6GGXNAbEU,no_website,,,,,False,100
Orlando,Maitland FL,Plumbers,Water Flow Plumbing Florida LLC,(407) 728-4118,,No,5,30,"707 Ashford Oaks Dr #101, Altamonte Springs, FL 32714, USA",ChIJBzSu1Ctx54gRfCNlNCHKbV4,no_website,,,,,False,100
Orlando,Maitland FL,Plumbers,Fast Home Plumbing,(407) 743-6256,,No,4.7,93,"917 FL-436 Suite 223, Casselberry, FL 32707, USA",ChIJXXKXP9Jv54gRprcy9YlUmsY,no_website,,,,,False,100
Orlando,Altamonte Springs FL,Plumbers,Next Plumbing & Heating,(352) 309-3859,,No,5,49,"106 Boston Ave #120, Altamonte Springs, FL 32701, USA",ChIJndBOyMFx54gRBsnlQefXwTU,no_website,,,,,False,100
Orlando,Altamonte Springs FL,Landscapers,"ESRV Maintenance Solutions, LLC.",(321) 380-6352,,No,4.8,35,"503 Yellowood Ct, Altamonte Springs, FL 32714, USA",ChIJW4Vf3GVx54gRknVR-JYzgYI,no_website,,,,,False,100
Orlando,Altamonte Springs FL,Pool service companies,Pool Shack,(407) 682-1280,,No,4.9,145,"790 N State Rd 434, Altamonte Springs, FL 32714, USA",ChIJl8-oA1dx54gRWGnFCch4tpU,no_website,,,,,False,100
Orlando,Casselberry FL,Accountants,"Tax, Accounting & Business Solutions LLC (TABS)",(407) 745-0087,,No,5,86,"286 Wilshire Blvd 2nd Floor, Casselberry, FL 32707, USA",ChIJDYztDBpt54gR6SQKTeoXPhc,no_website,,,,,False,100
Orlando,Casselberry FL,HVAC companies,"MOE AIR Hvac Services, INC",(407) 844-0200,,No,5,53,"620 Laurel Way, Casselberry, FL 32707, USA",ChIJy6w7GbVv54gRgx-aMOKxQrE,no_website,,,,,False,100
Orlando,Winter Garden FL,Plumbers,Winter Garden Plumbing Services,(407) 863-0689,,No,4.5,31,"731 S Dillard St, Winter Garden, FL 34787, USA",ChIJFboEBhKD54gRrM5rSHmDcxU,no_website,,,,,False,100
Orlando,Winter Garden FL,Plumbers,Oakland Plumbing Services,(407) 901-1574,,No,4.3,22,"230 N Tubb St, Oakland, FL 34760, USA",ChIJ9wsLq86F54gRcp8URRUBtt8,no_website,,,,,False,100
Orlando,Winter Garden FL,Landscapers,Cypress Outdoor Services Inc,(321) 310-4533,,No,5,52,"733 S Woodland St, Winter Garden, FL 34787, USA",ChIJ6_SPouY3daARGKZnolWpY-E,no_website,,,,,False,100
Lakeland,Downtown Lakeland FL,Plumbers,Reel Plumbers of Central Florida,(863) 450-8908,,No,4.9,116,"6155 Florida Ave S, Lakeland, FL 33813, USA",ChIJbZKQnPE73YgRzxsfy2Eruy8,no_website,,,,,False,100
Lakeland,Downtown Lakeland FL,Landscapers,Franco's Lawn & Landscaping Service,(786) 469-1006,,No,4.8,106,"3303 Merlot Dr, Lakeland, FL 33811, USA",ChIJZ5eiWrg73YgRx8VYSD8niiE,no_website,,,,,False,100
Lakeland,Downtown Lakeland FL,Landscapers,Fuqua Land management LLC,(863) 529-6975,,No,5,21,"1028 Candlewood Dr, Lakeland, FL 33813, USA",ChIJ8ZwdcP8_3YgRAQK9GYiFYLE,no_website,,,,,False,100
Lakeland,Downtown Lakeland FL,Landscapers,Nursery Landscape & Garden Center,(863) 644-7331,,No,4.3,84,"5955 Florida Ave S, Lakeland, FL 33813, USA",ChIJc00QD-w73YgR61a1mTY11DU,no_website,,,,,False,100
Lakeland,Downtown Lakeland FL,Landscapers,ACS Irrigation,(813) 575-2271,,No,4.6,111,"304 E Pine St #4969, Lakeland, FL 33801, USA",ChIJzxdD6I053YgRVx_8KEh4wCQ,no_website,,,,,False,100
Lakeland,Downtown Lakeland FL,Cleaning companies,"Top 2 Bottom Cleaning Service of Lakeland, LLC",(863) 330-3439,,No,4.8,20,"1307 Valley Hill Dr, Lakeland, FL 33813, USA",ChIJ3QGRHXU_3YgRyrDWG7G4glw,no_website,,,,,False,100
Lakeland,Downtown Lakeland FL,Accountants,"Accounting Tax & Financial Services, Inc.",(863) 859-1243,,No,4.7,27,"510 Marcum Rd, Lakeland, FL 33809, USA",ChIJtVZIYc9G3YgRCfqL8SA4VGE,no_website,,,,,False,100
Lakeland,Downtown Lakeland FL,Accountants,Joe's Tax Services,(863) 686-5311,,No,4.8,26,"853 S New York Ave, Lakeland, FL 33815, USA",ChIJ69Coo8443YgRYniFc7Vew5o,no_website,,,,,False,100
Lakeland,Downtown Lakeland FL,Accountants,James Allen Tax Preparation,(863) 683-1968,,No,4.5,26,"2108 E Edgewood Dr, Lakeland, FL 33803, USA",ChIJ_UIDmOA-3YgRmSyZmmZfMJo,no_website,,,,,False,100
Lakeland,Downtown Lakeland FL,Pool service companies,Jonny’s pool cleaning,(863) 812-6325,,No,5,101,"1220 Lakewood Rd, Lakeland, FL 33805, USA",ChIJYYaUBJ4y0GwRrzlEKjsd6cs,no_website,,,,,False,100
Lakeland,Downtown Lakeland FL,Roofers,Lakeland Roofing Installation,,,No,4.9,37,"3823 Old Salem Rd, Lakeland, FL 33811, USA",ChIJ4-N2SCg73YgRPsDW5v-OiVQ,no_website,,,,,False,100
Lakeland,Downtown Lakeland FL,HVAC companies,McKinney Air Conditioning & Heating Inc.,(863) 859-2837,,No,4.9,45,"8015 US Hwy 98 N, Lakeland, FL 33809, USA",ChIJGTchJ71G3YgRZf_ir6BTzEE,no_website,,,,,False,100
Lakeland,Downtown Lakeland FL,Remodelers,"All Around Construction of Central Fl, LLC",(863) 661-4004,,No,4.9,33,"296 Granite Dr #6121, Lakeland, FL 33809, USA",ChIJMaGwSb9B3YgR6AwQOYkjcvw,no_website,,,,,False,100
Lakeland,Lake Morton Lakeland FL,Accountants,Alice's Accounting & Tax Services,(863) 858-7777,,No,4.8,22,"4820 US Hwy 98 N, Lakeland, FL 33809, USA",ChIJmyAdGSJH3YgRZCBunp4Z-Pk,no_website,,,,,False,100
Lakeland,Lake Morton Lakeland FL,Remodelers,Lake Morton,,,No,4.7,140,"Lake Morton, Lakeland, FL 33801, USA",ChIJ_evKMTU_3YgRDd26L-UY8CI,no_website,,,,,False,100
Lakeland,Grasslands Lakeland FL,Cleaning companies,Perfect Shine. Cleaning services.,(863) 606-2265,,No,5,34,"5332 Lakeland Highlands Rd, Lakeland, FL 33813, USA",ChIJfeuSHuI73YgRyAv0KfcBl7I,no_website,,,,,False,100
Lakeland,Dixieland Lakeland FL,Plumbers,Paul's Plumbing Company,(863) 683-7828,,No,4.6,25,"120 Frank Lloyd Wright Way, Lakeland, FL 33803, USA",ChIJ4diXYcw43YgRK-TuBFTfdcU,no_website,,,,,False,100
Lakeland,Dixieland Lakeland FL,HVAC companies,"Lakeland Heating & Air Conditioning, Inc.",(863) 334-8657,,No,4.2,22,"106 W Orange St, Lakeland, FL 33815, USA",ChIJYfX3IJY53YgRMT5vaH23_kQ,no_website,,,,,False,100
Lakeland,North Lakeland FL,Roofers,W.D. Hutchinson Roofing LLC,(863) 686-3300,,No,5,29,"1717 W Memorial Blvd, Lakeland, FL 33815, USA",ChIJdVhcaJo43YgRxeiA3JPTl34,no_website,,,,,False,100
Lakeland,Mulberry FL,Plumbers,The Pump House @ Downtown Mulberry,(863) 425-2020,,No,4.4,42,"1575 FL-37, Mulberry, FL 33860, USA",ChIJ4cyGems73YgRP1eryqSxErQ,no_website,,,,,False,100
Lakeland,Highland City FL,Electricians,Roberts Electrical Services Inc,(863) 648-0056,,No,4.4,29,"5311 Kinsley Ln, Lakeland, FL 33812, USA",ChIJSesZ98M-3YgRJQFc1_VfWfQ,no_website,,,,,False,100
Lakeland,Highland City FL,Landscapers,Fields Tree & Land Management,(863) 440-2680,https://www.facebook.com/FieldsTreeandLandManagement/,Yes,4.3,56,"6515 Lakeland Highlands Rd, Lakeland, FL 33813, USA",ChIJYwwJ7d093YgRYmdlTFYqiOU,fake_A,A,,,,True,100
Lakeland,Auburndale FL,Plumbers,Paul Walker Plumbing,(863) 967-0888,,No,4.8,20,"805 Eugena Dr, Auburndale, FL 33823, USA",ChIJWTz1kq5r3YgRpusGjUA8kmo,no_website,,,,,False,100
Lakeland,Auburndale FL,Plumbers,Brothers Plumbing Inc,(863) 965-1172,,No,3.8,60,"617 Pine St, Auburndale, FL 33823, USA",ChIJq-poaE1r3YgRPIc54fcmv58,no_website,,,,,False,100
Lakeland,Auburndale FL,Plumbers,Eric's Plumbing Inc,(863) 967-4812,,No,3.5,21,"1815 Thornhill Rd # 1811, Auburndale, FL 33823, USA",ChIJycA9AM4U3YgR9NX2DTz5qJk,no_website,,,,,False,100
Lakeland,Auburndale FL,Landscapers,Shonuff Landscaping LLC,(863) 508-0521,,No,4.8,89,"324 Bentley Oaks Blvd, Auburndale, FL 33823, USA",ChIJLfBZvMBr3YgRAia_APZbBNI,no_website,,,,,False,100
Lakeland,Auburndale FL,Cleaning companies,Happy Home Cleaning LLC,(863) 521-0068,,No,4.6,40,"2099 42nd St NW STE B12, Winter Haven, FL 33881, USA",ChIJN5aoSHVt3YgRiPDG-1zjTQ4,no_website,,,,,False,100
Lakeland,Auburndale FL,HVAC companies,Tropical Heating & Cooling,(321) 978-3709,,No,5,36,"305 Magnolia Ave, Auburndale, FL 33823, USA",ChIJ2_Rm6YVr3YgRAHYi1NatEcQ,no_website,,,,,False,100
Lakeland,Winter Haven FL,Plumbers,Earl & Sons Sewer and Rooter,(863) 270-8542,,No,4.7,90,"1221 5th St SE Suite 527, Winter Haven, FL 33880, USA",ChIJRa9bhqQT3YgREvjAw7ZNImE,no_website,,,,,False,100
Lakeland,Winter Haven FL,Electricians,J & J Electric,(863) 202-1989,,No,4.5,32,"3690 W Lake Hamilton Dr, Winter Haven, FL 33881, USA",ChIJAW31n-9y3YgR_Rn8-PGwpNo,no_website,,,,,False,100
Lakeland,Winter Haven FL,Landscapers,C-Jones Lawn and Tree,(863) 258-4638,,No,4.9,29,"2629 Ave V NW, Winter Haven, FL 33881, USA",ChIJJXx6n2YT3YgReT4I6xEv-UE,no_website,,,,,False,100
Lakeland,Winter Haven FL,Accountants,"MidFlorida Tax, LLC",(863) 401-3200,,No,5,20,"595 6th St NW, Winter Haven, FL 33881, USA",ChIJbW6obn0T3YgR792dyPL9PWI,no_website,,,,,False,100
Lakeland,Bartow FL,Plumbers,Harry A Morgan Plumbing,(863) 533-3584,,No,4.3,28,"385 N Elizabeth Ave, Bartow, FL 33830, USA",ChIJqUTKeaQX3YgRondjFhFrFaU,no_website,,,,,False,100
Lakeland,Bartow FL,Electricians,Crown Electric Inc,(863) 533-8171,,No,4.7,30,"2325 FL-60 E, Bartow, FL 33830, USA",ChIJ6e-R6mk93YgReEda0vsCQL4,no_website,,,,,False,100
Lakeland,Bartow FL,Cleaning companies,All Moms This and That LLC,(863) 241-5008,,No,5,27,"880 S Orange Ave, Bartow, FL 33830, USA",ChIJxTgMRi0X3YgRbmt3KDVjEpU,no_website,,,,,False,100
Lakeland,Bartow FL,Remodelers,O.D. Jones Construction Group Inc,(863) 662-6630,,No,4.7,26,"220 S Central Ave #1552, Bartow, FL 33830, USA",ChIJo8_nUKoX3YgRvFx9Zx1ozGE,no_website,,,,,False,100
Lakeland,Lake Wales FL,Plumbers,Robert L Phillips Plumbing Co,(863) 676-0072,,No,3.7,35,"Lake Wales, FL 33853, USA",ChIJAQAAACQJ3YgRnfhNYrTcS6U,no_website,,,,,False,100
Lakeland,Lake Wales FL,Plumbers,Indoor Comfort Solutions,,,No,4.9,24,"2812 FL-60, Lake Wales, FL 33898, USA",ChIJ_aam-UsI3YgRoBK_ILVMXkA,no_website,,,,,False,100
Lakeland,Lake Wales FL,Cleaning companies,Peterson Cleaners,(863) 676-2122,,No,4.9,41,"24 S 1st St, Lake Wales, FL 33853, USA",ChIJuQJtX9gI3YgRM5pFcoLLaak,no_website,,,,,False,100
Lakeland,Lake Wales FL,Pest control,"Ramson Services, inc.",(863) 232-9153,,No,5,21,"6348 Rocky Point Rd, Lake Wales, FL 33898, USA",ChIJOyH1ZxkM3YgR8M9KVfczIyI,no_website,,,,,False,100
Lakeland,Lake Wales FL,Pool service companies,Mike's Pool Shack,(863) 678-3637,,No,4.3,92,"2407 FL-60, Lake Wales, FL 33898, USA",ChIJkSnkFUoI3YgRVKKERJS6kvw,no_website,,,,,False,100
Lakeland,Haines City FL,Plumbers,Devenport Plumbing Services,(407) 863-0750,,No,4.3,38,"112 State St, Davenport, FL 33837, USA",ChIJdxGNy0Rx3YgRIyUt5fNlAJM,no_website,,,,,False,100
Lakeland,Haines City FL,Electricians,Precision Electrical Contractors,(863) 202-1977,,No,4.4,39,"300 N 13th St, Haines City, FL 33844, USA",ChIJE6Ztw5Rz3YgRNT-p8l5Wcd4,no_website,,,,,False,100
Lakeland,Haines City FL,Electricians,Jc Electrical Mechanic Services A/C,(843) 942-2141,https://www.instagram.com/jcelectricalservicesac?igsh=YWZzYm94dmtodms3&utm_source=qr,Yes,5,50,"1104 U.S. Hwy 17-92 W, Haines City, FL 33844, USA",ChIJNVbKBk1z3YgRhf2KVKzBONE,fake_A,A,,,,True,100
Lakeland,Haines City FL,Landscapers,Agave Landscaping Service LLC,(863) 218-9556,,No,4.7,91,"213 Lake Villa Way, Haines City, FL 33844, USA",ChIJCaVmlLHtr2gRaLpA6QzJJeM,no_website,,,,,False,100
Lakeland,Haines City FL,Landscapers,Ebenezer Nursery & Landscaping services,(786) 402-0120,https://www.instagram.com/ebenezernurserylandscaping/,Yes,4.9,527,"4702 US-17, Haines City, FL 33844, USA",ChIJt_X6Lnlz3YgREinwku2FJFk,fake_A,A,,,,True,100
Lakeland,Haines City FL,Accountants,Tropical Multi Services LLC,(863) 353-5449,,No,4.9,438,"39 N 11th St, Haines City, FL 33844, USA",ChIJYaATzdJz3YgRBCH8SJow-Gg,no_website,,,,,False,100
Lakeland,Haines City FL,Accountants,First Class Tax Solutions,(407) 409-0734,,No,4.8,26,"104 N Railroad Ave, Haines City, FL 33844, USA",ChIJj9eWqZZz3YgRBBajXqD6Too,no_website,,,,,False,100
Lakeland,Haines City FL,Accountants,Nazario Consumer Services LLC,(863) 422-8203,,No,4.1,39,"139 N 6th St, Haines City, FL 33844, USA",ChIJJUQOFb5z3YgRNKop6WNcu4o,no_website,,,,,False,100
Lakeland,Haines City FL,Pest control,"TJ Shaw Enterprises, LLC",(863) 624-7994,,No,4.9,41,"200 Whispering Pines Way, Davenport, FL 33837, USA",ChIJIfwMmzNx3YgRbuLiE_oAcQo,no_website,,,,,False,100
Lakeland,Haines City FL,HVAC companies,A/C PRO SERVICE LLC,(863) 594-7024,,No,4.9,37,"28.1661704, 81.6014554, Davenport, FL 33837, USA",ChIJGbx1_TyBQ08R2-cwmxoyxHo,no_website,,,,,False,100
Lakeland,Davenport FL,Electricians,Alvelo Gutierrez Electric Service,(863) 595-3626,,No,5,57,"1 E Orange St, Davenport, FL 33837, USA",ChIJeZ1SQBtx3YgRkT6XJV4AFHQ,no_website,,,,,False,100
Lakeland,Davenport FL,Electricians,Voltage electrical contractor llc,(646) 586-7510,,No,4.8,83,"8290 Matisse St, Davenport, FL 33896, USA",ChIJyxqiYJJ73YgRPkc2s_GBV48,no_website,,,,,False,100
Lakeland,Davenport FL,Landscapers,Providence Lawn and Tree,(407) 414-0220,,No,4.7,58,"1609 U.S. Hwy 17-92 N, Davenport, FL 33837, USA",ChIJsRlU5-lz3YgRp8X77ba8qDw,no_website,,,,,False,100
Lakeland,Davenport FL,Cleaning companies,Green Solutions Cleaning Services,(407) 252-4285,,No,4.9,53,"309 Robin Rd, Davenport, FL 33896, USA",ChIJETsS56p53YgRTDQ3d9nxTyI,no_website,,,,,False,100
Lakeland,Davenport FL,Cleaning companies,The Florida Maids of Orlando,(407) 205-2234,,No,4.9,75,"42625 US-27 Suite B8, Davenport, FL 33837, USA",ChIJJ1dp3Kh_54gRI3IkzGO6-qg,no_website,,,,,False,100
Lakeland,Plant City FL,Landscapers,MATTHEW LANDSCAPING SERVICES LLC.,(813) 764-3636,,No,5,31,"4002 Smith Ryals Rd lot #80, Plant City, FL 33567, USA",ChIJCbRoaQEx3YgRLG_VOdxvdoE,no_website,,,,,False,100
Lakeland,Plant City FL,Cleaning companies,"Stamford Chimney Clean & Repair, LLC",(813) 736-9914,,No,5,46,"207 S Collins St, Plant City, FL 33563, USA",ChIJVSB-IxWhwokRaV8dA1EekwM,no_website,,,,,False,100
Lakeland,Plant City FL,Accountants,Heritage Consulting,(813) 752-6200,,No,4.7,49,"3206 W Baker St, Plant City, FL 33563, USA",ChIJ88v32k403YgRQTjtyOzmoBY,no_website,,,,,False,100
Lakeland,Plant City FL,Pool service companies,Blue Water Pool Care Inc.,(813) 498-7833,,No,5,24,"1518 Compton St, Brandon, FL 33511, USA",ChIJjZebKla9aowRCJjL91ezOLc,no_website,,,,,False,100
Lakeland,Plant City FL,HVAC companies,Rick's Complete Air Conditioning Inc.,(813) 758-8843,,No,5,24,"2705 Jim Johnson Rd, Plant City, FL 33566, USA",ChIJe6SU7VyUfSURkWmifatXf8U,no_website,,,,,False,100
Fort Lauderdale,Las Olas Fort Lauderdale FL,Plumbers,Fort Lauderdale Plumbing Co,(954) 754-9578,,No,5,25,"616 NW 2nd Ave, Fort Lauderdale, FL 33311, USA",ChIJOywuLgEr6IkR7uuXS4wsi28,no_website,,,,,False,100
Fort Lauderdale,Las Olas Fort Lauderdale FL,Plumbers,All Star Plumber Fort Lauderdale,(754) 354-4505,,No,5,22,"724 NW 8th Ave, Fort Lauderdale, FL 33311, USA",ChIJz-5LWXAFiIYROYSCpNu2rsA,no_website,,,,,False,100
Fort Lauderdale,Las Olas Fort Lauderdale FL,Plumbers,Acosta Family Plumbing LLC,(754) 253-5180,,No,4.8,80,"6003 NW 31st Ave #8800, Fort Lauderdale, FL 33309, USA",ChIJS8z4ibAF2YgRbIJC6tUmLZo,no_website,,,,,False,100
Fort Lauderdale,Las Olas Fort Lauderdale FL,Plumbers,TMV Emergency Plumber Fort Lauderdale,(623) 253-6239,,No,5,23,"2876 FL-7, Fort Lauderdale, FL 33313, USA",ChIJ9YT6rdsG2YgR93mJ0MLwncM,no_website,,,,,False,100
Fort Lauderdale,Las Olas Fort Lauderdale FL,Landscapers,WS Sod & Landscaping Inc,(954) 733-3360,,No,4,61,"2401 NW 21st Ave, Fort Lauderdale, FL 33311, USA",ChIJsUF8LkcB2YgRuI_N_p81fjM,no_website,,,,,False,100
Fort Lauderdale,Las Olas Fort Lauderdale FL,Pool service companies,Blue Oasis Pool & Spa Repair inc,(954) 383-1203,,No,4.9,173,"1064 NW 53rd St, Fort Lauderdale, FL 33309, USA",ChIJa0s5X30F2YgR3xkF2CAqDXY,no_website,,,,,False,100
Fort Lauderdale,Wilton Manors FL,Electricians,Berger Brothers Electrical Service,(754) 465-7153,,No,4.8,152,"3847 N Andrews Ave #93C, Fort Lauderdale, FL 33309, USA",ChIJ95pwA6gB2YgR18Ptg2ZAGu0,no_website,,,,,False,100
Fort Lauderdale,Wilton Manors FL,Accountants,NG Tax,(954) 638-4826,,No,5,119,"601 W Oakland Park Blvd Suite A5, Fort Lauderdale, FL 33311, USA",ChIJ6bPzTe8H2YgROV6JJ8zDKJ4,no_website,,,,,False,100
Fort Lauderdale,Wilton Manors FL,Roofers,Secure Span Roofing,(754) 314-3194,,No,4.9,21,"1528 Middle River Dr, Fort Lauderdale, FL 33304, USA",ChIJWxT_8NAB2YgRnwBhMomBKY8,no_website,,,,,False,100
Fort Lauderdale,Wilton Manors FL,Roofers,Max Guard Roofing,(754) 314-3131,,No,4.8,21,"2309 NE 12th Ct, Fort Lauderdale, FL 33304, USA",ChIJS5mvH7IB2YgRHrQCZT7mxd8,no_website,,,,,False,100
Fort Lauderdale,Wilton Manors FL,HVAC companies,"Echo Air Conditioning, Corp",(954) 366-4585,,No,4.5,83,"2200 NE 12th Ave, Wilton Manors, FL 33305, USA",ChIJF-wBDYwB2YgREBJQ0Qa-mMQ,no_website,,,,,False,100
Fort Lauderdale,Wilton Manors FL,HVAC companies,L&L heating and cooling,(954) 618-9968,,No,4.9,22,"1421 NE 13th Ave, Fort Lauderdale, FL 33304, USA",ChIJ8Vr1_jwB2YgR3nPHFiOyvtM,no_website,,,,,False,100
Fort Lauderdale,Cypress Creek Fort Lauderdale FL,Accountants,Francine Solutions LLC,(888) 592-4257,,No,5,53,"2950 W Cypress Creek Rd, Fort Lauderdale, FL 33309, USA",ChIJM9bwBK0D2YgREYCxliXvIuE,no_website,,,,,False,100
Fort Lauderdale,Cypress Creek Fort Lauderdale FL,Roofers,ROOFING AND CONSTRUCTION - Repair & Installation,(954) 686-1518,,No,5,33,"1111 SW 21st Ave b18, Fort Lauderdale, FL 33312, USA",ChIJ6wMgJyoB2YgRRDHJky4PMFA,no_website,,,,,False,100
Fort Lauderdale,Lauderdale-by-the-Sea FL,Pool service companies,Fort Lauderdale Pool Pros,(954) 388-0073,,No,4.9,162,"6222 N Federal Hwy STE 324, Fort Lauderdale, FL 33308, USA",ChIJE4KAGgwD2YgR9g8EpzLHJ5Q,no_website,,,,,False,100
Fort Lauderdale,Lauderdale-by-the-Sea FL,Pool service companies,Blue Harbor Pool Service inc.,(954) 868-5040,,No,4.9,31,"10581 NW 28th Pl, Sunrise, FL 33322, USA",ChIJCzjZpaUH2YgRFYdRAnzAeQs,no_website,,,,,False,100
Fort Lauderdale,Lauderdale-by-the-Sea FL,HVAC companies,Dr. HVAC,(954) 800-8457,,No,4.8,373,"5441 NW 15th St, Margate, FL 33063, USA",ChIJN1Uh-tId2YgRls1TTOjo22A,no_website,,,,,False,100
Fort Lauderdale,Coral Ridge Fort Lauderdale FL,Roofers,Invictus Roofing Solutions,(954) 449-6781,,No,4.9,20,"2831 NE 21st Ct, Fort Lauderdale, FL 33305, USA",ChIJi3bItOUB2YgRyJavtawYUT4,no_website,,,,,False,100
Fort Lauderdale,Coral Ridge Fort Lauderdale FL,Remodelers,ALBA REMODELING,(954) 798-2177,https://www.instagram.com/albaremodeling/#,Yes,5,57,"2642-2500 S Palm Aire Dr, Pompano Beach, FL 33069, USA",ChIJPcweNF4D2YgR-j0eSy8y30w,fake_A,A,,,,True,100
Fort Lauderdale,Plantation FL,Electricians,Zagros Electric LLC,(954) 258-9451,,No,4.9,73,"Plantation, FL 33317, USA",ChIJY8xOE68H2YgRhEWlNoJkpaE,no_website,,,,,False,100
Fort Lauderdale,Plantation FL,Accountants,Arrow Tax & Financial Services,(954) 590-0410,,No,5,40,"109 N State Rd 7 # A, Plantation, FL 33317, USA",ChIJXdt-Kk8H2YgRS1aVWxbHkf0,no_website,,,,,False,100
Fort Lauderdale,Coral Springs FL,Plumbers,On Site Plumber & Leak Detection,(754) 294-5816,,No,4.9,25,"1501 Coral Ridge Dr, Coral Springs, FL 33071, USA",ChIJ45Swwz0P2YgRhyXRleIU5go,no_website,,,,,False,100
Fort Lauderdale,Coral Springs FL,Plumbers,Unique Improvement Inc. / UI Plumbing,(754) 368-4744,,No,5,21,"2900 N University Dr #43, Coral Springs, FL 33065, USA",ChIJU00xHTcF2YgRYYASLlnvGhs,no_website,,,,,False,100
Fort Lauderdale,Coral Springs FL,Landscapers,Paradise Landscaping Services Inc,(954) 464-6121,,No,4.8,40,"9162 NW 37th Pl, Coral Springs, FL 33065, USA",ChIJbxfquTEb2YgRelSm7pS_2lk,no_website,,,,,False,100
Fort Lauderdale,Coral Springs FL,Accountants,TaxLeaf Coral Springs,(954) 345-7585,,No,5,20,"3111 N University Dr #105, Coral Springs, FL 33065, USA",ChIJdYOutzYF2YgR9lR3qWAjXu4,no_website,,,,,False,100
Fort Lauderdale,Coral Springs FL,Pool service companies,Total Pool Spa Maintenance,(954) 960-3338,,No,4.9,126,"6240 Coral Ridge Dr #336, Coral Springs, FL 33076, USA",ChIJiSnRibIR2YgRbzxLrCmwheI,no_website,,,,,False,100
Fort Lauderdale,Coral Springs FL,Roofers,"ROOF LIFE REPAIRS, LLC",(954) 775-7260,,No,4.9,31,"9105 NW 21st Ct, Coral Springs, FL 33071, USA",ChIJ7XWdWni2nAAR_iiTVS3sH-E,no_website,,,,,False,100
Fort Lauderdale,Pompano Beach FL,Accountants,Loyal Tax Multi Services LLC,(754) 269-0066,,No,4.9,29,"2410 NW 16th Ln suite B, Pompano Beach, FL 33064, USA",ChIJZRFyzq-p2YgRbTzOyNaiSnc,no_website,,,,,False,100
Fort Lauderdale,Pompano Beach FL,Accountants,The Rojas Group,(561) 888-5511,,No,4.9,30,"1733 NE 39th St, Pompano Beach, FL 33064, USA",ChIJX9Q1C4RMtUIRDIAZT6RU5Xc,no_website,,,,,False,100
Fort Lauderdale,Pompano Beach FL,Pest control,B.R.A PEST CONTROL INC,(954) 371-4495,,No,5,83,"4211 NE 4th Ave, Pompano Beach, FL 33064, USA",ChIJnyzkFUcd2YgRLgSjFo-_5uU,no_website,,,,,False,100
Fort Lauderdale,Pompano Beach FL,Pool service companies,ABC Tropical Blue Pools LLC,(954) 388-0060,,No,4.9,123,"2900 W Sample Rd #36, Pompano Beach, FL 33073, USA",ChIJ3wgu2pId2YgRej4K4yru8_c,no_website,,,,,False,100
Fort Lauderdale,Pompano Beach FL,Remodelers,Ez Pro Construction Group,(954) 214-3513,,No,4.9,55,"1661 N Dixie Hwy Unit 1, Pompano Beach, FL 33060, USA",ChIJH0qUpy-t2YgRSMI2OcrLoR8,no_website,,,,,False,100
Fort Lauderdale,Pompano Beach FL,Remodelers,"MAGIC HANDS HOME SERVICES,Corp.",(954) 793-9808,,No,4.9,62,"304 SE 10th Ave Suite #D, Pompano Beach, FL 33060, USA",ChIJg3O59zsD2YgRWm6U4HhxU6o,no_website,,,,,False,100
Fort Lauderdale,Deerfield Beach FL,Plumbers,Superior Plumbing And Air,(561) 241-2822,,No,4.6,56,"457 Goolsby Blvd, Deerfield Beach, FL 33442, USA",ChIJb14dzjIe2YgRTUtm8tYdGKY,no_website,,,,,False,100
Fort Lauderdale,Deerfield Beach FL,Accountants,OGC Tax Pros,(954) 708-2817,,No,4.8,48,"1761 W Hillsboro Blvd Ste 408, Deerfield Beach, FL 33442, USA",ChIJNZS6YKcd2YgRLIOVe4POrUQ,no_website,,,,,False,100
Fort Lauderdale,Deerfield Beach FL,Pool service companies,Sunny Blue Pool Service,(954) 516-1155,,No,4.9,114,"829 SE 9th St STE 415, Deerfield Beach, FL 33441, USA",ChIJ0QE2YxLj2IgRjJTnezq2l7w,no_website,,,,,False,100
Fort Lauderdale,Deerfield Beach FL,Roofers,Roofing Company Near Me Deerfield Beach,(754) 704-4805,,No,5,21,"1761 W Hillsboro Blvd # 402, Deerfield Beach, FL 33442, USA",ChIJbegqwKYd2YgRKq0bYDIkBxs,no_website,,,,,False,100
Fort Lauderdale,Deerfield Beach FL,HVAC companies,Elite Air Services LLC,(954) 789-3784,,No,4.8,54,"2750 SW 11th Pl N, Deerfield Beach, FL 33442, USA",ChIJB5F58y8d2YgRz5MVVDqs8B0,no_website,,,,,False,100
Fort Lauderdale,Deerfield Beach FL,HVAC companies,"AIR ON THE WAY A/C SERVICES, LLC",(786) 818-7506,,No,5,82,"4040 NE 3rd Ave, Deerfield Beach, FL 33441, USA",ChIJQ-78O-4d2YgR4f0myAt4BLg,no_website,,,,,False,100
Fort Lauderdale,Davie FL,Plumbers,Ace Plumber Davie FL,(754) 227-6699,,No,5,23,"32 SW 23rd St, Davie, FL 33317, USA",ChIJwSOCAJcv4UQRCyT1fpSxoUg,no_website,,,,,False,100
Fort Lauderdale,Davie FL,Pest control,Guaranteed Pest Control & Fertilization Inc.,(954) 584-5325,https://guaranteedpestcontrolfertilizationinc.blogspot.com/,Yes,4.5,115,"5071 S State Rd 7 #711, Davie, FL 33314, USA",ChIJCUTHd4ep2YgRnuWdvuj48gM,fake_B,B,,,,True,100
Fort Lauderdale,Davie FL,Pool service companies,Only pool services,(954) 707-7089,,No,5,25,"4449 Stirling Rd suite 3, Davie, FL 33314, USA",ChIJ5fvRJ2Kp2YgRbqOHa5BmYVY,no_website,,,,,False,100
Fort Lauderdale,Davie FL,Pool service companies,Cool Pools Services,(954) 588-8360,,No,4.9,69,"541 SW 167th Ave, Weston, FL 33326, USA",ChIJxx0NBBEK2YgRbq809UiAkFg,no_website,,,,,False,100
Fort Lauderdale,Davie FL,Roofers,Trust My Roofer,(954) 355-1174,,No,5,322,"5832 Stirling Rd, Hollywood, FL 33021, USA",ChIJ37gRu2Kp2YgRo5Hyi-Xct64,no_website,,,,,False,100
Fort Lauderdale,Davie FL,HVAC companies,Lord’s a/c,(786) 260-4783,,No,4.8,774,"13261 SW 7th Ct, Davie, FL 33325, USA",ChIJFyZPrUQJ2YgRPGMV4VMN6FQ,no_website,,,,,False,100
Fort Lauderdale,Sunrise FL,Pool service companies,"Coastline Pool Service, Inc",(954) 742-3316,https://sites.google.com/view/coastlinepoolservice,Yes,4.8,127,"5401 NW 102nd Ave #144, Sunrise, FL 33351, USA",ChIJmf7GJ0wP2YgR7W5J18b0K8s,fake_B,B,,,,True,100
Fort Lauderdale,Sunrise FL,Pool service companies,Crystal Pool Services Inc,(954) 748-1306,,No,3.8,27,"10718 NW 53rd St, Sunrise, FL 33351, USA",ChIJM8HzHEwP2YgR3mhKDIgGWZc,no_website,,,,,False,100
Fort Lauderdale,Sunrise FL,Roofers,Rokub Roofing,(754) 581-1954,,No,4.9,23,"745 Shotgun Rd, Sunrise, FL 33326, USA",ChIJ2XotP74J2YgR8QWKd5mR1S0,no_website,,,,,False,100
Fort Lauderdale,Sunrise FL,Remodelers,PG Kitchen & Bath,(954) 648-1632,,No,5,27,"13111 W Sunrise Blvd, Sunrise, FL 33323, USA",ChIJPydPlpIK2YgR-9NkX_5_pEg,no_website,,,,,False,100
Fort Lauderdale,Tamarac FL,Accountants,"LBS - Leon Business Services, LLC",(561) 510-6453,,No,4.9,127,"8333 W McNab Rd Suite 114, Tamarac, FL 33321, USA",ChIJV_MclbMF2YgRyX95gTzFx7g,no_website,,,,,False,100
Fort Lauderdale,Tamarac FL,Remodelers,"MARCO & CO, LLC",(954) 934-8612,,No,5,29,"7300 W McNab Rd Ste 219, Tamarac, FL 33321, USA",ChIJjT7uFUMF2YgRZ3hpEZC5uM8,no_website,,,,,False,100
Fort Lauderdale,Tamarac FL,Remodelers,MB HOME IMPROVEMENTS,(954) 707-6550,,No,4.8,40,"6412 N University Dr SUITE 102, Tamarac, FL 33321, USA",ChIJ__-v8VEP2YgRGt8NF_VZGso,no_website,,,,,False,100
Fort Lauderdale,Hallandale Beach FL,Plumbers,Total Appliance and A/C,(954) 454-6801,,No,4.3,4031,"1015 SW 10th Ave, Hallandale Beach, FL 33009, USA",ChIJbVugrG2s2YgRymJ9NN4PFyc,no_website,,,,,False,100
Fort Lauderdale,Hallandale Beach FL,Electricians,Nevco Electric Supply,(954) 963-0051,,No,4.8,22,"3180 W Pembroke Rd, Hallandale Beach, FL 33009, USA",ChIJXb4MS_er2YgRUOWG-NWhLSk,no_website,,,,,False,100
Fort Lauderdale,Hallandale Beach FL,Accountants,New Age Netgroup LLC,(954) 251-2300,,No,5,57,"409 W Hallandale Beach Blvd Suite 209, Hallandale Beach, FL 33009, USA",ChIJOXlrDcmt2YgRx-jYp-hvxYM,no_website,,,,,False,100
Fort Lauderdale,Hallandale Beach FL,Pool service companies,A1A POOLS,(954) 465-9306,,No,4.9,57,"2124 N 14th Ct, Hollywood, FL 33020, USA",ChIJr5Qw_ser2YgR3QZL_OWK1FM,no_website,,,,,False,100
Fort Lauderdale,Hallandale Beach FL,Pool service companies,Ultimate LV Pool Cleaners,(954) 994-2288,,No,4.8,127,"101 N Ocean Dr STE 398, Hollywood, FL 33019, USA",ChIJ4UwbWCKr2YgRm5M5unOZnos,no_website,,,,,False,100
Fort Lauderdale,Hallandale Beach FL,Pool service companies,Sunny Hollywood Pool Care Pros,(954) 519-4411,,No,4.8,147,"4921 Sheridan St STE 273, Hollywood, FL 33021, USA",ChIJpzABwsGp2YgR-kAh0TrJ3cM,no_website,,,,,False,100
Fort Lauderdale,Hallandale Beach FL,Roofers,Brave Roofers,(954) 982-8935,,No,4.8,82,"501 Golden Isles Dr #2340, Hallandale Beach, FL 33009, USA",ChIJlf_dceet2YgRmhrWwpmucx0,no_website,,,,,False,100
Fort Lauderdale,Hallandale Beach FL,HVAC companies,ROBLES HVAC SERVICE,(645) 207-8301,,No,4.8,21,"400 SE 3rd Ave, Hallandale Beach, FL 33009, USA",ChIJ55v7kNIchkkR_jcoriSF8uo,no_website,,,,,False,100
Tampa,Westshore Tampa FL,Electricians,"Electrical Handyman Service, Inc.",(813) 901-8185,,No,4.8,23,"7046 W Hillsborough Ave, Tampa, FL 33634, USA",ChIJx6OfffvDwogRIlZvJ5S49VQ,no_website,,,,,False,100
Tampa,Westshore Tampa FL,Accountants,PJ Testa Accountant Tampa,(813) 877-9615,,No,4.8,33,"6604 Gunn Hwy, Tampa, FL 33625, USA",ChIJH2udb53qwogRIkxK_aVj6JQ,no_website,,,,,False,100
Tampa,Westshore Tampa FL,Accountants,Newman & DiLascio CPAs & Advisors,(727) 327-6608,,No,4.9,31,"4300 W Cypress St #350, Tampa, FL 33607, USA",ChIJnQIx9lHiwogRH-SL-XCC_2w,no_website,,,,,False,100
Tampa,Westshore Tampa FL,Pool service companies,Helpful Tampa Pool Care,(813) 730-5554,,No,4.9,133,"14938 N Florida Ave STE 162, Tampa, FL 33613, USA",ChIJQallzZPHwogRSq8fSnET9Jk,no_website,,,,,False,100
Tampa,Westshore Tampa FL,Pool service companies,Happy Pool Care Pros,(813) 856-2220,,No,4.8,93,"3605 W Waters Ave #249, Tampa, FL 33614, USA",ChIJ14JvvmvBwogRSHs9Vc-USUk,no_website,,,,,False,100
Tampa,Hyde Park Tampa FL,Pool service companies,A and L Pool Maintenance,(813) 753-6263,,No,5,42,"12407 N Rome Ave, Tampa, FL 33612, USA",ChIJQ804K8fAwogRkpXjCERmYsA,no_website,,,,,False,100
Tampa,Hyde Park Tampa FL,Remodelers,Hyde Park Home Pros,(813) 904-2134,,No,5,25,"905 S Bruce St, Tampa, FL 33606, USA",ChIJm48KW6o4woUR-2suEpwHjUc,no_website,,,,,False,100
Tampa,Ybor City Tampa FL,Accountants,TampTax,(813) 237-5567,,No,4.5,86,"309 W Dr Martin Luther King Jr Blvd, Tampa, FL 33603, USA",ChIJ2VBsHhLEwogRS1p-QnS8NaI,no_website,,,,,False,100
Tampa,Palma Ceia Tampa FL,Cleaning companies,Pioneer Cleaners & Laundry on Macdill Ave,(813) 253-3323,,No,4.9,154,"2312 S MacDill Ave, Tampa, FL 33629, USA",ChIJbSKvQYXDwogRxQD3BIYrKVU,no_website,,,,,False,100
Tampa,Land O Lakes FL,HVAC companies,LandO Air Duct Cleaning & Dryer Vent,(813) 424-7699,,No,4.7,270,"2643 Narnia Way Suit 101, Land O' Lakes, FL 34638, USA",ChIJX5Apd2rwwogRZ4Zp3iaq5_8,no_website,,,,,False,100
Tampa,Brandon FL,Landscapers,Papa Green Corp. Lawn Care,(813) 369-0824,,No,4.8,153,"803 E Clay Ave, Brandon, FL 33510, USA",ChIJn39z90zMwogRYorS_27hmXQ,no_website,,,,,False,100
Tampa,Brandon FL,Landscapers,"TEZNA LANDSCAPING, TREES & PAVERS",(813) 708-7390,https://www.facebook.com/teznalandscaping,Yes,4.9,139,"4017 Bell Grande Dr, Valrico, FL 33596, USA",ChIJV5pkf2PSwogR4s8dE5xMVwo,fake_A,A,,,,True,100
Tampa,Brandon FL,Landscapers,Southern Roots Tree and Landscape,(813) 846-5751,,No,4.9,332,"3415 Ranch Rd, Valrico, FL 33596, USA",ChIJ7zXZ06jNwogRIwU-_vr5Kng,no_website,,,,,False,100
Jacksonville,Riverside Jacksonville FL,Accountants,River CPA,(904) 626-6347,http://www.rivercpa.com/,Yes,5,148,"1547 Peters Creek Rd, Green Cove Springs, FL 32043, USA",ChIJxd5qxffa5YgRKhvsswuZaQc,dead,,connection_error,,,False,100
Orlando,Lake Nona Orlando FL,Accountants,NONA TAX - LAKE NONA,(407) 990-1812,http://www.nonatax.com/,Yes,4.5,103,"10783 Narcoossee Rd #117, Orlando, FL 32832, USA",ChIJ-Upnb4eL3YgRBLD8Ip2EgDY,dead,,connection_error,,,False,100
Orlando,Baldwin Park Orlando FL,Roofers,The Roofing Experts,(407) 305-3603,http://roofingexpertsusa.com/,Yes,4.7,228,"775 Warner Ln Suite A, Orlando, FL 32803, USA",ChIJWcW48NF754gRjjLlVR_0WqI,dead,,503,,2127,False,100
Lakeland,Lake Morton Lakeland FL,Plumbers,Prime Plumbers LLC,(941) 299-2659,https://www.primeplumbersllc.com/,Yes,5,101,"1797 Birch Dr, Venice, FL 34293, USA",ChIJ9xM56Pc73YgRiJSUUVYqDvk,dead,,404,,1139,True,100
Lakeland,North Lakeland FL,Plumbers,Before You Dig LLC,(863) 267-4852,https://bydservices.com/clogged-drains/,Yes,5,240,"1221 Edgewater Dr, Lakeland, FL 33805, USA",ChIJkcRo_uY_3YgRnHTwnWUm_4c,dead,,503,,1191,True,100
Fort Lauderdale,Coral Springs FL,Electricians,EMB Home Services - Electrical Maintenance in Broward,(786) 308-0692,http://www.embhomeservices.com/,Yes,5,125,"503 Lakeview Dr, Coral Springs, FL 33071, USA",ChIJ2TWFhfAF2YgRhEb4CZ2o1qQ,dead,,503,,556,False,100
Fort Lauderdale,Deerfield Beach FL,Cleaning companies,Go Cleaning Maids,(954) 388-7735,https://gocleaningmaids.com/?utm_source=organicmb&utm_medium=clickmb&utm_campaign=veiopelomb&utm_id=mybusiness&utm_term=housecleaning,Yes,4.8,122,"4701 NW 4th Ave, Pompano Beach, FL 33064, USA",ChIJ29iwCDN0z6QRxjTBWj1BLZg,dead,,503,,1375,True,100
Fort Lauderdale,Hallandale Beach FL,Accountants,Susana Coll Taxes & Immigration Services,(954) 682-9884,https://susanacolltaxes.com/,Yes,4.8,163,"221 W Hallandale Beach Blvd Suite 208, Hallandale Beach, FL 33009, USA",ChIJuSyByXms2YgRPJl4qXyc40E,dead,,connection_error,,,True,100
Jacksonville,San Marco Jacksonville FL,Plumbers,Mr. Rooter Plumbing of Jacksonville,(904) 339-0043,https://www.mrrooter.com/jacksonville/?cid=LSTL_MRR000199&utm_source=gmb&utm_campaign=local&utm_medium=organic,Yes,4.8,587,"8880 Corporate Square Ct Suite 6, Jacksonville, FL 32216, USA",ChIJpUNT5bu15YgRPhRwpgdERh8,dead,,dead,,,True,100
Jacksonville,Fleming Island FL,Plumbers,Mr. Rooter Plumbing of Orange Park,(904) 217-5790,https://www.mrrooter.com/orange-park/?cid=LSTL_MRR000199&utm_source=gmb&utm_campaign=local&utm_medium=organic,Yes,4.8,247,"14 Swimming Pen Dr Ste 12, Middleburg, FL 32068, USA",ChIJ8X-sLczF5YgRGI0CHAJ9jEc,dead,,dead,,,True,100
Jacksonville,Fleming Island FL,Roofers,"D & D Roofing, LLC",(904) 377-8778,https://ddroofingjax.com/,Yes,4.9,161,"4877 Raggedy Point Rd, Fleming Island, FL 32003, USA",ChIJ__-vmvav5YgRejWAtTxppNc,dead,,dead,,,True,100
Jacksonville,Fleming Island FL,Remodelers,Mr. Handyman serving Greater Jacksonville,(904) 329-7535,https://www.mrhandyman.com/greater-jacksonville/?cid=LSTL_MHM000197&utm_source=gmb&utm_campaign=local&utm_medium=organic,Yes,4.8,833,"1107 Park Ave, Orange Park, FL 32073, USA",ChIJUdc1k-bF5YgRdoMYe1ihIVk,dead,,dead,,,True,100
Orlando,Winter Park FL,Plumbers,Long's Certified Plumbing Services,(407) 331-6108,http://www.longscertifiedplumbing.com/,Yes,4.9,171,"5415 Lake Howell Rd #103, Winter Park, FL 32792, USA",ChIJzx1IqM5v54gRRb0lBN7wGGs,dead,,dead,,,False,100
Orlando,Winter Park FL,Plumbers,Mr. Rooter Plumbing of Winter Park,(689) 232-5916,http://www.mrrooterorlando.com/,Yes,4.8,112,"7006 Stapoint Ct J, Winter Park, FL 32792, USA",ChIJBUpt46Bv54gRhg-Xp8nHXcw,dead,,dead,,600,False,100
Orlando,Lake Nona Orlando FL,Electricians,Mr. Electric of Orlando,(321) 286-0423,https://mrelectric.com/orlando/?cid=LSTL_MRE000196&utm_source=gmb&utm_campaign=local&utm_medium=organic,Yes,4.9,292,"3700 34th St Suite 100B, Orlando, FL 32805, USA",ChIJA_jjbYJ754gRyC-7_3Qho3Y,dead,,dead,,,True,100
Lakeland,Downtown Lakeland FL,Electricians,Mr. Electric of Lakeland,(863) 274-3137,https://mrelectric.com/lakeland/?cid=LSTL_MRE000196&utm_source=gmb&utm_campaign=local&utm_medium=organic,Yes,4.8,466,"4927 Southfork Dr, Lakeland, FL 33813, USA",ChIJZStU2HI53YgRJngS3-9oqBI,dead,,dead,,,True,100
Lakeland,Winter Haven FL,Electricians,Mr. Electric of Winter Haven,(863) 312-1716,https://mrelectric.com/winter-haven?cid=LSTL_MRE000196&utm_source=gmb&utm_campaign=local&utm_medium=organic,Yes,4.9,142,"99 6th St SW #202, Winter Haven, FL 33880, USA",ChIJ03xGlqAT3YgRA_If6AeRl44,dead,,dead,,,True,100
Tampa,Westshore Tampa FL,Electricians,Mr. Electric of Tampa Bay,(813) 474-9789,https://www.mrelectric.com/tampa-bay?cid=LSTL_MRE000196&utm_source=gmb&utm_campaign=local&utm_medium=organic,Yes,4.9,1039,"7901 Benjamin Rd, Tampa, FL 33634, USA",ChIJ38Im05S9wogRlTgGmRaucRA,dead,,dead,,,True,100
Tampa,Land O Lakes FL,HVAC companies,Expert Home Service,(813) 632-8889,https://experthomeservice.com/service-areas/hillsborough-county-fl/?utm_source=google&utm_medium=organic&utm_id=gbptampa,Yes,4.9,919,"7320 E Fletcher Ave, Tampa, FL 33637, USA",ChIJVduaEFrGwogRkwBUMY_I5bY,dead,,dead,,,True,100
Jacksonville,San Marco Jacksonville FL,Cleaning companies,Gabi's Pro Cleaning,(407) 946-5387,https://gabisprocleaning.com/services/,Yes,4.9,67,"11306 Lake Mandarin Cir E, Jacksonville, FL 32223, USA",ChIJx9VMO-598EgRrzlbiJ9gBqs,dead,,404,,460,True,98
Orlando,Winter Park FL,Pool service companies,Pro Backyard Pool Service LLC,(407) 881-4919,https://probackyardpool.com/pool-service/?utm_source=google_business_profile,Yes,4.9,98,"3505 Lake Lynda Dr #200, Orlando, FL 32817, USA",ChIJ0bdO8zpp54gRPMeUoPPI0lc,dead,,404,,1245,True,98
Lakeland,Mulberry FL,Pest control,Home Protection Pest Control,(813) 757-6752,http://homeprotectionpc.com/,Yes,4.9,93,"1105 Woodlawn Ave, Plant City, FL 33563, USA",ChIJaepQ_pM13YgR-ha_uqBSRD4,dead,,connection_error,,,False,98
Lakeland,Winter Haven FL,Cleaning companies,"Inspection Ready Enterprises, LLC",(863) 307-2075,http://www.inspectionreadyenterprises.com/,Yes,4.9,54,"555 Ave L NW, Winter Haven, FL 33881, USA",ChIJ6YJCF9MT3YgRndI6GvWp5W4,dead,,404,https://www.inspectionreadyenterprises.com/,1690,False,98
Lakeland,Plant City FL,Roofers,Carapezza Construction & Roofing Company Inc.,(813) 707-0235,https://carapezzaconstruction.com/,Yes,4.8,93,"1605 N Wheeler St, Plant City, FL 33563, USA",ChIJb4ETJKQ23YgRIKuwWxY_Q_Y,dead,,404,,599,True,98
Lakeland,Plant City FL,Roofers,Everdean Construction,(863) 888-0724,https://everdean.net/,Yes,4.6,55,"121 N Collins St Suit 202, Plant City, FL 33563, USA",ChIJCSE69Q1r3YgRdQtSglrJbWw,dead,,404,,1757,True,98
Fort Lauderdale,Las Olas Fort Lauderdale FL,Pool service companies,M.A. Pool Service,(954) 822-3343,http://mapools.pro/,Yes,4.9,60,"800 SE 16th St, Fort Lauderdale, FL 33316, USA",ChIJZ2_wEa0E2YgRXw87i_J88JQ,dead,,connection_error,,,False,98
Fort Lauderdale,Pompano Beach FL,Roofers,RJ Chambers Roofing Inc,(954) 461-7128,http://www.rjchambers.com/,Yes,5,75,"750 E Sample Rd, Pompano Beach, FL 33062, USA",ChIJxUp_EWPkPwgRYgJjCp9o0ws,dead,,404,https://www.rjchambers.com/,2118,False,98
Fort Lauderdale,Deerfield Beach FL,HVAC companies,Best AC Services,(954) 536-5312,https://bestacservices.net/,Yes,4.9,97,"521 SW 11th Dr, Deerfield Beach, FL 33441, USA",ChIJz7b8kPtjRC4R_VsCjk1Z7WU,dead,,connection_error,,,True,98
Tampa,Westshore Tampa FL,Cleaning companies,Rhino Cleaning Services,(407) 587-6240,https://rhinocleaningservices.us/,Yes,4.9,78,"7904 Bally Money Rd, Tampa, FL 33610, USA",ChIJ43SMHyiH54gRiz0bFix1E6U,dead,,404,https://rhinocleaningservices.us/404.html,2227,True,98
Jacksonville,San Marco Jacksonville FL,Accountants,Leapers Connect Consultancy: Business & Real Estate Tax Strategist,(833) 968-5327,https://linktr.ee/leapersc,Yes,5,43,"841 Prudential Dr 12th Floor, Jacksonville, FL 32207, USA",ChIJhZsx7N6Hk4gR9yTUFEXxtok,fake_A,A,,,,True,96
Jacksonville,Fleming Island FL,Pest control,FunGuy Pest Inspections LLC,(904) 631-5794,https://www.facebook.com/FunGuy-Pest-Inspections-,Yes,5,39,"1301 Black Gum Ct, Orange Park, FL 32073, USA",ChIJJ5orD2xoj4YR9SwpxFMo5PU,fake_A,A,,,,True,96
Orlando,MetroWest Orlando FL,Landscapers,Garden Now Landscaping Orlando - Paisagismo e Jardinagem,(407) 914-1712,https://www.instagram.com/gardennow_/,Yes,5,32,"2313 Lake Debra Dr, Orlando, FL 32835, USA",ChIJ9_n84AjXkmgRJuu6h__CX3w,fake_A,A,,,,True,96
Orlando,Winter Garden FL,Remodelers,By One Bathroom Renovations,(407) 505-5625,https://www.instagram.com/byonebathrooms/,Yes,5,28,"940 Carter Rd, Winter Garden, FL 34787, USA",ChIJWTvafkkrX2kRWBAUcyf6yLw,fake_A,A,,,,True,96
Lakeland,Downtown Lakeland FL,Landscapers,The Lawn Butcher,(863) 399-4582,https://www.facebook.com/TheLawnButcher/,Yes,5,31,"2016 Woodbriar Loop S, Lakeland, FL 33813, USA",ChIJOXAn6LY_3YgRjICgbLsNwmM,fake_A,A,,,,True,96
Lakeland,Haines City FL,Remodelers,Moyita Renovations LLC,(407) 350-9792,https://www.facebook.com/moyitarenovationsLLC?mibextid=ZbWKwL,Yes,5,26,"302 Midway Rv Park, Haines City, FL 33844, USA",ChIJDVu5-QTqL68RlXPFhRtSrFg,fake_A,A,,,,True,96
Fort Lauderdale,Davie FL,Accountants,Davie Accounting & Associates,(954) 791-6671,https://www.facebook.com/davieaccountingass,Yes,3.5,24,"3627 Davie Blvd, Fort Lauderdale, FL 33312, USA",ChIJhbug70gH2YgR1Jk-y2IxZHI,fake_A,A,,,,True,96
Fort Lauderdale,Davie FL,Remodelers,Sacconi Design & Construction Services.,(305) 780-4802,https://beacons.ai/sacconidesign,Yes,5,20,"1705 Whitehall Dr, Davie, FL 33324, USA",ChIJB9plDlup2YgRKkciRw5wgzc,fake_A,A,,,,True,96
Jacksonville,Arlington Jacksonville FL,Accountants,Seaside Business Solutions,(904) 367-3330,https://sites.google.com/view/seaside-solutions/home,Yes,4.9,78,"1794 Rogero Rd STE 1001, Jacksonville, FL 32211, USA",ChIJYc45ZCC15YgR_MHvoQfDj2U,fake_B,B,,,,True,95
Lakeland,Lake Wales FL,Electricians,"Fletcher Electric Service, Inc.",(863) 676-1113,https://fletcherelectricserviceinc.godaddysites.com/,Yes,4.4,53,"221 E Central Ave, Lake Wales, FL 33853, USA",ChIJPfn3rNgI3YgRPHg1ZvjPmn0,fake_B,B,,,,True,95
Lakeland,Haines City FL,Landscapers,Edamis Landscaping LLC,(407) 726-0899,https://site-f7hqo12c2.godaddysites.com/,Yes,4.9,65,"3601 Baker Dairy Rd, Haines City, FL 33844, USA",ChIJWy7Ac1mXtigR8Tnpx4z8onw,fake_B,B,,,,True,95
Fort Lauderdale,Victoria Park Fort Lauderdale FL,Electricians,Lauderdale Electrical Gate Repair Fort,(754) 218-5134,https://electricalgaterepairfortlauderdale.blogspot.com/2022/01/electrical-gate-repair-fort-lauderdale.html,Yes,4.9,72,"1647 NE 3rd Ct, Fort Lauderdale, FL 33301, USA",ChIJk5LzhTAB2YgR6g4kxnzEEzE,fake_B,B,,,,True,95
Fort Lauderdale,Plantation FL,Roofers,Florida Roofing Pros | Residential & Commercial Roofing | Flat Roof Specialist,(954) 806-2016,https://floridaroofingpros.godaddysites.com/,Yes,5,52,"10130 Reflections Blvd N Unit 104, Sunrise, FL 33351, USA",ChIJR9A41E0J2YgRp40obXqPH_U,fake_B,B,,,,True,95
Tampa,Westshore Tampa FL,Plumbers,Tampa Bay Plumbers LLC,(813) 816-1053,https://www.tampaplumber.net/?utm_campaign=gmb,Yes,4.7,1190,"6205 Johns Rd Suite 12, Tampa, FL 33634, USA",ChIJm_MRLDu5wogRvT4l8tKgFSE,ssl_error,,ssl_error,,,True,95
Jacksonville,San Marco Jacksonville FL,Remodelers,Professional General Works,(786) 757-9959,https://professionalgeneralworks.com/,Yes,5,23,"11659 Mossy Way, Jacksonville, FL 32223, USA",ChIJ8eLj9IQ3E6IRi_lY63qBSoY,dead,,connection_error,,,True,94
Jacksonville,Springfield Jacksonville FL,Accountants,"Complete Controller Jacksonville, FL - Bookkeeping Service",(866) 443-8879,https://completecontroller.com/bookkeeping-jacksonville-fl/?utm_source=google%20maps&utm_medium=maps&utm_campaign=Jacksonville,Yes,5,23,"50 N Laura St Suite 2500, Jacksonville, FL 32202, USA",ChIJLyyRPwq35YgR74jvY6R3YvY,dead,,503,https://www.completecontroller.com//bookkeeping-jacksonville-fl/?utm_source=google%20maps&utm_medium=maps&utm_campaign=Jacksonville,3469,True,94
Jacksonville,Fleming Island FL,Remodelers,Island Kitchen and Bath Designs,(904) 736-6320,https://www.islandkitchenandbathdesigns.com/?utm_campaign=gmb,Yes,4.8,24,"2150 Park Ave, Orange Park, FL 32073, USA",ChIJ6zocS1_F5YgRIDr6uxen-7A,dead,,503,https://islandkitchenandbathdesigns.com/,2714,True,94
Jacksonville,Neptune Beach FL,Electricians,Reliance Electrical Services,(904) 778-5977,https://relianceelectricalservices.com/contact-us/,Yes,5,20,"12513 Gately Oaks Ln E, Jacksonville, FL 32225, USA",ChIJq6re5HxM5IgRqQi7oQdwq7M,dead,,404,https://www.relianceelectricalservices.com/contact-us/,2399,True,94
Orlando,Winter Park FL,HVAC companies,Pure AC Air Conditioning Repair,(407) 469-7874,https://pureacairconditioning.com/location/top-rated-air-conditioning-services-winter-park-fl/,Yes,5,27,"1017 Aloma Ave, Winter Park, FL 32789, USA",ChIJNwnnydVv54gRiCE27Y9CxzU,dead,,connection_error,,,True,94
Orlando,Winter Park FL,Remodelers,hm service,(321) 246-1900,http://www.myhmservice.com/,Yes,5,21,"135 Oak Grove Rd, Winter Park, FL 32789, USA",ChIJE1Aq2UJw54gRqdUHHNFrqSg,dead,,connection_error,,,False,94
Orlando,Lake Nona Orlando FL,Electricians,JCA Electrical Services,(321) 245-7734,http://jcaelectricalservices.com/,Yes,5,32,"845 Don Jean Ln, Orlando, FL 32825, USA",ChIJSTxO1-Zl54gRmJNiGAXpBWM,dead,,404,https://jcaelectricalservices.com/,1738,False,94
Orlando,Lake Nona Orlando FL,Pest control,Henderson Pest Elimination - Orlando Pest Control Services,(407) 577-1900,https://hpepestcontrol.com/,Yes,4,46,"7208 W Sand Lake Rd Ste 305, Orlando, FL 32819, USA",ChIJj48cnrh_54gR5pKiqN5YapI,dead,,404,,1644,True,94
Orlando,Dr. Phillips Orlando FL,Remodelers,Mint Kitchen & Bath Remodeling Contractors,(407) 783-0434,https://mintkitchenbathremodeling.com/,Yes,5,26,"8014 Conroy Windermere Rd, Orlando, FL 32835, USA",ChIJgfrvozxF5IkRA0ycg6SbUjo,dead,,connection_error,,,True,94
Orlando,MetroWest Orlando FL,Cleaning companies,27 PRO CLEANING LLC,(561) 460-5210,https://27procleaningservices.com/,Yes,5,32,"2763 Metro Sevilla Dr APT 107 32835, Orlando, FL 32835, USA",ChIJdZcYVzluuScR7geGIojQEuc,dead,,connection_error,,,True,94
Orlando,Maitland FL,HVAC companies,Pure AC Air Conditioning,(407) 557-9819,https://pureacairconditioning.com/location/top-rated-air-conditioning-services-maitland-fl/,Yes,5,24,"110 N Orlando Ave, Maitland, FL 32751, USA",ChIJ83lcgx1x54gRou_ckMIgWrE,dead,,connection_error,,,True,94
Orlando,Casselberry FL,Electricians,Main Line Electrical Contractors,(407) 260-9930,http://www.mainlineelectric.net/,Yes,4.7,33,"722 Commerce Cir, Longwood, FL 32750, USA",ChIJ8dAHsZpt54gRtaRMrFbik9Y,dead,,503,,629,False,94
Lakeland,Downtown Lakeland FL,Pool service companies,AccuAquatics Pool Care,(863) 712-4874,http://accuaquaticspoolcare.com/?utm_source=gmb&utm_medium=referral,Yes,4.5,26,"1880 N Crystal Lake Dr #60, Lakeland, FL 33801, USA",ChIJe-tW-hA_3YgRojspOQajdXk,dead,,404,,1557,False,94
Lakeland,Grasslands Lakeland FL,Remodelers,"JSR Handyman Service, INC.",(863) 265-1613,http://jsrhandymanservice.com/,Yes,4.7,36,"3616 Century Blvd Suite D-03, Lakeland, FL 33811, USA",ChIJMy5JIAo-3YgRET0ItLdjmTo,dead,,404,http://www.jsrhandymanservice.com/,754,False,94
Lakeland,Auburndale FL,Remodelers,DCC Builders,(863) 207-4900,https://dccbuilders.com/,Yes,4.9,27,"209 E Bridgers Ave, Auburndale, FL 33823, USA",ChIJVw5FlIZr3YgR-P7o_YpsyNU,dead,,connection_error,,,True,94
Lakeland,Winter Haven FL,Pool service companies,Cowabunga Pool Service LLC,(863) 508-9696,http://cowabungapools.com/,Yes,4.8,25,"161 Whitman Rd, Winter Haven, FL 33884, USA",ChIJ-YwY27kN3YgRb9-SI6j2kps,dead,,404,,848,False,94
Lakeland,Winter Haven FL,HVAC companies,AIR CONDITIONING CLEANING WINTER HAVEN,(407) 305-0456,https://airconditioningcleaningwinterhaven.com/,Yes,4.9,27,"5825 Forest Ridge Dr, Winter Haven, FL 33881, USA",ChIJwyNPtcBz3YgRHn15ZaUelXI,dead,,connection_error,,,True,94
Lakeland,Davenport FL,Cleaning companies,Dust & shine home services,(772) 713-4759,http://www.dustandshinehomeservicesllc.com/,Yes,4.9,27,"2561 Sand Hill Point Cir, Davenport, FL 33837, USA",ChIJ2w-Q5vFx3YgRsNPY5xUwOcg,dead,,404,https://www.dustandshinehomeservicesllc.com/,1657,False,94
Lakeland,Davenport FL,Remodelers,One Stop Kitchen And Bath,,http://www.onestopkitchenandbath.com/,Yes,4.9,45,"112 Polo Park E Blvd, Davenport, FL 33897, USA",ChIJr4F48nuD3YgR75nm1RiJSsU,dead,,404,,490,False,94
Lakeland,Davenport FL,Remodelers,Remodeling FC,(407) 613-4385,https://remodelingfcllc.com/,Yes,5,23,"134 Mandovi St, Davenport, FL 33837, USA",ChIJWRS3WzYOUEURqaX26fxQmvI,dead,,connection_error,,,True,94
Lakeland,Plant City FL,HVAC companies,AIR CONDITIONING & HEATING SERVICES OF FLORIDA,(407) 604-4055,https://airconditioningheatingservicesofflorida.com/,Yes,4.9,30,"1103 W Alexander St, Plant City, FL 33563, USA",ChIJMeDdSeK7M4gRV_8RHF-8S1M,dead,,connection_error,,,True,94
Lakeland,Plant City FL,HVAC companies,A Team Air conditioning & HVAC Repair,(813) 544-2941,https://ateamairconditioningrepair.com/plant-city-fl/,Yes,4.7,31,"3404 Silver Glen Ct, Plant City, FL 33566, USA",ChIJgaehjNn7wogRAez0m0qBjzQ,dead,,connection_error,,,True,94
Fort Lauderdale,Las Olas Fort Lauderdale FL,Landscapers,Steven’s Landscaping,(754) 281-4348,https://stevenslandscaping.negocio.site/,Yes,4.8,33,"1236 SW 29th Terrace, Fort Lauderdale, FL 33312, USA",ChIJ5QY6JnUB2YgRThlnVue8vK0,dead,,404,,428,True,94
Fort Lauderdale,Las Olas Fort Lauderdale FL,Remodelers,OR. Painting and Remodeling LLc.,(954) 865-3316,https://orremodeling.org/,Yes,5,39,"4111sw 25st, Fort Lauderdale, FL 33312, USA",ChIJxyIWSU4H2YgRRV8_4Qu5ySg,dead,,connection_error,,,True,94
Fort Lauderdale,Cypress Creek Fort Lauderdale FL,Remodelers,Reliable Construction Group,(786) 326-4041,http://www.reliableconstructiongroupfl.com/,Yes,4.6,20,"1101 SW 18th Ct, Fort Lauderdale, FL 33315, USA",ChIJcen9vJEA2YgRAIJKrXkZ1Uw,dead,,connection_error,,,False,94
Fort Lauderdale,Plantation FL,Plumbers,On Site Plumber & Leak Detection Sunrise FL,(754) 294-5803,https://onsiteplumberleakdetection.com/sunrise-fl,Yes,4.9,39,"3306 N University Dr, Sunrise, FL 33351, USA",ChIJ-5i9yugH2YgRTpWmRvNt61Q,dead,,connection_error,,,True,94
Fort Lauderdale,Plantation FL,Remodelers,One Nation Renovation,(954) 595-2887,https://onenationrenovation.com/,Yes,4.9,27,"1333 S University Dr # 200, Plantation, FL 33324, USA",ChIJJa-uHZet2YgRpQztwqzLGlc,dead,,connection_error,,,True,94
Fort Lauderdale,Pompano Beach FL,Accountants,Tax Controller Inc,(954) 301-1848,http://www.taxcontroller.com/,Yes,5,21,"750 E Sample Rd Bay 5, Pompano Beach, FL 33064, USA",ChIJw57tWE4d2YgRrEiEUVzDN6Y,dead,,503,,1201,False,94
Fort Lauderdale,Deerfield Beach FL,Plumbers,Broward Plumbing Inc - Deerfield Beach,(954) 516-7777,https://www.browardplumber.com/?utm_source=gbp_deerfield&utm_medium=organic,Yes,4.8,22,"229-231 Goolsby Blvd, Deerfield Beach, FL 33442, USA",ChIJCXYeNYod2YgRFyiH2XL6QBw,dead,,404,,1340,True,94
Fort Lauderdale,Deerfield Beach FL,Remodelers,Lada Home Remodeling Services,,https://www.ladaremodeling.site/,Yes,5,27,"SW 35th Ave, Deerfield Beach, FL 33442, USA",ChIJZxOw6JAd2YgRhoOIOwV7rtE,dead,,404,,585,True,94
Fort Lauderdale,Davie FL,Accountants,Tax Care,(954) 903-4036,https://www.taxcareinc.com/pembroke-pines/,Yes,5,34,"12555 Orange Dr #265, Davie, FL 33330, USA",ChIJH6lmLB2m2YgRHHMEISXpErg,dead,,connection_error,,,True,94
Fort Lauderdale,Davie FL,Pest control,Quintech Pest Control,(786) 222-6182,https://quintechpest.com/?utm_source=omg-gbp&utm_medium=webclick,Yes,5,46,"5232 SW 94th Ave, Cooper City, FL 33328, USA",ChIJN-c7opQH2YgRXpW4ldBNCbQ,dead,,404,,132,True,94
Fort Lauderdale,Sunrise FL,Landscapers,BrightView Landscapes,(305) 863-0025,https://www.brightview.com/local/sunrise-fl-landscape-services,Yes,4,29,"440 Sawgrass Corporate Pkwy STE 102, Sunrise, FL 33325, USA",ChIJ4WAOSq-72YgReUyvOPceZ-4,dead,,404,,84,True,94
Fort Lauderdale,Sunrise FL,Accountants,Garg and Associates Incorporation,(954) 636-6424,http://gargcpa.com/,Yes,4.9,42,"8890 W Oakland Park Blvd Suite 202, Sunrise, FL 33351, USA",ChIJIRdlt-wH2YgRn7C9HUTqJcM,dead,,connection_error,,,False,94
Tampa,Brandon FL,Pool service companies,Splash Splash Pool Service,(813) 526-0433,https://www.splashsplashpoolservice.com/?utm_source=google&utm_medium=local,Yes,3.4,27,"602 Fairmont Dr, Brandon, FL 33511, USA",ChIJt_aPqrfNwogR62gqYMexLRA,dead,,connection_error,,,True,94
Jacksonville,Southside Jacksonville FL,Landscapers,Sunway Landscape Services,(833) 478-6929,https://gosunway.com/,Yes,4.5,38,"8638 Philips Hwy Unit 10, Jacksonville, FL 32256, USA",ChIJv31L2DjP5YgRjEIsfOP-sqU,dead,,dead,,,True,94
Lakeland,Bartow FL,Roofers,"Wood's Roofing & Remodeling, LLC",(863) 513-7775,https://www.woodsroofinglakeland.com/,Yes,4.3,21,"1080 80 Foot Rd, Bartow, FL 33830, USA",ChIJydq6wmIR3YgRlk3lhdHL5f4,dead,,dead,,,True,94
Fort Lauderdale,Las Olas Fort Lauderdale FL,Plumbers,On Site Plumber & Leak Detection,(754) 294-5802,https://onsiteplumberleakdetection.com/fort-lauderdale-fl,Yes,5,41,"1137 SW 8th Terrace, Fort Lauderdale, FL 33315, USA",ChIJ-WIVgXQB2YgRcKCHTB3AYsQ,dead,,dead,,,True,94
Fort Lauderdale,Coral Springs FL,Accountants,Rena L Singer CPA PA,(954) 341-9099,http://www.renasingercpa.com/,Yes,4.8,25,"5481 N University Dr #101, Coral Springs, FL 33067, USA",ChIJOfLMgMEa2YgR_oeN_fepf7Q,dead,,dead,,,False,94
Fort Lauderdale,Sunrise FL,Accountants,WKB Accounting LLC,(954) 742-0299,http://wkbaccounting.com/,Yes,5,20,"8360 W Oakland Park Blvd STE 111, Sunrise, FL 33351, USA",ChIJp5_ixZVYwokRYV8DtWzN9R8,dead,,dead,,,False,94
Fort Lauderdale,Hallandale Beach FL,Remodelers,Mr. Handyman serving Hollywood and Surrounding Areas,(954) 212-9153,https://www.mrhandyman.com/hollywood-florida/?cid=LSTL_MHM000197&utm_source=gmb&utm_campaign=local&utm_medium=organic,Yes,5,33,"409 W Hallandale Beach Blvd, Hallandale Beach, FL 33009, USA",ChIJXepRxmet2YgRA9Oe16w_Fd4,dead,,dead,,,True,94
Jacksonville,St. Johns Town Center Jacksonville FL,HVAC companies,AC Maintenance Jax,(904) 250-1338,https://sites.google.com/view/ac-maintenance-jax/home,Yes,5,26,"14639 Bartram Creek Blvd, Jacksonville, FL 32259, USA",ChIJYXHhVjKt5YgRy1xi-W4Iozs,fake_B,B,,,,True,91
Orlando,Lake Nona Orlando FL,Pool service companies,Ocean Pool,,https://oceanpoolservices.my.canva.site/ocean-pool,Yes,4.7,27,"9002 Exploration Ave, Orlando, FL 32832, USA",ChIJcVok4_9h54gRWwzoNGZDa-s,fake_B,B,,,,True,91
Lakeland,Downtown Lakeland FL,Landscapers,First Choice Lawn and Landscape LLC,(863) 581-1239,https://sites.google.com/view/firstchoicelawnandlandscapellc/home,Yes,4.8,22,"6277 Cross Creek Blvd, Lakeland, FL 33813, USA",ChIJJ5Kn9TM83YgR3-7-bZt3-KI,fake_B,B,,,,True,91
Lakeland,Lake Wales FL,Cleaning companies,Lemon Bliss LLC,(386) 288-5626,https://service1512.wixsite.com/lemonbliss,Yes,5,49,"1468 SW Main Blvd #105-22, Lake City, FL 32025, USA",ChIJs0jAA9cBUm8RODRLsqKIEJ0,fake_B,B,,,,True,91
Lakeland,Lake Wales FL,Accountants,Della Gonzalez Tax Service,(863) 632-0677,https://sites.google.com/dellagonzaleztaxservice.com/dgts/services,Yes,4.7,28,"5999 Dundee Rd Ste 650, Winter Haven, FL 33884, USA",ChIJpaKlIvsL3YgRJMGHAq1IxSk,fake_B,B,,,,True,91
Fort Lauderdale,Davie FL,HVAC companies,ESR HVAC Service and repair,(954) 833-4644,https://ezrwin.my.canva.site/esr-hvac-service-and-repair,Yes,5,38,"4701 Orange Dr Unit 13 Bldg 4, Davie, FL 33314, USA",ChIJGZTd56Sp2YgRD5h3GqTAa-Y,fake_B,B,,,,True,91
Fort Lauderdale,Hallandale Beach FL,Roofers,Fresh Look Roofers,(954) 287-1246,https://sites.google.com/view/freshlookroofers/home,Yes,5,21,"404 S Dixie Hwy, Hallandale Beach, FL 33009, USA",ChIJVSEYiyet2YgRgMgaPAG649M,fake_B,B,,,,True,91
Tampa,New Tampa FL,Landscapers,RND Landscape Design Tampa,(813) 945-9838,https://landscapedesignertampa.weebly.com/,Yes,4.9,41,"319 E Fern St, Tampa, FL 33604, USA",ChIJkSgn4obHwogR3yYrJbDEuRc,fake_B,B,,,,True,91
Jacksonville,Neptune Beach FL,Accountants,Duval County Tax Collector - Neptune Branch,(904) 255-5700,http://duvaltc.com/,Yes,4.3,610,"1505 Atlantic Blvd, Neptune Beach, FL 32266, USA",ChIJzbPbHkVJ5IgRVG14mXw-gPw,timeout,,timeout,,552,False,90
Orlando,Winter Park FL,HVAC companies,"American Air, Plumbing, and Electrical",(321) 233-4619,https://americanairandheat.com/?utm_source=google&utm_medium=organic&utm_campaign=GMBListing-Sanford-FL,Yes,4.9,9267,"2874 S Sanford Ave, Sanford, FL 32773, USA",ChIJx4twZgJp54gRKD1wVh--MP8,timeout,,timeout,,,True,90
Fort Lauderdale,Wilton Manors FL,Plumbers,Joe Hillman Plumbers,(954) 577-9445,https://www.joehillmanplumbers.com/,Yes,4.8,921,"2280 SW 70th Ave #2, Davie, FL 33317, USA",ChIJ4-cKNwgH2YgR5bWufAzSGZM,timeout,,timeout,,,True,90
Tampa,Palma Ceia Tampa FL,HVAC companies,"Acree Plumbing, Air & Electric",(813) 324-1661,https://trustacree.com/?utm_source=google&utm_medium=organic&utm_campaign=GMBListing-Tampa-FL,Yes,4.6,10658,"3801 Corporex Park Dr Ste 130, Tampa, FL 33619, USA",ChIJMfXYS1vPwogRBpvbjD8oyC8,timeout,,timeout,,,True,90
Fort Lauderdale,Coral Springs FL,Accountants,KMS Financial Consulting,(954) 768-6620,http://www.kmsfinancialcpa.com/,Yes,5,163,"8219, 8217 W Atlantic Blvd, Coral Springs, FL 33071, USA",ChIJ4-NVQHYF2YgRU70DLdH4Vt0,ssl_error,,ssl_error,,,False,85
Jacksonville,Fleming Island FL,Pest control,Certified Pest Solutions,(904) 406-0946,https://certifiedpestsolutions.com/,Yes,4.8,225,"225 College Dr Suite 65793, Orange Park, FL 32065, USA",ChIJS2DGKY_F5YgRCSg5DAJQBEE,timeout,,timeout,,,True,85
Lakeland,Grasslands Lakeland FL,Cleaning companies,Steam Master Cleaning,(863) 225-9870,https://steammastercleaninglakeland.com/,Yes,4.9,317,"3512 Waterfield Pkwy, Lakeland, FL 33803, USA",ChIJObIO5TQ_3YgRFazVeu7HJaA,timeout,,timeout,,,True,85
Fort Lauderdale,Pompano Beach FL,HVAC companies,"GMC Air Conditioning Services, LLC",(954) 973-5980,https://www.gmcacservices.com/,Yes,4.7,274,"4100 N Powerline Rd Suite U5, Pompano Beach, FL 33073, USA",ChIJox2etzID2YgR7zXbg8ApKOM,timeout,,timeout,,,True,85
Tampa,Tampa Heights FL,HVAC companies,"Air Support Cooling and Heating, LLC",(813) 245-4622,https://airsupportnow.com/,Yes,5,282,"1031 W Busch Blvd, Tampa, FL 33612, USA",ChIJry_ykXvHwogRiGWOOvev00c,timeout,,timeout,,,True,85
Fort Lauderdale,Hallandale Beach FL,Pest control,Above All Pest Control Services Inc,(786) 419-3962,https://www.homeadvisor.com/rated.AboveAllPestControl.66713518.html,Yes,4.7,24,"3150 W Hallandale Beach Blvd, Hallandale Beach, FL 33009, USA",ChIJhyKmWQms2YgRVWJxgiCXx0c,fake_C,C,,,,True,81
Tampa,Hyde Park Tampa FL,Remodelers,Beyond Builders,(813) 253-2922,https://beyondbuilderstampa.com/,Yes,5,50,"442 W Kennedy Blvd Suite 310, Tampa, FL 33606, USA",ChIJPxalYSLFwogRuQ-1EJuZCcw,ssl_error,,ssl_error,,,True,80
Tampa,Brandon FL,HVAC companies,"T & W Air Conditioning, Inc.",(813) 294-9541,https://www.twairnow.com/,Yes,4.9,93,"114 Melanie Ln, Brandon, FL 33510, USA",ChIJPyIodDzMwogR8NNeBaZYZhI,ssl_error,,ssl_error,,,True,80
Lakeland,Plant City FL,Roofers,Buddy's Roofing & Repair,(813) 690-3296,https://buddysroofing.com/,Yes,4.6,127,"12933 Thonotosassa Rd, Dover, FL 33527, USA",ChIJs_nnQO_KwogR0sYcuzcSN40,timeout,,timeout,,,True,80
Lakeland,Plant City FL,HVAC companies,Creamer Air Conditioning & Heating,(813) 986-1881,http://creamerairconditioningandheating.com/,Yes,4.9,135,"3304 Cooper Rd, Plant City, FL 33565, USA",ChIJY55A2szKwogRXTOPXtvBAPE,timeout,,timeout,,,False,80
Fort Lauderdale,Las Olas Fort Lauderdale FL,Landscapers,Angler Lawn & Landscape,(954) 448-6394,http://www.anglerlawn.com/,Yes,4.5,154,"2435 N Dixie Hwy, Wilton Manors, FL 33305, USA",ChIJl83NK_AB2YgRHRObBfjwlAk,timeout,,timeout,,,False,80
Fort Lauderdale,Sunrise FL,Electricians,Ampi Electric,(561) 455-4863,https://www.ampi-electricinc.com/,Yes,4.8,134,"4574 Hiatus Rd, Sunrise, FL 33351, USA",ChIJfWhSxXDxr4QRsU3CQ4pcy1Y,timeout,,timeout,,,True,80
Tampa,Hyde Park Tampa FL,Roofers,Watertight Roofing Services LLC,(813) 971-5404,http://watertightroofing.net/,Yes,4.8,131,"14409 N Nebraska Ave, Tampa, FL 33613, USA",ChIJIRxj_hLHwogRLcVemIoQANQ,timeout,,timeout,,,False,80
Jacksonville,Avondale Jacksonville FL,Accountants,"DuVal Fields CPA Group, PA",(904) 269-1069,http://www.duvalfields.com/,Yes,5,20,"428 Walnut St, Green Cove Springs, FL 32043, USA",ChIJwTTB-K3Q5YgRnWul_l16dbU,ssl_error,,ssl_error,,,False,76
Orlando,Baldwin Park Orlando FL,Accountants,Hoskins Quiros Patel & Loid CPAs,(407) 277-3000 ext. 117,http://www.hcpaonline.com/,Yes,4.9,29,"926 Lake Baldwin Ln, Orlando, FL 32814, USA",ChIJmfp_Ezhl54gR3w1N5-KhR7g,ssl_error,,ssl_error,,,False,76
Orlando,Windermere FL,Electricians,Henry Electric Company,(407) 834-4032,https://henryelectric.com/,Yes,4.4,25,"2340 Derbyshire Rd, Maitland, FL 32751, USA",ChIJ68Pm1Stv54gRGWQ_4eFh0jE,ssl_error,,ssl_error,,,True,76
Jacksonville,Riverside Jacksonville FL,Pool service companies,Revitalize Pool and Spa,(904) 222-6206,http://revitalizepools.com/,Yes,4.7,64,"644 Cesery Blvd UNIT 250, Jacksonville, FL 32211, USA",ChIJfZqstFC15YgRwdIAGTjZRvQ,timeout,,timeout,,,False,75
Jacksonville,Mandarin Jacksonville FL,Electricians,Howard Electrical Services Inc,(904) 230-0309,http://howardelectricjax.com/,Yes,4.9,75,"12489 San Jose Blvd #6, Jacksonville, FL 32223, USA",ChIJwQQsalvO5YgRQ8Rheajjvyg,timeout,,timeout,,,False,75
Jacksonville,Neptune Beach FL,Plumbers,Amelia Plumbing Inc.,(904) 719-6720,http://www.amelia-plumbing.com/,Yes,4.5,50,"2307 Marsh Point Rd, Neptune Beach, FL 32266, USA",ChIJmQ9tAFtJ5IgRL3VkTEQ2RKU,timeout,,timeout,,749,False,75
Orlando,Baldwin Park Orlando FL,Remodelers,Home Renovations Orlando,(407) 799-7683,https://homerenovations-orlando.com/,Yes,5,51,"5828 Willow Leaf Ct, Orlando, FL 32807, USA",ChIJoWVpvRWoFwIRs7fvji1qZh0,timeout,,timeout,,,True,75
Lakeland,Lake Morton Lakeland FL,Roofers,"Ring Roofing, Inc.",(863) 337-5139,https://ringroofinginc.com/,Yes,4.2,61,"1329 E Main St, Lakeland, FL 33801, USA",ChIJeR1oZFA_3YgRYKg4TnhbFbA,timeout,,timeout,,,True,75
Fort Lauderdale,Lauderdale-by-the-Sea FL,HVAC companies,Max AC Repair Service,(754) 714-7707,https://maxacrepairservice.com/fort-lauderdale/,Yes,4.9,50,"6278 N Federal Hwy, Fort Lauderdale, FL 33308, USA",ChIJTyGSlQID2YgR7i5L2EmIGN8,timeout,,timeout,,,True,75
Jacksonville,San Marco Jacksonville FL,Plumbers,ASAP Plumbing & General Contracting,(904) 346-1266,https://asap-plumbing.com/,Yes,3.9,34,"3200 Emerson St, Jacksonville, FL 32207, USA",ChIJBWmMn3m25YgR2wpAXErwDwo,timeout,,timeout,,,True,71
Jacksonville,Riverside Jacksonville FL,Accountants,"Ennis, Pellum & Associates, CPAs",(904) 396-5965,http://www.jaxcpa.com/,Yes,4.5,25,"10151 Deerwood Park Blvd Building 300, Suite 200, Jacksonville, FL 32256, USA",ChIJza9FjxLK5YgRaZK4xYx7118,timeout,,timeout,,,False,71
Lakeland,Bartow FL,Remodelers,Blair Construction and Cabinets,(863) 224-4141,http://blaircc.com/,Yes,4.8,32,"1410 E Georgia St, Bartow, FL 33830, USA",ChIJQxeCRpsX3YgRTtH7KZ7AxLU,timeout,,timeout,,,False,71
Fort Lauderdale,Plantation FL,Pool service companies,Andres pool service,(954) 534-4787,http://www.andrespoolservice.com/,Yes,5,21,"3821 N Pine Island Rd, Sunrise, FL 33351, USA",ChIJYzUW3KgH2YgRKqDKdey3868,timeout,,timeout,,,False,71
Fort Lauderdale,Coral Springs FL,Accountants,"Genaro L. Fernandez, CPA, PA",(954) 232-8050,http://glfcpa.com/,Yes,5,43,"3301 N University Dr Suite 100, Coral Springs, FL 33065, USA",ChIJUwjDSZ7h2IgRQ01QUdTAhC8,timeout,,timeout,,,False,71
Fort Lauderdale,Coral Springs FL,Accountants,1040 Tax Center Inc,(954) 755-6685,http://accountingservicescoralsprings.com/,Yes,5,31,"9900 W Sample Rd, Coral Springs, FL 33065, USA",ChIJww-Hk0sF2YgRxtEyqxtP440,timeout,,timeout,,,False,71
Fort Lauderdale,Davie FL,Remodelers,Cianci Construction,(954) 434-0023,https://www.cianciconstruction.com/,Yes,4.8,20,"4801 S University Dr #126, Davie, FL 33328, USA",ChIJ5QuJVC4G2YgRYc9UePNKmiA,timeout,,timeout,,,True,71
Fort Lauderdale,Hallandale Beach FL,Electricians,iknowpc,(407) 900-5565,http://iknowpc.com/,Yes,4.9,43,"610 S Dixie Hwy, Hallandale Beach, FL 33009, USA",ChIJvYzAYnus2YgR_zos1NeK-rM,timeout,,timeout,,,False,71
Fort Lauderdale,Hallandale Beach FL,Landscapers,Elegance Landscaping,(954) 772-4601,http://www.elegancelandscapingfl.com/,Yes,4.8,39,"2150 NW 188th Terrace, Pembroke Pines, FL 33029, USA",ChIJG1j-kdkD2YgRivaUtmB2HJc,timeout,,timeout,,,False,71
Fort Lauderdale,Hallandale Beach FL,Roofers,DLJ Roofing Contractors,(954) 663-5944,http://www.dljroofing.com/,Yes,4.8,33,"215 SE 3rd Ave Suite 405D, Hallandale Beach, FL 33009, USA",ChIJw30okVan2YgR88EOrxrjiBo,timeout,,timeout,,,False,71
Tampa,Brandon FL,Landscapers,Jeda Landscape,(813) 263-9466,https://jedalawnservice.com/,Yes,4.5,21,"5331 Pine St, Seffner, FL 33584, USA",ChIJO3uNePnLwogRV-eFSEOfqsY,timeout,,timeout,,,True,71
