filename,decision,website,city,area,industry,name,phone,has_website,rating,review_count,address,place_id,pipeline_stage,fake_tier,http_status,redirect_url,response_ms,has_ssl,priority_score
accountingone_co.png,LEAD,accountingone.co,Jacksonville,St. Johns Town Center Jacksonville FL,Accountants,Accounting I,(904) 378-8989,Yes,5.0,13.0,"2606 Old Middleburg Rd N, Jacksonville, FL 32210, USA",ChIJPaQWpKm45YgRMM47d5bvjhY,alive,,200.0,https://www.accountingone.co/,2416.0,False,
tampabaygeneralcontractors_com.png,LEAD,tampabaygeneralcontractors.com,Tampa,Westshore Tampa FL,Remodelers,Tampa Bay General Contractors,(813) 335-5562,Yes,5.0,112.0,"4532 W Kennedy Blvd #500, Tampa, FL 33609, USA",ChIJKwBTMZ3pwogRwzDYo73RsgA,alive,,200.0,,868.0,False,
airpesttechs_com.png,LEAD,airpesttechs.com,Jacksonville,Fleming Island FL,Pest control,Underwood & Sons Pest Control,,Yes,5.0,7.0,"3600 Russell Rd, Green Cove Springs, FL 32043, USA",ChIJpz_h31na5YgRggNE3YdYx3s,alive,,200.0,https://airpesttechs.com/,2533.0,False,
blueinfinitypoolservicesllc_com.png,LEAD,blueinfinitypoolservicesllc.com,Fort Lauderdale,Davie FL,Pool service companies,Blue infinity pool services,(786) 872-2735,Yes,5.0,15.0,"4474 Weston Rd #355, Davie, FL 33331, USA",ChIJZ_p5ozSn2YgR4iclXmpOFZA,alive,,200.0,https://expireddomains.com/domain/blueinfinitypoolservicesllc.com,1268.0,True,
armorroofingcojax_com.png,LEAD,armorroofingcojax.com,Jacksonville,Mandarin Jacksonville FL,Roofers,Armor RoofingCompany,(904) 371-0234,Yes,5.0,52.0,"3885 Julington Creek Rd, Jacksonville, FL 32223, USA",ChIJ44nhWJnO5YgRSeMH9GuxySY,alive,,200.0,https://www.armorroofingcojax.com/,2502.0,False,
customer1stelectric_com.png,LEAD,customer1stelectric.com,Fort Lauderdale,Coral Ridge Fort Lauderdale FL,Electricians,"Customer 1st Electric, LLC",(954) 340-5668,Yes,5.0,86.0,"4613 N University Dr #439, Coral Springs, FL 33067, USA",ChIJB72rfbka2YgRdzTQsoZVIkc,alive,,200.0,https://customer1stelectric.com/,1654.0,False,
elekronelectric_com.png,LEAD,elekronelectric.com,Fort Lauderdale,Rio Vista Fort Lauderdale FL,Electricians,Elekron Electric Inc,(786) 423-5230,Yes,5.0,231.0,"2332 Galiano St Second Floor, Coral Gables, FL 33134, USA",ChIJ3xpi3L232YgRgtKQ59YyICk,alive,,200.0,https://www.elekronelectric.com/,1648.0,False,
eliteecsusa_com.png,LEAD,eliteecsusa.com,Fort Lauderdale,Davie FL,Cleaning companies,Elite environmental cleaning services,(954) 280-8402,Yes,5.0,13.0,"4474 Weston Rd #1151, Davie, FL 33331, USA",ChIJhwFYsPx-OYURT-jUHdXvvi0,alive,,200.0,,1350.0,True,
eliteairpros_com.png,LEAD,eliteairpros.com,Fort Lauderdale,Pompano Beach FL,HVAC companies,"Elite Air Conditioning & Construction, llc",(954) 304-7255,Yes,5.0,54.0,"509 NW 36th Ave, Pompano Beach, FL 33069, USA",ChIJ7_Ll8D8D2YgRVjo99871NKo,alive,,200.0,http://www.eliteairpros.com/cgi-sys/suspendedpage.cgi,2236.0,True,
felixblancocpa_com.png,LEAD,felixblancocpa.com,Tampa,Westshore Tampa FL,Accountants,"Felix Blanco, CPA",(813) 343-3863,Yes,5.0,36.0,"13059 W Linebaugh Ave #102, Tampa, FL 33626, USA",ChIJTUU0yXjrwogR7TNaHzAmrN0,alive,,200.0,,928.0,False,
fhjgroupllc_com.png,LEAD,fhjgroupllc.com,Fort Lauderdale,Sunrise FL,Cleaning companies,FH&J GROUP Commercial cleaning and Janitorial Services,(800) 721-6132,Yes,5.0,11.0,"2081 N University Dr Suite 104, Sunrise, FL 33322, USA",ChIJz9ttCPVf9Y0RhYn6Esy7t1c,alive,,200.0,https://fhjgroupllc.com/,1216.0,False,
coolmodeac_com.png,LEAD,coolmodeac.com,Tampa,Land O Lakes FL,HVAC companies,Cool Mode A/C Services LLC,(813) 790-8313,Yes,5.0,45.0,"3930 Seixas Pl, Land O' Lakes, FL 34639, USA",ChIJr_hLtiW7wogRKhSW1VDI-b8,alive,,200.0,,1359.0,True,
cfocollective_io.png,LEAD,cfocollective.io,Tampa,Ybor City Tampa FL,Accountants,The CFO Collective,(888) 315-6420,Yes,5.0,15.0,"1600 E 8th Ave A200, Tampa, FL 33605, USA",ChIJWapHRlLFwogRiqzPHZQie7o,alive,,200.0,,1116.0,True,
bickoffconstruction_com.png,LEAD,bickoffconstruction.com,Fort Lauderdale,Cypress Creek Fort Lauderdale FL,Remodelers,Bickoff Construction,(561) 629-2622,Yes,5.0,14.0,"500 N Andrews Ave #657, Fort Lauderdale, FL 33301, USA",ChIJcbp0TEUm2YgRbezbIwYenjw,alive,,200.0,,967.0,False,
akelectricalfl_com.png,LEAD,akelectricalfl.com,Orlando,Windermere FL,Electricians,AK Electrical,(941) 441-6292,Yes,5.0,87.0,"239 Center Ct, Venice, FL 34285, USA",ChIJezsGAxSTDAkRLiPFB2Ukwk0,alive,,202.0,,1186.0,True,
acheatpros_com.png,LEAD,acheatpros.com,Orlando,Casselberry FL,HVAC companies,AC & Heating Pros,(407) 821-7870,Yes,5.0,60.0,"1341 Unity Ct, Casselberry, FL 32707, USA",ChIJVxUJeaZv54gRorwJzBiLvTM,alive,,200.0,,1617.0,True,
baldwinplumbingtamarac_com.png,LEAD,baldwinplumbingtamarac.com,Fort Lauderdale,Tamarac FL,Plumbers,Baldwin Plumbing & Drain,(954) 730-5750,Yes,5.0,25.0,"10300 W Commercial Blvd suite 509, Tamarac, FL 33321, USA",ChIJAQBEME4P2YgR8JW7RW0KtdQ,alive,,200.0,,1318.0,True,
asolidconnection_com.png,LEAD,asolidconnection.com,Tampa,Brandon FL,Electricians,A Solid Connection Electrical Services of SWFL LLC,(239) 258-7382,Yes,5.0,112.0,"2209 Kingswood Ln, Brandon, FL 33511, USA",ChIJfRSLDTKU_gcRk_LbKSkGVJc,alive,,200.0,https://asolidconnection.com/,1591.0,False,
amegelectricallighting_net.png,LEAD,amegelectricallighting.net,Fort Lauderdale,Coral Springs FL,Electricians,AMEG Services,(954) 668-4901,Yes,5.0,158.0,"12201 NW 35th St, Coral Springs, FL 33065, USA",ChIJJfjo17QR2YgRqv6-I8DgpU8,alive,,200.0,,90.0,True,
cpawolfe_com.png,LEAD,cpawolfe.com,Fort Lauderdale,Las Olas Fort Lauderdale FL,Accountants,"Wolfe CPA & Advisors, CPA - Tax Plan",(954) 546-1626,Yes,5.0,4.0,"300 SE 2nd St suite 600, Fort Lauderdale, FL 33301, USA",ChIJG1EyO6sB2YgRrX2jHPNFvfs,alive,,200.0,,1036.0,True,
epvirtualcpa_com.png,LEAD,epvirtualcpa.com,Orlando,Maitland FL,Accountants,Elise Palmieri CPA PLLC,(407) 672-1120,Yes,5.0,1.0,"457 Lake Howell Rd, Maitland, FL 32751, USA",ChIJPRcZVDNu54gR4554pE3vT2s,alive,,200.0,https://epvirtualcpa.com/,1636.0,False,
esteselectricinc_com.png,LEAD,esteselectricinc.com,Lakeland,Lake Wales FL,Electricians,Estes Electric Inc,(863) 676-5437,Yes,5.0,4.0,"1356 FL-60 E, Lake Wales, FL 33853, USA",ChIJuyEOfygJ3YgR2pGBzJeC62M,alive,,200.0,,584.0,False,
poolmasterscleaning_com.png,LEAD,poolmasterscleaning.com,Jacksonville,Ponte Vedra Beach FL,Pool service companies,Poolmasters of North Florida LLC,(904) 327-0089,Yes,5.0,2.0,"425 Town Plaza Ave, Ponte Vedra Beach, FL 32081, USA",ChIJ6_fijiQx5IgRAHfiyvwT7aM,alive,,200.0,http://poolmasterscleaning.com/,2106.0,False,
puntacanamultiservices_com.png,LEAD,puntacanamultiservices.com,Jacksonville,Avondale Jacksonville FL,Accountants,PUNTA CANA MULTISERVICES,(904) 443-9018,Yes,5.0,3.0,"4545-1a Shirley Ave, Jacksonville, FL 32210, USA",ChIJAc8dTg655YgRYmhamLj0oBo,alive,,200.0,https://www.puntacanamultiservices.com/,2120.0,False,
2fast2repairautosolutions_com.png,LEAD,2fast2repairautosolutions.com,Lakeland,Mulberry FL,Electricians,2 Fast 2 Repair Auto Solutions,(863) 712-9924,Yes,5.0,13.0,"1525 N Church Ave, Mulberry, FL 33860, USA",ChIJs_k7yUo73YgROHA5Aoko8ok,alive,,200.0,https://www.2fast2repairautosolutions.com/,2722.0,False,
wsjacksonville_com.png,LEAD,wsjacksonville.com,Jacksonville,St. Johns Town Center Jacksonville FL,Remodelers,WSJ Remodeling & Handyman Services,(904) 747-8788,Yes,5.0,132.0,"7643 Gate Pkwy Suite 104-1230, Jacksonville, FL 32256, USA",ChIJeXr2aVcz9KIRy-QHrggB8zg,alive,,200.0,,1595.0,True,
allaroundelectricfl_org.png,LEAD,allaroundelectricfl.org,Orlando,Baldwin Park Orlando FL,Electricians,All Around Electric,(863) 866-0694,Yes,5.0,45.0,"1317 Edgewater Dr, Orlando, FL 32804, USA",ChIJh_OfW2N754gREDfpxwahOJ0,alive,,200.0,,469.0,True,
accpressurewashing_net.png,LEAD,accpressurewashing.net,Jacksonville,Neptune Beach FL,Cleaning companies,Atlantic Coastal Cleaning,(904) 207-2358,Yes,5.0,33.0,"1015 Atlantic Blvd Suite 457, Atlantic Beach, FL 32233, USA",ChIJ89mRh_9J5IgRMbgT-qdMePM,alive,,200.0,,573.0,True,
aboveandbeyondhvacfl_com.png,LEAD,aboveandbeyondhvacfl.com,Jacksonville,Arlington Jacksonville FL,HVAC companies,Above & Beyond Heating And Air,(904) 551-3490,Yes,5.0,286.0,"4401 Cambridge Rd, Jacksonville, FL 32210, USA",ChIJXxic3CTP5YgRRdzfRkH8-DA,alive,,200.0,https://aboveandbeyondhvacfl.com/,1580.0,False,
wsjacksonville_com.png,LEAD,wsjacksonville.com,Jacksonville,St. Johns Town Center Jacksonville FL,Pool service companies,WSJ Pool Services,(904) 747-9636,Yes,5.0,17.0,"7643 Gate Pkwy Suite 104-1230, Jacksonville, FL 32256, USA",ChIJZ1G4x13L5YgRCC_v-_NuV5U,alive,,200.0,,1673.0,True,
polarisroofingfl_com.png,LEAD,polarisroofingfl.com,Jacksonville,Deerwood Jacksonville FL,Roofers,Polaris Roofing Solutions,(904) 717-2377,Yes,5.0,25.0,"4600 Touchton Rd Building 100, Suite 150, Jacksonville, FL 32246, USA",ChIJfd0MuBG15YgRvWF9lvBUJ5c,alive,,200.0,https://polarisroofingfl.com/,3103.0,True,
woffordroofing_com.png,LEAD,woffordroofing.com,Jacksonville,Deerwood Jacksonville FL,Roofers,Wofford Roofing,(904) 490-7369,Yes,5.0,41.0,"13107 Atlantic Blvd Suite 202, Jacksonville, FL 32225, USA",ChIJD2xG2GZL5IgRMwGNUMDMRxg,alive,,200.0,,451.0,True,
wearepremierplumbing_com.png,LEAD,wearepremierplumbing.com,Jacksonville,Riverside Jacksonville FL,Plumbers,"Premier Plumbing, LLC",(904) 780-6994,Yes,5.0,424.0,"576 St Johns Bluff Rd N bldg 100, Jacksonville, FL 32225, USA",ChIJv2bRGmnL5YgRCh2BgmaMwMI,alive,,200.0,,2384.0,True,
treysgardens_com.png,LEAD,treysgardens.com,Jacksonville,Ponte Vedra Beach FL,Landscapers,Trey Gardens,(917) 714-8134,Yes,5.0,41.0,"35 Corona Rd, Ponte Vedra Beach, FL 32082, USA",ChIJp-MG4GMPoY4RNJnoVRkSaKY,alive,,200.0,,2470.0,True,
tenhudsonconstruction_com.png,LEAD,tenhudsonconstruction.com,Jacksonville,Ponte Vedra Beach FL,Remodelers,Ten Hundson Construction,(904) 294-1075,Yes,5.0,1.0,"180 W End Ln APT 2206, Ponte Vedra Beach, FL 32082, USA",ChIJZ5hszT5J5IgRECN5VI3Fl74,alive,,200.0,,1236.0,True,
taratuskitchenremodeling_com.png,LEAD,taratuskitchenremodeling.com,Jacksonville,Baymeadows Jacksonville FL,Remodelers,Taratus Kitchen Remodel,(904) 746-1724,Yes,5.0,13.0,"7825 Baymeadows Way, Jacksonville, FL 32256, USA",ChIJrzm5PNHL5YgRhwtIOMXznQ4,alive,,200.0,,1000.0,True,
tejcpa_com.png,LEAD,tejcpa.com,Lakeland,Winter Haven FL,Accountants,Thomas E Jennings & Co,(863) 294-3568,Yes,5.0,3.0,"2 Lake Howard Dr SW, Winter Haven, FL 33881, USA",ChIJY0iKZh4T3YgRtiX6ZTVieBM,alive,,200.0,,779.0,False,
theroofingdoctorflorida_com.png,LEAD,theroofingdoctorflorida.com,Orlando,Winter Park FL,Roofers,The Roofing Doctor,(407) 607-4856,Yes,5.0,20.0,"941 W Morse Blvd suite 100, Winter Park, FL 32789, USA",ChIJ811LK0Vx54gRj27wpFfSO60,alive,,200.0,https://www.theroofingdoctorflorida.com/,1698.0,False,
vslandscapingservices_com.png,LEAD,vslandscapingservices.com,Fort Lauderdale,Las Olas Fort Lauderdale FL,Landscapers,VS Landscaping Services inc.,(754) 422-9963,Yes,5.0,7.0,"81 NW 30th Terrace, Fort Lauderdale, FL 33311, USA",ChIJ0VwVJ7EB2YgRsuaIrZ-0soU,alive,,200.0,,1157.0,True,
atlineelectric_com.png,LEAD,atlineelectric.com,Lakeland,Downtown Lakeland FL,Electricians,Atline Electric Services,(863) 282-1465,Yes,5.0,13.0,"113 E Main St, Bartow, FL 33830, USA",ChIJuznpeG0N3YgRpk8I9WGrl0M,alive,,200.0,https://atlineelectric.com/,1901.0,False,
atelectricllc_net.png,LEAD,atelectricllc.net,Lakeland,Winter Haven FL,Electricians,"A&T Electric, LLC",,Yes,5.0,3.0,"1204 6th St SW, Winter Haven, FL 33880, USA",ChIJE73RXvwT3YgRLUdGiRgLg-I,alive,,200.0,https://www.atelectricllc.net/index.html,1171.0,True,
ariseone_us.png,LEAD,ariseone.us,Orlando,Winter Garden FL,Accountants,AriseOne,(407) 347-0109,Yes,5.0,7.0,"329 S Dillard St, Winter Garden, FL 34787, USA",ChIJfewWgYyD54gRkdM86jP7Y24,alive,,200.0,,721.0,False,
1waytaxservices_com.png,LEAD,1waytaxservices.com,Fort Lauderdale,Deerfield Beach FL,Accountants,1Way Tax Services LLC,(954) 415-4516,Yes,5.0,19.0,"1701 W Hillsboro Blvd Suite 208, Deerfield Beach, FL 33442, USA",ChIJpQUJcFjVMK0Rb0j3fOExFWc,alive,,200.0,https://www.1waytaxservices.com/,201.0,False,
apexesllc_com.png,LEAD,apexesllc.com,Orlando,Casselberry FL,Electricians,"Apex Electrical Solutions, LLC",(407) 583-9209,Yes,5.0,12.0,"299 Live Oaks Blvd, Casselberry, FL 32707, USA",ChIJa9eTT0tXAEoRHpBKK2LxQNY,alive,,200.0,https://www.apexesllc.com/,1903.0,False,
amremodelingflorida_com.png,LEAD,amremodelingflorida.com,Lakeland,Plant City FL,Remodelers,A&M Home Remodeling,(813) 358-7455,Yes,5.0,12.0,"4327 Lynx Paw Trail Suite 102, Valrico, FL 33596, USA",ChIJbVlMdLrTwogR433wlSv5Fsg,alive,,200.0,,1156.0,True,
burnesroofing_com.png,LEAD,burnesroofing.com,Orlando,Downtown Orlando FL,Roofers,"Burnes Roofing Company, LLC",(407) 446-9290,Yes,5.0,35.0,"1512 Arcadia St, Orlando, FL 32806, USA",ChIJNcvLGvOiD04RZkOjcZ4fpAo,alive,,200.0,https://burnesroofing.com/,3695.0,False,
builtbymayfield_com.png,LEAD,builtbymayfield.com,Lakeland,Downtown Lakeland FL,Remodelers,"Mayfield Construction, Inc.",(863) 646-7995,Yes,5.0,8.0,"2225 E Edgewood Dr #5, Lakeland, FL 33803, USA",ChIJnc-83Tg83YgRtQnu7iwbg9E,alive,,200.0,https://builtbymayfield.com/,2160.0,False,
benchmarkbuildinggroup_com.png,LEAD,benchmarkbuildinggroup.com,Orlando,Maitland FL,Remodelers,Benchmark Building Group,(407) 796-2706,Yes,5.0,3.0,"2721 Forsyth Rd #452, Winter Park, FL 32792, USA",ChIJb-tYZd7ecGgRXR39Jq65eG8,alive,,200.0,,89.0,True,
dorisbonnet_com.png,LEAD,dorisbonnet.com,Orlando,Baldwin Park Orlando FL,Accountants,Doris Bonnet Inc Tax & Accounting Services LLC,(407) 228-6630,Yes,5.0,68.0,"1650 W Sand Lake Rd SUITE 245, Orlando, FL 32809, USA",ChIJtXQBhEx854gRc_7IbC0EriY,alive,,200.0,,1247.0,True,
davenportheatandcool_com.png,LEAD,davenportheatandcool.com,Lakeland,Davenport FL,HVAC companies,Davenport Heating & Cooling,(863) 302-2145,Yes,5.0,3.0,"202 Ashford Dr, Davenport, FL 33837, USA",ChIJq6peGFlw3YgRDg1bbNTwt68,alive,,200.0,,1045.0,True,
cyrilshomerepairs_com.png,LEAD,cyrilshomerepairs.com,Orlando,Dr. Phillips Orlando FL,Remodelers,Nuffscope Construction Inc.,(407) 591-0072,Yes,5.0,22.0,"7208 W Sand Lake Rd Ste 305, Orlando, FL 32819, USA",ChIJx5J62xd_54gRqGcvJkCOr9c,alive,,200.0,,1220.0,True,
chrr_online.png,LEAD,chrr.online,Jacksonville,San Marco Jacksonville FL,Remodelers,"Complete Home Repair & Remodeling, LLC",(513) 594-8599,Yes,5.0,42.0,"5820 Cedar Oaks Dr, Jacksonville, FL 32210, USA",ChIJZ_VtIF5gQIgRQQ-ND598bcM,alive,,200.0,,1123.0,True,
jackmeekscpa_com.png,LEAD,jackmeekscpa.com,Jacksonville,Springfield Jacksonville FL,Accountants,Jack Meeks CPAs LLC,(904) 346-0046,Yes,5.0,1.0,"1354 N Laura St, Jacksonville, FL 32206, USA",ChIJQVN7DSW35YgRR7XiJKxSIeo,alive,,200.0,https://jackmeekscpa.com/,4961.0,False,
jackndot_com.png,LEAD,jackndot.com,Jacksonville,San Marco Jacksonville FL,Accountants,Jack and Dot Taxes & Accounting,(904) 647-4512,Yes,5.0,22.0,"1016 Lasalle St 1st Floor, Jacksonville, FL 32207, USA",ChIJQ1KiKwi35YgRxo4dbGv3hLM,alive,,200.0,https://www.jackndot.com/,1172.0,False,
basspools_com.png,LEAD,basspools.com,Jacksonville,Ponte Vedra Beach FL,Pool service companies,Bass Pools,(904) 241-6200,Yes,5.0,3.0,"9330 Philips Hwy #1312, Jacksonville, FL 32256, USA",ChIJ3ZCVBbvL5YgRJmBGKGnSgR4,alive,,200.0,https://basspools.com/,2494.0,False,
herbross_org.png,LEAD,herbross.org,Orlando,Lake Nona Orlando FL,Remodelers,Herbross Construction,(321) 677-2115,Yes,5.0,6.0,"6900 Tavistock Lakes Blvd Suite 400, Orlando, FL 32827, USA",ChIJi_CRTGeJ3YgRX1YT0NEzXEY,alive,,200.0,https://herbrossconstruction.com/,3347.0,False,
greenandmas_com.png,LEAD,greenandmas.com,Tampa,Westshore Tampa FL,Landscapers,Green & Más Landscape Services,(813) 524-7080,Yes,5.0,18.0,"3201 W Hillsborough Ave Unit 153181, Tampa, FL 33684, USA",ChIJY9bJ6bW5rAkRO1c1qRuSw20,alive,,200.0,,1192.0,True,
genxroofing_com.png,LEAD,genxroofing.com,Tampa,Lutz FL,Roofers,GenX Roofing,(813) 641-4344,Yes,5.0,114.0,"18865 FL-54 Suite 306, Lutz, FL 33558, USA",ChIJfV0iZAUK1UURkfuCx5g0GyE,alive,,200.0,,821.0,True,
genesisairmechanical_com.png,LEAD,genesisairmechanical.com,Fort Lauderdale,Davie FL,HVAC companies,Genesis Air Mechanical Inc,(305) 965-1316,Yes,5.0,106.0,"13762 W State Rd 84 Ste 194, Davie, FL 33325, USA",ChIJK-qJtxyn2YgRr5r0q7LCnrY,alive,,200.0,https://genesisairmechanical.com/,127.0,False,
nobleheatingairservices_com.png,LEAD,nobleheatingairservices.com,Jacksonville,San Marco Jacksonville FL,HVAC companies,Noble Heating & Air,(904) 413-8020,Yes,5.0,392.0,"8825 Perimeter Park Blvd ste 201, Jacksonville, FL 32216, USA",ChIJI79UHNfoXQ0R_8FVnEjYqK8,alive,,200.0,https://nobleheatingairservices.com/,902.0,False,
michaeldaviscpa_com.png,LEAD,michaeldaviscpa.com,Jacksonville,San Marco Jacksonville FL,Accountants,Michael Davis CPA PA,(904) 237-7771,Yes,5.0,14.0,"21 W 6th St, Jacksonville, FL 32206, USA",ChIJQRn_-C-35YgRm_zY6g7tuQU,alive,,200.0,,1620.0,True,
jctaxation_com.png,LEAD,jctaxation.com,Jacksonville,Fleming Island FL,Accountants,JC ACCOUNTING & TAXATION SERVICES LLC,(904) 881-0215,Yes,5.0,1.0,"1880 E West Pkwy #8659, Fleming Island, FL 32003, USA",ChIJ6fm3TsvF5YgR6DW4cMQWuDM,alive,,200.0,https://jctaxation.com/,1488.0,False,
jaxtaxpro_com.png,LEAD,jaxtaxpro.com,Jacksonville,St. Johns Town Center Jacksonville FL,Accountants,JAX TAX PRO,(904) 616-6077,Yes,5.0,13.0,"5011 Gate Pkwy Building 100, Suite 100, Jacksonville, FL 32256, USA",ChIJFTlgFRnL5YgRHJdmIdnXq3c,alive,,200.0,https://www.jaxtaxpro.com/,2103.0,False,
panamaelectricinc_com.png,LEAD,panamaelectricinc.com,Jacksonville,San Marco Jacksonville FL,Electricians,"Panama Electric, Inc.",(904) 403-3966,Yes,5.0,1.0,"841 Prudential Dr, Jacksonville, FL 32207, USA",ChIJIWc_ew635YgRo4xe3mduceU,alive,,200.0,,2318.0,True,
palmsair_com.png,LEAD,palmsair.com,Jacksonville,Avondale Jacksonville FL,HVAC companies,Palms Air Conditioning and Heating,(904) 209-7783,Yes,5.0,285.0,"4504 Cobblefield Cir W, Jacksonville, FL 32224, USA",ChIJq8PkglH7CgQRvmX8d0rdMMA,alive,,200.0,,2028.0,True,
merrittpressurecleaning_com.png,LEAD,merrittpressurecleaning.com,Lakeland,Winter Haven FL,Cleaning companies,Merritt Pressure Cleaning,(863) 294-3151,Yes,5.0,26.0,"1209 W Lake Buckeye Dr, Winter Haven, FL 33881, USA",ChIJ42PNLEcT3YgRDSPZ6avkHjE,alive,,200.0,,190.0,True,
lmvservicescontractor_com.png,LEAD,lmvservicescontractor.com,Lakeland,Winter Haven FL,Remodelers,lmv construction services,(863) 315-0023,Yes,5.0,21.0,"100 Pine Island Dr, Winter Haven, FL 33884, USA",ChIJCYba1dIT3YgROJMRDR6SHR4,alive,,200.0,,1111.0,True,
secondopinionelectric_com.png,LEAD,secondopinionelectric.com,Lakeland,Plant City FL,Electricians,Second Opinion Electric,(813) 716-6020,Yes,5.0,99.0,"2703 Auburn Ave W, Tampa, FL 33614, USA",ChIJVyLDOxnDGGAR9YrqgYvU5s0,alive,,200.0,https://secondopinionelectric.com/,2967.0,False,
rtchvac_com.png,LEAD,rtchvac.com,Lakeland,Winter Haven FL,HVAC companies,RTC Heating & Air Conditioning,(352) 901-8733,Yes,5.0,132.0,"280 Oleander St, Winter Haven, FL 33881, USA",ChIJH7xhZXsMhU8RuTFzoB9CkaI,alive,,200.0,https://rtchvac.com/,3067.0,False,
rooferorlando_org.png,LEAD,rooferorlando.org,Orlando,Thornton Park Orlando FL,Roofers,Orlando Roofing,(407) 707-4121,Yes,5.0,5.0,"4900 Rio Grande Ave Apt. 15 C, Orlando, FL 32839, USA",ChIJ8flfrmd954gRtq49fdcZo90,alive,,200.0,,1200.0,True,
thewinterhavenhandyman_com.png,LEAD,thewinterhavenhandyman.com,Lakeland,Winter Haven FL,Remodelers,"""The Winter Haven Handyman""",(863) 585-0786,Yes,5.0,25.0,"1870 U.S. Hwy 17-92 W, Lake Alfred, FL 33850, USA",ChIJ_Rw7DgQT3YgRbPngsVG1o28,alive,,200.0,https://www.thewinterhavenhandyman.com/,1433.0,False,
timberlandscaping_us.png,LEAD,timberlandscaping.us,Fort Lauderdale,Las Olas Fort Lauderdale FL,Landscapers,Timber Trees Landscaping tree service,(754) 304-1442,Yes,5.0,33.0,"2881 E Oakland Park Blvd unit #410, Fort Lauderdale, FL 33306, USA",ChIJS4rAxK-cYU4RxM_jwkPrtr0,alive,,200.0,https://timberlandscaping.us/,1847.0,False,
rmccpa1_com.png,LEAD,rmccpa1.com,Fort Lauderdale,Las Olas Fort Lauderdale FL,Accountants,"Rosa M. Cohen, CPA.",(561) 866-9602,Yes,5.0,1.0,"8 SE 8th St 2nd Floor, Fort Lauderdale, FL 33316, USA",ChIJDVdDoFgA2YgRvuJ_kPdmvjY,alive,,200.0,,1047.0,False,
superiorelectricandair_com.png,LEAD,superiorelectricandair.com,Fort Lauderdale,Las Olas Fort Lauderdale FL,Electricians,Superior Electric and Air,(954) 575-1327,Yes,5.0,85.0,"1975 E Sunrise Blvd #535, Fort Lauderdale, FL 33304, USA",ChIJAWE1qa6AYyARXbYygcNqiF4,alive,,200.0,,2073.0,True,
snapesbookkeeping_com.png,LEAD,snapesbookkeeping.com,Lakeland,Bartow FL,Accountants,Snape's Bookkeeping Services LLC,(863) 510-6183,Yes,5.0,2.0,"142 Windsor Reserve Dr, Bartow, FL 33830, USA",ChIJL3wbVfFuDWkRTFlU50h3EmE,alive,,200.0,https://snapesbookkeeping.com/,1314.0,True,
jenkinsroofingtampa_com.png,LEAD,jenkinsroofingtampa.com,Lakeland,Plant City FL,Roofers,Jenkins Roofing Tampa Inc.,(813) 321-3700,Yes,5.0,18.0,"2402 W Baker St, Plant City, FL 33563, USA",ChIJvXFEDAW6mC8RjaTUAVUials,alive,,200.0,https://jenkinsroofingtampa.com/,3950.0,False,
jdmroofrestoration_com.png,LEAD,jdmroofrestoration.com,Lakeland,Mulberry FL,Roofers,JDM Roof Restoration,(863) 604-9387,Yes,5.0,95.0,"103 Oak Square N, Lakeland, FL 33813, USA",ChIJ87cJHHHaoi4RTIFADOT5aBo,alive,,200.0,,1571.0,True,
hudsonspools_com.png,LEAD,hudsonspools.com,Orlando,Maitland FL,Pool service companies,Hudson's Pools,(407) 212-7032,Yes,5.0,22.0,"225 S Swoope Ave #205, Maitland, FL 32751, USA",ChIJLa0zVJk-QIQRlK1_VCzkQrY,alive,,200.0,,821.0,True,
instudioandco_com.png,LEAD,instudioandco.com,Orlando,Thornton Park Orlando FL,Remodelers,IN Studio + Co. Interior Design and Construction Consultants,(321) 229-2869,Yes,5.0,11.0,"710 E Central Blvd, Orlando, FL 32801, USA",ChIJc-qhKkp754gRwtboGdSvgVY,alive,,200.0,,297.0,True,
hilowroofing_com.png,LEAD,hilowroofing.com,Orlando,Casselberry FL,Roofers,Hi Low ROOFING & SOLAR,(407) 287-6171,Yes,5.0,304.0,"13330 W Colonial Dr Suite 110, Winter Garden, FL 34787, USA",ChIJTQ65d6Rx54gRtpe16cLWPv0,alive,,200.0,,120.0,True,
kimberlandscapes_net.png,LEAD,kimberlandscapes.net,Orlando,Oviedo FL,Landscapers,Kimber Landscapes,(407) 484-5997,Yes,5.0,36.0,"1000 Willa Dr, Oviedo, FL 32765, USA",ChIJhw30eIowvCwROrPZm3iT7xg,alive,,200.0,,1091.0,True,
joshregistercpa_com.png,LEAD,joshregistercpa.com,Orlando,Maitland FL,Accountants,Josh Register CPA,(321) 295-7921,Yes,5.0,3.0,"706 Turnbull Ave STE 102, Altamonte Springs, FL 32701, USA",ChIJG-6XGWZx54gRlV6BfpdS88U,alive,,200.0,https://www.joshregistercpa.com/,4868.0,True,
joshjohnsonpestcontrol_com.png,LEAD,joshjohnsonpestcontrol.com,Lakeland,Oakbridge Lakeland FL,Pest control,"Josh Johnson Pest Control, LLC",(863) 298-2001,Yes,5.0,11.0,"1005 Browning Rd, Lakeland, FL 33811, USA",ChIJzQyeimY53YgRz2MPtwc6HKw,alive,,200.0,,1392.0,True,
pesttechcentral_com.png,LEAD,pesttechcentral.com,Lakeland,Lake Wales FL,Pest control,"Pest Tech Central, Inc.",(863) 632-4308,Yes,5.0,19.0,"407 S Lake Starr Blvd, Lake Wales, FL 33898, USA",ChIJU1nYzzoL3YgR_7E3HmvBvdY,alive,,200.0,,624.0,True,
posadacustomhomes_com.png,LEAD,posadacustomhomes.com,Orlando,Winter Park FL,Remodelers,Posada Custom Homes,(407) 740-7707,Yes,5.0,8.0,"240 N Pennsylvania Ave, Winter Park, FL 32789, USA",ChIJI7TWfBFw54gRBY0foWkQous,alive,,202.0,,1515.0,True,
rastalawncare_com.png,LEAD,rastalawncare.com,Lakeland,Winter Haven FL,Landscapers,Rasta Lawn Care & Concrete Services,(863) 219-4656,Yes,5.0,6.0,"351 Avenue L NE, Winter Haven, FL 33881, USA",ChIJ___rt8QS3YgRjRho6F50KrE,alive,,200.0,https://www.rastalawncare.com/,2351.0,False,
relianceair_com.png,LEAD,relianceair.com,Orlando,Casselberry FL,HVAC companies,Reliance Air llc.,(407) 504-1379,Yes,5.0,275.0,"600 Savage Ct suite 620, Longwood, FL 32750, USA",ChIJ8VLjgY4x5IgRO2wj_OIp9nM,alive,,200.0,https://relianceair.com/,1787.0,False,
renovationsbyrobllc_com.png,LEAD,renovationsbyrobllc.com,Jacksonville,Neptune Beach FL,Remodelers,Renovations by Rob LLC,(904) 333-6653,Yes,5.0,2.0,"2558 Patsy Anne Dr, Jacksonville, FL 32207, USA",ChIJOxe65MXZvqgRrrp_StlPmno,alive,,200.0,,823.0,True,
revivedesignandrenovation_com.png,LEAD,revivedesignandrenovation.com,Orlando,Winter Park FL,Remodelers,Revive Design and Renovation,(407) 598-5232,Yes,5.0,51.0,"Showroom coming soon, 601 S New York Ave, Winter Park, FL 32789, USA",ChIJYeubTpNx54gRaQZxaMHKSyU,alive,,202.0,,1626.0,True,
rjpccpas_com.png,LEAD,rjpccpas.com,Lakeland,Davenport FL,Accountants,Reiser Jennings & Co PC,(563) 275-6954,Yes,5.0,10.0,"1706 N Brady St # 306, Davenport, IA 52803, USA",ChIJHWrl95I04ocRlGkFYv7Wp1o,alive,,200.0,,888.0,True,
poolcareoviedo_com.png,LEAD,poolcareoviedo.com,Orlando,Oviedo FL,Pool service companies,"Pool Care of Oviedo, LLC",(407) 617-6309,Yes,5.0,31.0,"1006 Zachary Ct, Oviedo, FL 32765, USA",ChIJwda8oQBp54gR9asUYWPjPiM,alive,,200.0,https://www.poolcareoviedo.com/,1594.0,False,
expertelectricfl_com.png,LEAD,expertelectricfl.com,Lakeland,Plant City FL,Electricians,Expert Electrical Services LLC,(813) 731-2717,Yes,5.0,32.0,"4802 Charlie Taylor Rd, Plant City, FL 33565, USA",ChIJ592vMaP72mYRUxn117vb6Ug,alive,,200.0,https://www.expertelectricfl.com/,1663.0,False,
gnxconstruction_com.png,LEAD,gnxconstruction.com,Orlando,Downtown Orlando FL,Remodelers,GNX Construction,(943) 238-4912,Yes,5.0,6.0,"601 N Magnolia Ave, Orlando, FL 32801, USA",ChIJe-N90Fx754gRmiKFjvSXQVw,alive,,200.0,https://www.gnxconstruction.com/,339.0,True,
goalbridgeg_com.png,LEAD,goalbridgeg.com,Orlando,Winter Garden FL,Accountants,Goal Bridge Group,(407) 347-9000,Yes,5.0,161.0,"13335 W Colonial Dr, Winter Garden, FL 34787, USA",ChIJ7S2MiGeD54gRu1QG9uDM0Jg,alive,,200.0,,717.0,True,
goldsmithpools_com.png,LEAD,goldsmithpools.com,Lakeland,Downtown Lakeland FL,Pool service companies,Goldsmith Pools,(863) 600-4605,Yes,5.0,51.0,"3240 N Galloway Rd, Lakeland, FL 33810, USA",ChIJiYQWgG9H3YgRxDcsmVkW5U0,alive,,200.0,,984.0,True,
freshcoatservicesfl_com.png,LEAD,freshcoatservicesfl.com,Lakeland,Haines City FL,Cleaning companies,Fresh Coat Pressure Washing,(863) 624-4677,Yes,5.0,50.0,"202 Barrington Dr, Haines City, FL 33844, USA",ChIJEQ94Cn_F-yERbdgMOp_kVCY,alive,,200.0,https://freshcoatservicesfl.com/,266.0,False,
harprollc_com.png,LEAD,harprollc.com,Lakeland,Plant City FL,Remodelers,Harpro LLC,(813) 793-7486,Yes,5.0,9.0,"102 S Evers St Suite 105, Plant City, FL 33563, USA",ChIJ6eVeW3Y33YgR2pUTp8jwPpU,alive,,202.0,,1831.0,True,
protectpreserveroofing_com.png,LEAD,protectpreserveroofing.com,Lakeland,North Lakeland FL,Roofers,Protect Preserve Roofing,(833) 777-6634,Yes,5.0,30.0,"559 Laura Rd, Lakeland, FL 33815, USA",ChIJn3QjliWrk4gRE4tyS1sjQyk,alive,,200.0,,1189.0,True,
fuquaconstructionfl_com.png,LEAD,fuquaconstructionfl.com,Lakeland,Dixieland Lakeland FL,Remodelers,Fuqua Construction Inc.,(863) 816-3732,Yes,5.0,1.0,"900 W Beacon Rd, Lakeland, FL 33803, USA",ChIJC-2qa-A53YgR-uvqpJl4C3k,alive,,200.0,,2723.0,True,
onpointroofingfl_com.png,LEAD,onpointroofingfl.com,Orlando,MetroWest Orlando FL,Roofers,OnPoint Roofing LLC,(321) 666-5819,Yes,5.0,38.0,"2295 S Hiawassee Rd, Orlando, FL 32835, USA",ChIJrUq15Cd554gRarQd6hBnyDk,alive,,200.0,,2335.0,True,
orlandorooftech_com.png,LEAD,orlandorooftech.com,Orlando,Thornton Park Orlando FL,Roofers,Orlando Roof Tech,(407) 809-7663,Yes,5.0,81.0,"5036 Dr Phillips Blvd #238, Orlando, FL 32819, USA",ChIJEbUF9YJ_54gR6WxKwW7YlAM,alive,,200.0,https://orlandorooftech.com/,2363.0,False,
mccarroncpa_com.png,LEAD,mccarroncpa.com,Orlando,Winter Park FL,Accountants,McCarron Accounting & Consulting CPA's,(407) 897-7050,Yes,5.0,15.0,"628 Ellen Dr, Winter Park, FL 32789, USA",ChIJt3MWWJZ654gR6BzK_Eg8Mqg,alive,,200.0,,505.0,False,
matthvac_com.png,LEAD,matthvac.com,Orlando,Audubon Park Orlando FL,HVAC companies,Matt HVAC-R Services Inc,(321) 228-6140,Yes,5.0,44.0,"3015 Trot St, Orlando, FL 32810, USA",ChIJ0QaDQ_Zx54gRyaEKNZ-DYj0,alive,,200.0,https://matthvac.com/,1525.0,False,
martinsvillemaintenance_com.png,LEAD,martinsvillemaintenance.com,Lakeland,Plant City FL,Remodelers,Martinsville Maintenance LLC,(813) 534-2082,Yes,5.0,11.0,"407 Vining St, Plant City, FL 33563, USA",ChIJm3iSOJU33YgRaixL7e6ds6E,alive,,200.0,https://www.martinsvillemaintenance.com/,2513.0,False,
marshallsllcroofing_com.png,LEAD,marshallsllcroofing.com,Lakeland,Lake Morton Lakeland FL,Roofers,MARSHALL'S LLC ROOFING,(863) 687-1893,Yes,5.0,19.0,"3326 W 10th St, Lakeland, FL 33810, USA",ChIJDbcF67k53YgRsyZW4ZysmOA,alive,,200.0,,662.0,True,
manfredodesigns_com.png,LEAD,manfredodesigns.com,Orlando,Oviedo FL,Remodelers,ManfredoDesigns LLC,(407) 754-7490,Yes,5.0,20.0,"1641 Smithfield Way #1209, Oviedo, FL 32765, USA",ChIJlfN9Z5dr54gR34CRsOcOF7A,alive,,200.0,https://manfredodesigns.com/,5151.0,False,
morganscleaningservice_com.png,LEAD,morganscleaningservice.com,Orlando,College Park Orlando FL,Cleaning companies,Morgan's Cleaning Service,(407) 625-9202,Yes,5.0,66.0,"3106 Fairway Ln APT 4, Orlando, FL 32804, USA",ChIJ11W6xkVl54gRyl6uHVl05TM,alive,,200.0,https://morganscleaningservice.com/,1488.0,False,
moorecpa_net.png,LEAD,moorecpa.net,Lakeland,Auburndale FL,Accountants,"Moore & Associates, CPA's",(863) 294-7772,Yes,5.0,4.0,"567 Ave K SE, Winter Haven, FL 33880, USA",ChIJsXV5buES3YgRPVp3WeGDHIM,alive,,200.0,https://www.moorecpa.net/,1903.0,False,
miller86_com.png,LEAD,miller86.com,Orlando,Winter Park FL,Remodelers,Miller86 LLC,(863) 317-1995,Yes,5.0,28.0,"121 Pangola Dr, Winter Haven, FL 33880, USA",ChIJ4YplHY4V3YgRLw6MKsTiEcc,alive,,200.0,,131.0,True,
newhorizonsroof_com.png,LEAD,newhorizonsroof.com,Orlando,Baldwin Park Orlando FL,Roofers,"New Horizons Roofing, Inc",(407) 777-7214,Yes,5.0,51.0,"4767 New Broad St #1095, Orlando, FL 32814, USA",ChIJV4QBmOlt54gRqX79bjxA100,alive,,200.0,,3211.0,True,
neptunepoolservices_com.png,LEAD,neptunepoolservices.com,Jacksonville,Neptune Beach FL,Pool service companies,Neptune Pool Services & Pressure Washing,(941) 223-1034,Yes,5.0,15.0,"1051 Sandlewood Dr, Venice, FL 34293, USA",ChIJT6_9SKXolKgRSBa0RJlf-i8,alive,,200.0,,825.0,True,
neptunebeachdemolition_com.png,LEAD,neptunebeachdemolition.com,Jacksonville,Neptune Beach FL,Remodelers,NEPTUNE BEACH DEMOLITION CONTRACTOR,(904) 751-1628,Yes,5.0,1.0,"116 E 1st St, Jacksonville, FL 32206, USA",ChIJL8cT_CO35YgRjZjjyrD2g_M,alive,,200.0,https://www.neptunebeachdemolition.com/,3100.0,False,
neighborscapelawncare_com.png,LEAD,neighborscapelawncare.com,Jacksonville,Arlington Jacksonville FL,Landscapers,NeighborScape Lawn Care,(904) 980-2153,Yes,5.0,8.0,"6501 Arlington Expy B105 #67205, Jacksonville, FL 32211, USA",ChIJjw2LrgGKLKARVKoTaneYPtU,alive,,200.0,https://neighborscapelawncare.com/,1781.0,False,
mytaxsmith_com.png,LEAD,mytaxsmith.com,Orlando,Casselberry FL,Accountants,Tax Smith Enterprises LLC,(321) 444-6904,Yes,5.0,116.0,"1015 FL-436 suite #205/209, Casselberry, FL 32707, USA",ChIJAUES-TFv54gRyuN9tV1pWWQ,alive,,200.0,,688.0,True,
mrrolandpestcontrolservices_com.png,LEAD,mrrolandpestcontrolservices.com,Orlando,Lake Nona Orlando FL,Pest control,"Mr Roland Pest Control, LLC",(407) 577-8750,Yes,5.0,182.0,"1830 Island Walk Dr, Orlando, FL 32824, USA",ChIJ1TLIKbOH3YgRZMp1RGqRbew,alive,,200.0,,997.0,True,
garrisonconstructioninc_com.png,LEAD,garrisonconstructioninc.com,Jacksonville,Ponte Vedra Beach FL,Remodelers,"Garrison Construction, Inc",(904) 219-5499,Yes,5.0,4.0,"3948 3rd St S #336, Jacksonville Beach, FL 32250, USA",ChIJYblD1i5J5IgR5FniGcQiupk,alive,,200.0,https://garrisonconstructioninc.com/,2522.0,False,
hbgcpa_com.png,LEAD,hbgcpa.com,Jacksonville,St. Johns Town Center Jacksonville FL,Accountants,Hartman Blitch & Gartside Certified Public Accountants,(904) 396-9802,Yes,5.0,4.0,"6817 Southpoint Pkwy STE 2303, Jacksonville, FL 32216, USA",ChIJJRm-DIa25YgR71DaKoDuc0w,alive,,200.0,https://www.hbgcpa.com/,2246.0,False,
ourbookkeepers_com.png,LEAD,ourbookkeepers.com,Jacksonville,Mandarin Jacksonville FL,Accountants,Our Bookkeepers Inc,(904) 425-1238,Yes,5.0,429.0,"13500 Beach Blvd #45, Jacksonville, FL 32224, USA",ChIJkc_Dym3J5YgRrFEPQ6vUQJM,alive,,200.0,https://www.ourbookkeepers.com/,2318.0,False,
oceantimepressurewashing_com.png,LEAD,oceantimepressurewashing.com,Jacksonville,Ponte Vedra Beach FL,Cleaning companies,Oceantime Pressure Washing,(904) 994-0045,Yes,5.0,21.0,"315 Pheasant Run, Ponte Vedra Beach, FL 32082, USA",ChIJp7cPUDI25IgRPVJnOeO-55U,alive,,200.0,https://oceantimepressurewashing.com/,1867.0,False,
lakelandelectricianpros_com.png,LEAD,lakelandelectricianpros.com,Lakeland,Downtown Lakeland FL,Electricians,Lakeland Electrician Guys,(863) 356-0154,Yes,5.0,27.0,"2115 Harden Blvd, Lakeland, FL 33803, USA",ChIJLUecOttVi4gRIPlDob8dSYQ,alive,,200.0,,618.0,True,
lakenonacleaning_com.png,LEAD,lakenonacleaning.com,Orlando,Lake Nona Orlando FL,Cleaning companies,Nona Cleaning,(407) 728-8869,Yes,5.0,127.0,"14146 Swanley St, Orlando, FL 32832, USA",ChIJpU6qniaAJI8RlmxCs2zL3kM,alive,,200.0,,1277.0,True,
perezpoolcleaning_com.png,LEAD,perezpoolcleaning.com,Tampa,Westshore Tampa FL,Pool service companies,Perez Pool Cleaning Tampa Bay,(727) 607-1456,Yes,5.0,20.0,"5909 Johns Rd Suite 115, Tampa, FL 33634, USA",ChIJwa3iev_BwogRym_2jPWc5Sg,alive,,200.0,https://perezpoolcleaning.com/,2013.0,True,
pipedoctorplumbingfl_com.png,LEAD,pipedoctorplumbingfl.com,Tampa,Hyde Park Tampa FL,Plumbers,Pipe Doctor Plumbing,(813) 797-7392,Yes,5.0,19.0,"400 N Ashley Dr Suite 1900, Tampa, FL 33602, USA",ChIJO6Fjar3-HYoRXrFNF0fe6wQ,alive,,200.0,https://pipedoctorplumbingfl.com/,1576.0,False,
oarelectric_com.png,LEAD,oarelectric.com,Lakeland,Lake Wales FL,Electricians,OAR Electric Inc,(863) 676-8801,Yes,5.0,1.0,"920 E St, Lake Wales, FL 33853, USA",ChIJHyoDSDsJ3YgRGBvX8edymSk,alive,,200.0,https://www.facebook.com/people/Oar-Electric-Inc/100060317451019/,1582.0,False,
queenbeemaids_com.png,LEAD,queenbeemaids.com,Fort Lauderdale,Deerfield Beach FL,Cleaning companies,Queen Bee Maids Corp of Boca Raton & Coral Springs,(786) 914-9051,Yes,5.0,73.0,"715 Siesta Key Trail APT 1411, Deerfield Beach, FL 33441, USA",ChIJHYibJHad408RIZ0K42sTLqI,alive,,200.0,,6038.0,True,
mislapestsolutions_com.png,LEAD,mislapestsolutions.com,Fort Lauderdale,Las Olas Fort Lauderdale FL,Pest control,Misla Pest Solutions LLC,(954) 558-4511,Yes,5.0,164.0,"6416 Franklin St, Hollywood, FL 33024, USA",ChIJcymTIVGinCER22U5R9m6F3Y,alive,,200.0,https://mislapestsolutions.com/,3757.0,True,
atomelectric_org.png,LEAD,atomelectric.org,Jacksonville,Springfield Jacksonville FL,Electricians,ATOM ELECTRIC LLC,(904) 618-0718,Yes,5.0,3.0,"1601-1 N Main St Unit 3961, Jacksonville, FL 32206, USA",ChIJtXWVeLm35YgRIbDw6OgkZKM,alive,,200.0,,1127.0,True,
fivepointsroofingfl_com.png,LEAD,fivepointsroofingfl.com,Lakeland,Downtown Lakeland FL,Roofers,Five Points Roofing,(863) 660-5834,Yes,5.0,65.0,"2587 Colonel Ford Dr, Lakeland, FL 33813, USA",ChIJx64HM7fcmCERr32qJoXMh-0,alive,,200.0,,7939.0,True,
generaltaxbusiness_com.png,LEAD,generaltaxbusiness.com,Orlando,Winter Park FL,Accountants,General Tax Business LLC,(407) 406-4068,Yes,5.0,118.0,"3015 Aloma Ave STE. B, Winter Park, FL 32792, USA",ChIJbS0oxhtv54gRhlXC8ueV2vc,alive,,200.0,https://generaltaxbusiness.com/,8416.0,False,
jhammerhomedesigns_com.png,LEAD,jhammerhomedesigns.com,Fort Lauderdale,Coral Springs FL,Remodelers,J Hammer Home & Designs,(631) 922-3280,Yes,5.0,22.0,"3301 N University Dr Suite 100, Coral Springs, FL 33065, USA",ChIJExdLj076M2kRYgxj_VELBoI,alive,,200.0,https://jhammerhomedesigns.com/,2265.0,False,
palmeralandscapingfl_com.png,LEAD,palmeralandscapingfl.com,Tampa,Palma Ceia Tampa FL,Landscapers,Palmera Landscaping,(813) 624-0135,Yes,5.0,9.0,"9004 Hickory Cir, Tampa, FL 33615, USA",ChIJ0T7C4B7rwogRV4jRGwzTk1A,alive,,200.0,,2085.0,False,
moorheadcpa_com.png,LEAD,moorheadcpa.com,Lakeland,Davenport FL,Accountants,"Moorhead Patterson & Company, P.C.",(563) 388-4744,Yes,5.0,22.0,"3910 Lillie Ave, Davenport, IA 52806, USA",ChIJk-SiCCc14ocR1go1K7MrgpA,alive,,200.0,https://www.moorheadcpa.com/,3254.0,False,
lydybugpestcontrol_com.png,LEAD,lydybugpestcontrol.com,Orlando,Lake Nona Orlando FL,Pest control,LydyBug Pest Control,(407) 676-9626,Yes,5.0,106.0,"11261 Narcoossee Rd, Orlando, FL 32832, USA",ChIJb-3XVuFh54gRGlY8gU3zVUc,alive,,200.0,https://lydybugpestcontrol.com/,2451.0,True,
madcleaning_net.png,LEAD,madcleaning.net,Orlando,Winter Park FL,Cleaning companies,M.A.D. CLEANING SERVICES LLC,(407) 840-6708,Yes,5.0,14.0,"1800 Pembrook Dr Suite 300, Orlando, FL 32810, USA",ChIJK_RJ_N1t54gRkG2vI5lC1us,alive,,200.0,,939.0,True,
kreativeresources_com.png,LEAD,kreativeresources.com,Orlando,Windermere FL,Remodelers,Kreative Resources,(407) 801-1245,Yes,5.0,59.0,"1031 Miller Dr, Altamonte Springs, FL 32701, USA",ChIJke3A5_9x54gRVGmMg7zasxM,alive,,200.0,,207.0,True,
ugreenenergy_com.png,LEAD,ugreenenergy.com,Jacksonville,Mandarin Jacksonville FL,Remodelers,Urban Green Energy Remodeling,(904) 561-9827,Yes,4.9,27.0,"Ballastone Dr, Jacksonville, FL 32257, USA",ChIJoYIHvbXJ5YgRAN4VdQNHEns,alive,,200.0,,828.0,False,
allelectric_com.png,LEAD,allelectric.com,Orlando,Winter Park FL,Electricians,All Electric Services,(407) 890-7782,Yes,4.9,1540.0,"104 Commerce St, Lake Mary, FL 32746, USA",ChIJd1ZIEsoT54gRhiUgRmDa2r4,alive,,200.0,,1373.0,True,
3lmroofcleaningorlando_com.png,LEAD,3lmroofcleaningorlando.com,Orlando,Altamonte Springs FL,Cleaning companies,3LM Roof Cleaning & Exterior Pressure Washing,(407) 900-8966,Yes,4.9,436.0,"865 Francis St, Altamonte Springs, FL 32701, USA",ChIJM3O7dh9y54gRBNOJTvId_Ow,alive,,200.0,https://www.3lmroofcleaningorlando.com/,2613.0,False,
accurateelectricfl_com.png,LEAD,accurateelectricfl.com,Lakeland,Plant City FL,Electricians,Accurate Electric LLC,(813) 433-6377,Yes,4.9,116.0,"6114 Farm Acrs Wy, Plant City, FL 33565, USA",ChIJ0eI7fhzLwogRS-AroIjCTuA,alive,,200.0,https://accurateelectricfl.com/,2233.0,True,
alansairconditioning_com.png,LEAD,alansairconditioning.com,Lakeland,Plant City FL,Plumbers,Alan's Air Conditioning Service Inc.,(813) 752-0821,Yes,4.9,1975.0,"103 S Alexander St, Plant City, FL 33563, USA",ChIJgaaBQ-Y13YgRPqSUJ5yzybA,alive,,200.0,,131.0,True,
airdrs_com.png,LEAD,airdrs.com,Jacksonville,Neptune Beach FL,HVAC companies,Air Doctors Heating & Cooling Inc.,(904) 230-4645,Yes,4.9,92.0,"7900 Baymeadows Cir E Unit 114, Jacksonville, FL 32256, USA",ChIJWXWpo6DL5YgRm6hUVcuzHTY,alive,,200.0,https://airdrs.com/,3289.0,False,
airforceroofing_com.png,LEAD,airforceroofing.com,Fort Lauderdale,Lauderdale-by-the-Sea FL,Roofers,Air Force Roofing,(954) 666-0864,Yes,4.9,124.0,"1960 NW 16th St, Pompano Beach, FL 33069, USA",ChIJ_4uhaSgB2YgRpCzjy-DQUXg,alive,,200.0,,1086.0,True,
ultracoolair_com.png,LEAD,ultracoolair.com,Fort Lauderdale,Lauderdale-by-the-Sea FL,HVAC companies,Ultracool AC Heating Inc,(954) 452-8101,Yes,4.9,678.0,"10144 NW 47th St, Sunrise, FL 33351, USA",ChIJwTJHoC8G2YgRK-RC78S9Fjc,alive,,200.0,,1133.0,False,
amarropest_com.png,LEAD,amarropest.com,Jacksonville,Fleming Island FL,Pest control,Amarro Pest Termite WDO,(904) 501-8410,Yes,4.9,60.0,"3384 Canyon Falls Dr, Green Cove Springs, FL 32043, USA",ChIJ23Dq-d92m0oRdqfQ-5mAcRE,alive,,200.0,https://www.amarropest.com/,2280.0,False,
bestoproofing_com.png,LEAD,bestoproofing.com,Fort Lauderdale,Plantation FL,Roofers,Best Top Roofing,(954) 465-0600,Yes,4.9,46.0,"10641 NW 5th St, Plantation, FL 33324, USA",ChIJQUKvNcwJ2YgRthdr4lq3W6I,alive,,200.0,https://bestoproofing.com/,4518.0,False,
bigtimeairconditioning_com.png,LEAD,bigtimeairconditioning.com,Fort Lauderdale,Davie FL,HVAC companies,Big Time Air Conditioning,(954) 554-7429,Yes,4.9,188.0,"5021 S State Rd 7 unit 208, Davie, FL 33314, USA",ChIJt79gcIep2YgRYqc-oYRlt3g,alive,,200.0,,466.0,True,
bltlawncare_com.png,LEAD,bltlawncare.com,Fort Lauderdale,Davie FL,Landscapers,"BLT Lawncare, LLC",(954) 445-1455,Yes,4.9,401.0,"5601 SW 49th St, Davie, FL 33314, USA",ChIJtQSWMZyr2YgRnyi7_XiktCQ,alive,,200.0,,494.0,True,
excellencerestoration_com.png,LEAD,excellencerestoration.com,Orlando,Oviedo FL,Roofers,Excellence Roofing Group and Construction Orlando,(407) 971-7663,Yes,4.9,163.0,"1750 W Broadway St Suite 115B, Oviedo, FL 32765, USA",ChIJyyh5WQtp54gRVk8S17Hvf6c,alive,,202.0,,617.0,False,
enjoyac_com.png,LEAD,enjoyac.com,Lakeland,Downtown Lakeland FL,HVAC companies,Enjoy Heating & Cooling,(863) 667-3200,Yes,4.9,180.0,"2229 E Main St, Lakeland, FL 33801, USA",ChIJOSGzXD0_3YgRLYBG2kE6uQM,alive,,200.0,,769.0,False,
primeroofingfl_com.png,LEAD,primeroofingfl.com,Jacksonville,Riverside Jacksonville FL,Roofers,Prime Roofing,(904) 530-1446,Yes,4.9,127.0,"3500 Beachwood Ct Suite 207, Jacksonville, FL 32224, USA",ChIJISS5_0hK5IgR83ccMaT6huk,alive,,202.0,,909.0,False,
pecjax_com.png,LEAD,pecjax.com,Jacksonville,Riverside Jacksonville FL,Electricians,Performance Electrical Contracting Inc.,(904) 726-7966,Yes,4.9,60.0,"3508 Lenox Ave, Jacksonville, FL 32254, USA",ChIJg5Jp6be55YgR-mn8oQjq4Po,alive,,200.0,https://pecjax.com/,4076.0,True,
johnsplumbing_com.png,LEAD,johnsplumbing.com,Fort Lauderdale,Las Olas Fort Lauderdale FL,Plumbers,John's Plumbing,(954) 280-8682,Yes,4.9,761.0,"1335 NE 12th Ave, Fort Lauderdale, FL 33304, USA",ChIJfXEdRLWu2YgRJPC2qPNIbzE,alive,,200.0,,1535.0,True,
jeffsplumbingorlando_com.png,LEAD,jeffsplumbingorlando.com,Orlando,Lake Nona Orlando FL,Plumbers,Jeff's KB&B Plumbing,(407) 968-1801,Yes,4.9,327.0,"350 Saunders Trail, Geneva, FL 32732, USA",ChIJPT0ATytm54gR-6KM548gfYc,alive,,200.0,,283.0,True,
procraftplumbing_net.png,LEAD,procraftplumbing.net,Orlando,Lake Nona Orlando FL,Plumbers,Pro Craft Plumbing llc,(407) 792-8145,Yes,4.9,195.0,"230 Courtland Blvd, Deltona, FL 32738, USA",ChIJWReYKBMW54gRTLMBKzXEeo8,alive,,200.0,,817.0,False,
revivedesignandrenovation_com.png,LEAD,revivedesignandrenovation.com,Orlando,Winter Park FL,Remodelers,Revive Design And Renovation,(813) 730-4954,Yes,4.9,415.0,"3102 W Kennedy Blvd, Tampa, FL 33609, USA",ChIJ4WmV21J7E6sRm3t_YlVjj9g,alive,,202.0,,1565.0,True,
1000voltselectric_com.png,LEAD,1000voltselectric.com,Fort Lauderdale,Hallandale Beach FL,Electricians,1000 Volts Electric LLC,(305) 904-1066,Yes,4.9,45.0,"2490 S Park Rd #108, Hallandale Beach, FL 33009, USA",ChIJ5fI_eHmt2YgRaTXpLNcqf4g,alive,,200.0,,772.0,True,
apsorl_com.png,LEAD,apsorl.com,Orlando,Downtown Orlando FL,Plumbers,Associated Piping Services Inc.,(407) 901-3482,Yes,4.9,220.0,"1023 29th St, Orlando, FL 32805, USA",ChIJFfNmxJl754gRNRRuSc0dVO0,alive,,200.0,,1530.0,True,
apcroofing_com.png,LEAD,apcroofing.com,Orlando,College Park Orlando FL,Roofers,APC Roofing,(407) 565-9921,Yes,4.9,579.0,"150 W Hwy 50, Clermont, FL 34711, USA",ChIJja0eXlqP54gRHo7bYgM0oNk,alive,,200.0,https://apcroofing.com/,235.0,True,
taxdirectflorida_com.png,LEAD,taxdirectflorida.com,Orlando,MetroWest Orlando FL,Accountants,Tax Direct Accounting Services,(407) 203-1212,Yes,4.9,160.0,"5787 Vineland Rd Suite 205, Orlando, FL 32819, USA",ChIJicQ5KsV-54gRaa0lwwc32L8,alive,,200.0,,547.0,False,
sheegogcontracting_com.png,LEAD,sheegogcontracting.com,Orlando,Winter Park FL,Roofers,Sheegog Contracting,(407) 637-5339,Yes,4.9,498.0,"5526 Lake Howell Rd, Winter Park, FL 32792, USA",ChIJUztbjs1r54gRaGDDNh__uIU,alive,,202.0,,1634.0,True,
thetaxmasterorlando_com.png,LEAD,thetaxmasterorlando.com,Orlando,Thornton Park Orlando FL,Accountants,The Tax Master of Orlando,(407) 482-4041,Yes,4.9,169.0,"222 Neighborhood Market Rd #104, Orlando, FL 32825, USA",ChIJN3rcC7dl54gRO-XnoY1xZso,alive,,200.0,,703.0,False,
snowbirdair_com.png,LEAD,snowbirdair.com,Lakeland,Grasslands Lakeland FL,HVAC companies,Snowbird Heating & Cooling,(863) 215-6134,Yes,4.9,2823.0,"1095-A US-92, Auburndale, FL 33823, USA",ChIJAeBGCt0U3YgRzrc7ASsD2Ko,alive,,200.0,,180.0,True,
seeblupoolservices_com.png,LEAD,seeblupoolservices.com,Orlando,Casselberry FL,Pool service companies,"SeeBlu Pool Services, Incorporated- Winter Springs, FL",(407) 807-3236,Yes,4.9,130.0,"745 Sherwood Dr, Winter Springs, FL 32708, USA",ChIJv2G1HrFt54gRgk5CcRFJoRk,alive,,200.0,https://seeblupoolservices.com/,1214.0,False,
pinnacleroofinggroup_com.png,LEAD,pinnacleroofinggroup.com,Orlando,Thornton Park Orlando FL,Roofers,Pinnacle Roofing,(386) 631-5566,Yes,4.9,478.0,"403 Chairman Ct STE 1, DeBary, FL 32713, USA",ChIJ-XSDx17_5ogRHw53bAGc2Q8,alive,,200.0,,225.0,True,
orlandotaxfirm_com.png,LEAD,orlandotaxfirm.com,Orlando,College Park Orlando FL,Accountants,GRA CPA,(877) 455-3055,Yes,4.9,59.0,"35 W Pine St #220, Orlando, FL 32801, USA",ChIJvXV0Uv5654gRda8kvbsyZyg,alive,,200.0,https://orlandotaxfirm.com/,2128.0,False,
lausconsult_com.png,LEAD,lausconsult.com,Orlando,Baldwin Park Orlando FL,Accountants,Laus Consulting Services LLC,(407) 401-9768,Yes,4.9,96.0,"879 Outer Rd Ste B, Orlando, FL 32814, USA",ChIJW9zma-l654gRLfwFiNCYI9A,alive,,200.0,https://lausconsult.com/,571.0,False,
lightscapedesignfl_com.png,LEAD,lightscapedesignfl.com,Lakeland,Bartow FL,Landscapers,Lightscape Design,(863) 333-2189,Yes,4.9,17.0,"1239 E Main St, Bartow, FL 33830, USA",ChIJGVa9e70X3YgR0pIGQO4ZaW0,alive,,200.0,,230.0,True,
qualityac_com.png,LEAD,qualityac.com,Fort Lauderdale,Las Olas Fort Lauderdale FL,HVAC companies,Quality Air Conditioning Company,(954) 504-6314,Yes,4.9,995.0,"720 W McNab Rd, Fort Lauderdale, FL 33309, USA",ChIJrYpiHLAD2YgRfYsedmom0SQ,alive,,200.0,,1515.0,True,
santosactampa_com.png,LEAD,santosactampa.com,Tampa,Land O Lakes FL,HVAC companies,Santos A/C and Plumbing,(813) 376-3985,Yes,4.9,96.0,"18505 Hanna Rd, Lutz, FL 33549, USA",ChIJnQpk29i7wogRY75xrB_jucw,alive,,200.0,https://santosactampa.com/,1941.0,False,
homedesignandrepair_com.png,LEAD,homedesignandrepair.com,Fort Lauderdale,Coral Springs FL,Remodelers,Home Design and Repair,(954) 372-1232,Yes,4.9,62.0,"4613 N University Dr #185, Coral Springs, FL 33067, USA",ChIJIzPl88Ua2YgRtrlEjUszuW8,alive,,202.0,,700.0,False,
hitmanpestcontrol_com.png,LEAD,hitmanpestcontrol.com,Fort Lauderdale,Deerfield Beach FL,Pest control,Hitman Termite & Pest Control,(954) 596-0735,Yes,4.9,122.0,"440 S Federal Hwy Suite 202C, Deerfield Beach, FL 33441, USA",ChIJtxwM6fTj2IgRcLAi7hHhMH4,alive,,200.0,,307.0,True,
oceanstateac_com.png,LEAD,oceanstateac.com,Jacksonville,Oceanway Jacksonville FL,HVAC companies,Ocean State Air Conditioning & Heating,(904) 574-5619,Yes,4.9,1036.0,"1476 Atlantic Blvd, Neptune Beach, FL 32266, USA",ChIJTQUY0VpJ5IgRFasM4h3MOBc,alive,,200.0,,1054.0,True,
grandaplumbing_com.png,LEAD,grandaplumbing.com,Tampa,Westshore Tampa FL,Plumbers,Granda Plumbing,(813) 599-2468,Yes,4.9,173.0,"1523 W Grace St, Tampa, FL 33607, USA",ChIJ71IN79CQIacReY_T1pe6Rzo,alive,,200.0,http://www.grandaplumbing.com/,817.0,False,
lightningcleaningtampa_com.png,LEAD,lightningcleaningtampa.com,Tampa,Westshore Tampa FL,Cleaning companies,Lightning Cleaning Tampa,(813) 922-2110,Yes,4.9,244.0,"106 S Habana Ave UNIT 7, Tampa, FL 33609, USA",ChIJpZhBSeHEzAQReGmdZ1act3Q,alive,,200.0,,915.0,True,
g2homeservices_com.png,LEAD,g2homeservices.com,Tampa,Palma Ceia Tampa FL,Remodelers,G2 Home Services,(727) 478-5279,Yes,4.9,45.0,"7840 Leo Kidd Ave Unit 2, Port Richey, FL 34668, USA",ChIJD73-KMCRwogR8_nR5mvYcXw,alive,,202.0,,1561.0,True,
maidwonderfully_com.png,LEAD,maidwonderfully.com,Jacksonville,San Marco Jacksonville FL,Cleaning companies,"Wonderfully Maid Cleaning, LLC",(904) 235-6554,Yes,4.9,225.0,"311 Glynlea Rd, Jacksonville, FL 32216, USA",ChIJS34KtjW15YgR4urV9rDooZQ,alive,,200.0,https://maidwonderfully.com/,1230.0,False,
jacksonvilleacservice_com.png,LEAD,jacksonvilleacservice.com,Jacksonville,San Marco Jacksonville FL,HVAC companies,NorthPort Heating and Air Conditioning,(904) 438-4822,Yes,4.9,622.0,"2905 Spring Park Rd, Jacksonville, FL 32207, USA",ChIJXfx07ru15YgRP0KkNluRpLo,alive,,200.0,,1182.0,False,
cjbassplumbing_com.png,LEAD,cjbassplumbing.com,Jacksonville,Fleming Island FL,Plumbers,CJ Bass Plumbing Inc,(904) 838-9935,Yes,4.9,1017.0,"924 T.J. Courson Rd, Fernandina Beach, FL 32034, USA",ChIJU7pIypGr5YgR56YW0SlGiRE,alive,,200.0,https://cjbassplumbing.com/,2472.0,False,
creeksair_com.png,LEAD,creeksair.com,Jacksonville,Ponte Vedra Beach FL,HVAC companies,Creeks Air Conditioning & Heating,(904) 780-0073,Yes,4.9,508.0,"51 Hudson Way STE 1, Ponte Vedra Beach, FL 32081, USA",ChIJde9582Uz5IgR8kqk4fVZ3e8,alive,,200.0,https://www.creeksair.com/,1665.0,True,
beastmodelawncare_com.png,LEAD,beastmodelawncare.com,Jacksonville,Mandarin Jacksonville FL,Landscapers,Beast Mode Lawn Care,(904) 822-9476,Yes,4.8,96.0,"979 Lane Ave S, Jacksonville, FL 32205, USA",ChIJ9RQm5tNbaGERNjOe2UI2Gjw,alive,,200.0,https://beastmodelawncare.com/,1770.0,False,
danscapejax_com.png,LEAD,danscapejax.com,Jacksonville,Oceanway Jacksonville FL,Landscapers,Danscape L.L.C.,(904) 962-2229,Yes,4.8,23.0,"1015 Atlantic Blvd #299, Atlantic Beach, FL 32233, USA",ChIJF5YQP3NJ5IgRFk_fcigovOw,alive,,200.0,http://danscapejax.com/,2983.0,False,
jaxelectricalcontracting_com.png,LEAD,jaxelectricalcontracting.com,Jacksonville,Riverside Jacksonville FL,Electricians,"Jax Electrical Contracting, Inc.",(904) 483-8384,Yes,4.8,56.0,"2017 Lane Ave S, Jacksonville, FL 32210, USA",ChIJGfGhvJe45YgRp2RTUyXaujw,alive,,200.0,,587.0,True,
palladiumconstruction_com.png,LEAD,palladiumconstruction.com,Fort Lauderdale,Las Olas Fort Lauderdale FL,Remodelers,Palladium Construction – Fort Lauderdale General Contractor,(561) 430-7051,Yes,4.8,44.0,"2598 E Sunrise Blvd #2104, Fort Lauderdale, FL 33304, USA",ChIJk0w3ZZcH32oR3fozEG99BwY,alive,,200.0,,783.0,True,
rickettsroofing_com.png,LEAD,rickettsroofing.com,Fort Lauderdale,Las Olas Fort Lauderdale FL,Roofers,Ricketts Roofing And Construction,(954) 588-5670,Yes,4.8,106.0,"1211 NW 29th Way, Fort Lauderdale, FL 33311, USA",ChIJ9W5JrLUB2YgRdjZTSxhCZKQ,alive,,200.0,,1324.0,True,
landscaperehabsf_com.png,LEAD,landscaperehabsf.com,Lakeland,Winter Haven FL,Landscapers,Landscape Rehab,(954) 595-4095,Yes,4.8,48.0,"1280 Lake Buckeye Rd, Winter Haven, FL 33881, USA",ChIJc046OXQB2YgRTI5C4CNY2k8,alive,,200.0,https://landscaperehabsf.com/,1701.0,False,
hhroofs_com.png,LEAD,hhroofs.com,Orlando,MetroWest Orlando FL,Roofers,His and Hers Construction,(407) 203-4825,Yes,4.8,1625.0,"515 18th St, Orlando, FL 32805, USA",ChIJCxk2B25754gReiXahkicSKA,alive,,200.0,https://hisandhersroof.com/,6230.0,False,
mybeachscapes_com.png,LEAD,mybeachscapes.com,Jacksonville,Oceanway Jacksonville FL,Landscapers,Beachscapes,(904) 595-6836,Yes,4.8,66.0,"1122 9th St S, Jacksonville Beach, FL 32250, USA",ChIJY9JCTP1J5IgRlZdJwwfmltk,alive,,200.0,https://www.mybeachscapes.com/,2441.0,True,
marcocompanies_com.png,LEAD,marcocompanies.com,Jacksonville,San Marco Jacksonville FL,Electricians,Marco Heating & Air Conditioning,(904) 743-3350,Yes,4.8,346.0,"720 Mill Creek Rd, Jacksonville, FL 32211, USA",ChIJe7AKSmC05YgRM-iuNFjOtSI,alive,,200.0,https://marcocompanies.com/,2151.0,False,
ngsolutionscleaning_com.png,LEAD,ngsolutionscleaning.com,Fort Lauderdale,Davie FL,Cleaning companies,Ng solutions cleaning,(954) 306-6422,Yes,4.8,204.0,"4801 S University Dr # 102, Davie, FL 33328, USA",ChIJVaj5lUGo2YgRQ-YdBZNP5bg,alive,,200.0,,1051.0,True,
mazzainteriors_com.png,LEAD,mazzainteriors.com,Fort Lauderdale,Deerfield Beach FL,Remodelers,Mazza Interiors,(561) 944-9887,Yes,4.8,50.0,"37 NE 1st Terrace Suite C, Deerfield Beach, FL 33441, USA",ChIJW1sGIcTh2IgRzNo9N7jzsY4,alive,,200.0,https://www.mazzainteriors.com/,557.0,False,
poolservicewintergarden_net.png,LEAD,poolservicewintergarden.net,Orlando,Winter Park FL,Pool service companies,Deluxe Pool Care of Winter Garden,(407) 606-7744,Yes,4.8,120.0,"636 S Dillard St #427, Winter Garden, FL 34787, USA",ChIJx5YeByOD54gRPfMj1ApCTLA,alive,,200.0,,1034.0,True,
newmaidscleaning_com.png,LEAD,newmaidscleaning.com,Orlando,Maitland FL,Cleaning companies,"New Maids Cleaning, LLC",(689) 319-8968,Yes,4.8,19.0,"3564 Avalon Park E Blvd Ste 1, Orlando, FL 32828, USA",ChIJt08ftcRd54gRsJV9hpV9KjY,alive,,200.0,https://newmaidscleaning.com/,706.0,True,
ganthonylandscape_com.png,LEAD,ganthonylandscape.com,Orlando,Winter Garden FL,Landscapers,G & Anthony Maintenance,(407) 394-3258,Yes,4.8,45.0,"236 E Cypress St, Winter Garden, FL 34787, USA",ChIJ8UvJawuD54gRc2cAnW7_WOA,alive,,200.0,,555.0,False,
gembecki_com.png,LEAD,gembecki.com,Orlando,Casselberry FL,HVAC companies,"Gembecki Mechanical Services, Inc.",(407) 695-6646,Yes,4.8,357.0,"1311 Seminola Blvd, Casselberry, FL 32707, USA",ChIJ2yiNxtht54gRhyid-v-AfeM,alive,,200.0,https://www.gembecki.com/,2166.0,False,
ezroofingsystems_com.png,LEAD,ezroofingsystems.com,Lakeland,Winter Haven FL,Roofers,EZ Roofing Systems,(863) 875-1033,Yes,4.8,24.0,"120 W Central Ave, Winter Haven, FL 33880, USA",ChIJ-RXUkeYS3YgRvva0zhv951Y,alive,,200.0,https://www.ezroofingsystems.com/,2338.0,False,
prithidaswani_com.png,LEAD,prithidaswani.com,Orlando,Dr. Phillips Orlando FL,Accountants,Prithi Daswani CPA PL,(407) 218-5921,Yes,4.8,59.0,"6735 Conroy Windermere Rd, Orlando, FL 32835, USA",ChIJI7lgSCp_54gRE_Vw53gp4yA,alive,,200.0,https://prithidaswani.com/,1693.0,False,
nokconstruction_com.png,LEAD,nokconstruction.com,Orlando,Lake Nona Orlando FL,Remodelers,NOK Construction,(844) 486-9235,Yes,4.8,141.0,"2750 Taylor Ave a 27, Orlando, FL 32806, USA",ChIJaSOKjXN754gRRk9hH9wgr9Y,alive,,200.0,,1176.0,True,
polklawn_com.png,LEAD,polklawn.com,Lakeland,Winter Haven FL,Landscapers,Polk Lawn,(863) 439-9400,Yes,4.8,75.0,"460 Liberty Ln, Winter Haven, FL 33884, USA",ChIJiZF_Ty0N3YgRmhPOwrktwNw,alive,,200.0,,238.0,True,
melscleaningandfloors_com.png,LEAD,melscleaningandfloors.com,Lakeland,Downtown Lakeland FL,Cleaning companies,"Mel's Cleaning Service, Inc.",(863) 666-8913,Yes,4.8,34.0,"6323 Tocobega Dr, Lakeland, FL 33813, USA",ChIJMb8nslU-3YgRIGU_Vil7dgM,alive,,200.0,https://melscleaningandfloors.com/,1867.0,False,
marcopolopools_com.png,LEAD,marcopolopools.com,Orlando,Baldwin Park Orlando FL,Pool service companies,"Marco Polo Pools, Inc.",(407) 808-3269,Yes,4.8,264.0,"185 Drennen Rd Suite 301, Orlando, FL 32806, USA",ChIJkUM5cmh754gRvk4IjwiLHYw,alive,,200.0,,659.0,True,
morethantaxesonline_com.png,LEAD,morethantaxesonline.com,Orlando,Windermere FL,Accountants,More Than Taxes Online,(352) 663-9144,Yes,4.8,103.0,"9100 Conroy Windermere Rd Suite 200, Windermere, FL 34786, USA",ChIJeVuJJMSI54gRCwuqy6ti8ss,alive,,200.0,https://morethantaxesonline.com/,4212.0,False,
maidforyoucleaning_com.png,LEAD,maidforyoucleaning.com,Fort Lauderdale,Las Olas Fort Lauderdale FL,Cleaning companies,Maid For You Cleaning,(954) 677-7900,Yes,4.8,138.0,"1001 NW 62nd St Ste 302W, Fort Lauderdale, FL 33309, USA",ChIJr7LQFrkD2YgRtx966_fkEDM,alive,,200.0,https://maidforyoucleaning.com/,4565.0,False,
johnsplumbing_com.png,LEAD,johnsplumbing.com,Fort Lauderdale,Victoria Park Fort Lauderdale FL,Plumbers,John’s Plumbing,(954) 994-1167,Yes,4.8,1084.0,"2110 SW 60th Way, Miramar, FL 33023, USA",ChIJhRtxdbSv2YgRR4dgRIdAW4Q,alive,,200.0,,1398.0,True,
haynespestcontrol_com.png,LEAD,haynespestcontrol.com,Lakeland,Haines City FL,Pest control,Haynes Pest Control Inc,(863) 382-2272,Yes,4.8,162.0,"393 County Rd 17A W STE2, Avon Park, FL 33825, USA",ChIJz1WZx-1X3IgRmDFy2ZNvKiw,alive,,200.0,https://haynespestcontrol.com/,671.0,False,
enetaxplus_com.png,LEAD,enetaxplus.com,Lakeland,Haines City FL,Accountants,E.N.E. Tax & Insurance,(863) 288-8233,Yes,4.8,22.0,"210 S Dixie Dr, Haines City, FL 33844, USA",ChIJK3ftipVz3YgRqw78CWDLBwM,alive,,200.0,,661.0,True,
patsnurseryinc_com.png,LEAD,patsnurseryinc.com,Jacksonville,Fleming Island FL,Landscapers,Pat's Nursery Inc,(904) 284-2011,Yes,4.8,427.0,"7060 US-17, Fleming Island, FL 32003, USA",ChIJD60mZrna5YgRy-WExLN1sdc,alive,,200.0,https://www.patsnurseryinc.com/,5017.0,False,
alvarezplumbing_com.png,LEAD,alvarezplumbing.com,Tampa,Westshore Tampa FL,Plumbers,Alvarez Plumbing & Air Conditioning,(813) 213-0533,Yes,4.8,2513.0,"1623 S 51st St, Tampa, FL 33619, USA",ChIJf6GVqWjFwogREBGlPATEeUc,alive,,200.0,,681.0,True,
atiservicesoftampa_com.png,LEAD,atiservicesoftampa.com,Tampa,Westshore Tampa FL,Remodelers,"ATi Services of Tampa 👍 Kitchen Remodeler, Bathroom Remodeling & General Contractor",(813) 350-7863,Yes,4.8,91.0,"3030 N Rocky Point Dr W Suit #150, Tampa, FL 33607, USA",ChIJpzysktDpwogRt-W4KfRBteM,alive,,200.0,https://atiservicesoftampa.com/,1036.0,False,
tapspestservices_com.png,LEAD,tapspestservices.com,Tampa,Brandon FL,Pest control,Taps Pest Services,(813) 315-0447,Yes,4.8,425.0,"9623 Mathog Rd, Riverview, FL 33578, USA",ChIJu-HSPemhwogRRI3NH8KLWC0,alive,,200.0,,1276.0,True,
emeraldplumbing_net.png,LEAD,emeraldplumbing.net,Orlando,Lake Nona Orlando FL,Plumbers,Emerald Plumbing,(407) 898-3538,Yes,4.8,1345.0,"2311 Henderson Dr Unit A, Orlando, FL 32806, USA",ChIJrYis9Tp754gR1tskq4PEpZ8,alive,,200.0,,1189.0,True,
ackenny_com.png,LEAD,ackenny.com,Tampa,Westshore Tampa FL,HVAC companies,"Kenny's Air Conditioning & Heating Services, Inc.",(813) 875-3669,Yes,4.8,293.0,"4418 N Cortez Ave, Tampa, FL 33614, USA",ChIJy7ImvMjDwogR7iAZGfPyrm0,alive,,200.0,,1694.0,True,
calltitanz_com.png,LEAD,calltitanz.com,Lakeland,Davenport FL,Plumbers,Titanz Plumbing & Air Conditioning,(941) 875-9669,Yes,4.8,2480.0,"17436 Seymour Ave, Port Charlotte, FL 33953, USA",ChIJi0_xJYup3IgRUo56UzRm3Nc,alive,,200.0,,1245.0,True,
tyersroofing_com.png,LEAD,tyersroofing.com,Lakeland,Highland City FL,Roofers,"Tyer's Roofing, Inc. Jr Tyer",(863) 858-1141,Yes,4.8,31.0,"11720 Bailey Rd, Kathleen, FL 33849, USA",ChIJfdV0D35F3YgRdii8nfvrTUU,alive,,200.0,http://www.tyersroofing.com/,1084.0,False,
24hourplumbing_org.png,LEAD,24hourplumbing.org,Fort Lauderdale,Coral Ridge Fort Lauderdale FL,Plumbers,24 Hour Plumbing,(954) 210-5008,Yes,4.8,61.0,"7401 Wiles Rd, Coral Springs, FL 33067, USA",ChIJ0VwalSUb2YgRkRoVhi2bdlo,alive,,200.0,https://24hourplumbing.org/,453.0,False,
tampaanimalcontrol_com.png,LEAD,tampaanimalcontrol.com,Lakeland,Plant City FL,Pest control,"All Pro Wildlife, LLC",(813) 404-7033,Yes,4.8,67.0,"1308 N Ferrell St, Plant City, FL 33563, USA",ChIJR99Ey9Q13YgR2rjoPFWigqQ,alive,,200.0,,592.0,False,
smalljobselectric_com.png,LEAD,smalljobselectric.com,Lakeland,Mulberry FL,Electricians,"Small Jobs Electric, Inc.",(813) 303-0052,Yes,4.8,2225.0,"5002 W Linebaugh Ave Ste C, Tampa, FL 33624, USA",ChIJD6hInM3NwogRPl5VKcgM5ko,alive,,200.0,,1429.0,True,
southwestpool_com.png,LEAD,southwestpool.com,Orlando,Dr. Phillips Orlando FL,Pool service companies,Southwest Pool Service & Repair,(407) 574-4447,Yes,4.8,64.0,"8007 Addison Ct, Orlando, FL 32835, USA",ChIJU_ex1Yp454gReZSKVQoGXGk,alive,,200.0,https://southwestpool.com/,2935.0,False,
topnotchartificialturf_com.png,LEAD,topnotchartificialturf.com,Fort Lauderdale,Coral Ridge Fort Lauderdale FL,Landscapers,Top Notch Artificial Turf,(954) 593-6771,Yes,4.8,136.0,"3302 NE 34th St, Fort Lauderdale, FL 33308, USA",ChIJ4c_X8XUB2YgRqAt7gBAtXtk,alive,,200.0,,2939.0,True,
tpacleaning_com.png,LEAD,tpacleaning.com,Tampa,Tampa Heights FL,Cleaning companies,TPA Cleaning,(940) 735-1463,Yes,4.8,19.0,"304 E Waters Ave, Tampa, FL 33604, USA",ChIJywxRNf7HwogRK1x_4EMe-OI,alive,,200.0,https://tpacleaning.com/,2318.0,True,
carrollselectricinc_com.png,LEAD,carrollselectricinc.com,Orlando,Casselberry FL,Electricians,Carroll's Electric Inc,(407) 767-5661,Yes,4.8,30.0,"1275 Bennett Dr, Longwood, FL 32750, USA",ChIJW0bGoBpy54gRoP-I7gANzuM,alive,,200.0,https://www.carrolls-electric-inc.com/,1933.0,False,
roofprosusa_com.png,LEAD,roofprosusa.com,Orlando,Windermere FL,Roofers,Roof Pros USA,(407) 831-7663,Yes,4.8,135.0,"794 Big Tree Dr #108, Longwood, FL 32750, USA",ChIJ1_EPRnlt54gRld6RWNdSEIY,alive,,200.0,https://www.roofprosusa.com/,1224.0,False,
prattcoroofing_com.png,LEAD,prattcoroofing.com,Lakeland,Plant City FL,Roofers,Prattco Roofing,(813) 973-4771,Yes,4.7,89.0,"2400 Airport Rd #2, Plant City, FL 33563, USA",ChIJb0HZhRU03YgRbghk2pH0Y4k,alive,,200.0,http://prattcoroofing.com/,1251.0,False,
integrityroofingsystems_com.png,LEAD,integrityroofingsystems.com,Jacksonville,Mandarin Jacksonville FL,Roofers,Benton Integrity Roofing Systems,(904) 262-7663,Yes,4.7,90.0,"5570 Florida Mining Blvd S, Jacksonville, FL 32257, USA",ChIJf4IgiJfL5YgR2dgdhGBoSIY,alive,,200.0,,2471.0,True,
davidgrayonline_com.png,LEAD,davidgrayonline.com,Jacksonville,Ponte Vedra Beach FL,HVAC companies,David Gray,(904) 605-8190,Yes,4.7,809.0,"6491 Powers Ave Suite 2, Jacksonville, FL 32217, USA",ChIJhWo4LXjJ5YgR83jA_LhkGyg,alive,,200.0,,590.0,True,
gilileoslandscapingservice_com.png,LEAD,gilileoslandscapingservice.com,Lakeland,Downtown Lakeland FL,Landscapers,Gilileo's Landscaping Service,(863) 254-1147,Yes,4.7,49.0,"409 Oak Trail, Lakeland, FL 33813, USA",ChIJD5If4gI43YgRNWEZKkMlezw,alive,,200.0,https://gilileoslandscapingservice.com/,3114.0,False,
myfewa_com.png,LEAD,myfewa.com,Orlando,Maitland FL,Electricians,Florida Energy Water & Air,(407) 523-0775,Yes,4.7,6775.0,"500 Winderley Pl suite 300, Maitland, FL 32751, USA",ChIJ505FqzR354gRgMxQjDu_7GI,alive,,200.0,https://www.myfewa.com/,517.0,False,
blueboxplumbing_com.png,LEAD,blueboxplumbing.com,Lakeland,Plant City FL,Plumbers,Blue Box Plumbing and Drain Cleaning,(813) 258-3269,Yes,4.7,14.0,"Plant City, FL 33563, USA",ChIJqWNmjNW7wogRVL3D26WR3dI,alive,,200.0,,1008.0,True,
touchofclassdrycleaners_com.png,LEAD,touchofclassdrycleaners.com,Lakeland,Lake Morton Lakeland FL,Cleaning companies,Touch of Class Dry Cleaners,(863) 413-0808,Yes,4.7,61.0,"1800 Harden Blvd, Lakeland, FL 33803, USA",ChIJV1-zW9443YgRcRy9LPBOZ8c,alive,,200.0,https://touchofclassdrycleaners.com/,3428.0,False,
alohaac_com.png,LEAD,alohaac.com,Fort Lauderdale,Las Olas Fort Lauderdale FL,HVAC companies,"Aloha Air Conditioning, Inc.",(954) 772-0079,Yes,4.7,143.0,"1217 E Broward Blvd, Fort Lauderdale, FL 33301, USA",ChIJ9VPJmcIB2YgRTCw2uiYsllM,alive,,200.0,,785.0,True,
acesolvesitall_com.png,LEAD,acesolvesitall.com,Orlando,Windermere FL,Electricians,Ace Solves It All,(321) 499-2090,Yes,4.7,5151.0,"1692 Dolores Dr, Kissimmee, FL 34746, USA",ChIJWSXUHf2C3YgRTs5k1I5GRe4,alive,,200.0,,1250.0,True,
chetspest_com.png,LEAD,chetspest.com,Tampa,Hyde Park Tampa FL,Pest control,"Chet's Termite & Pest Management, Inc.",(813) 935-7554,Yes,4.7,970.0,"2112 W Waters Ave, Tampa, FL 33604, USA",ChIJUyhRCzbBwogR7QFJULhjXrg,alive,,200.0,,330.0,True,
trustconstructionsfl_com.png,LEAD,trustconstructionsfl.com,Fort Lauderdale,Hallandale Beach FL,Roofers,Trust Construction,(786) 789-2912,Yes,4.7,82.0,"1250 E Hallandale Beach Blvd #3, Hallandale Beach, FL 33009, USA",ChIJHTSMRahlFQYRVJNnhdPKaIM,alive,,200.0,,567.0,True,
plumbingjacksonville_com.png,LEAD,plumbingjacksonville.com,Jacksonville,Riverside Jacksonville FL,Plumbers,Rolland Reash Plumbing,(904) 217-6157,Yes,4.7,579.0,"11606 Columbia Park Dr E, Jacksonville, FL 32258, USA",ChIJ_8rEbp_M5YgR8H-cskWy2hM,alive,,200.0,,1878.0,True,
remedypestsolutionsllc_com.png,LEAD,remedypestsolutionsllc.com,Jacksonville,Mandarin Jacksonville FL,Pest control,"Remedy Pest Solutions, LLC",(904) 743-2403,Yes,4.7,62.0,"10418 New Berlin Rd UNIT 111, Jacksonville, FL 32226, USA",ChIJKZ4-eJOz5YgR_IDU7y8pnQY,alive,,200.0,https://remedypestsolutionsllc.com/,2535.0,False,
kmrroof_com.png,LEAD,kmrroof.com,Fort Lauderdale,Davie FL,Roofers,KMR Roofing,(954) 869-9091,Yes,4.7,76.0,"10424 FL-84 STE 10, Davie, FL 33324, USA",ChIJeZVo6PQJ2YgRERbocDc0hYc,alive,,200.0,,1201.0,True,
iecjax_com.png,LEAD,iecjax.com,Jacksonville,Riverside Jacksonville FL,Electricians,Infinity Electrical Contracting Llc,(904) 535-0507,Yes,4.7,15.0,"4786 Rayford St, Jacksonville, FL 32254, USA",ChIJPfteUqO45YgRjadETPrbWvA,alive,,200.0,https://www.iecjax.com/index.php,2640.0,False,
keithpest_com.png,LEAD,keithpest.com,Lakeland,Bartow FL,Pest control,Keith's Pest Control Inc,(863) 533-6231,Yes,4.7,12.0,"1700 N Park Ave, Bartow, FL 33830, USA",ChIJM-TUeLYX3YgRqAxDgbgY-6g,alive,,200.0,,580.0,False,
kcmendez_com.png,LEAD,kcmendez.com,Lakeland,Auburndale FL,Landscapers,K&C Mendez Lawn Service LLC,(863) 279-2607,Yes,4.7,10.0,"629 Pilaklakaha Ave, Auburndale, FL 33823, USA",ChIJs6PIwchr3YgRhTODaA1RhpI,alive,,200.0,,660.0,True,
curryplumbing_com.png,LEAD,curryplumbing.com,Lakeland,Downtown Lakeland FL,Plumbers,Curry & Co Plumbing Inc,(863) 644-0061,Yes,4.7,113.0,"950 W Beacon Rd, Lakeland, FL 33803, USA",ChIJzSLZmNg43YgRHjsREq2R_9w,alive,,200.0,https://curryplumbing.com/,4763.0,False,
bluelagunapoolservice_com.png,LEAD,bluelagunapoolservice.com,Tampa,Palma Ceia Tampa FL,Pool service companies,BlueLaguna Pool Service,(813) 447-5391,Yes,4.6,66.0,"5433 Baywater Dr, Tampa, FL 33615, USA",ChIJqfFX7ePpwogRdiEYR6pjKcg,alive,,200.0,https://bluelagunapoolservice.com/,1896.0,False,
advancedwiringservices_com.png,LEAD,advancedwiringservices.com,Jacksonville,San Marco Jacksonville FL,Electricians,Advanced Electric of North Florida,(904) 744-4446,Yes,4.6,99.0,"2801 Dawn Rd, Jacksonville, FL 32207, USA",ChIJjT2Kl1G25YgRwEkqpYwngxY,alive,,200.0,https://advancedwiringservices.com/,4064.0,False,
benchmarkelectricians_com.png,LEAD,benchmarkelectricians.com,Fort Lauderdale,Hallandale Beach FL,Electricians,Benchmark Electric,(786) 752-5007,Yes,4.6,13.0,"1391 NE 161st St, North Miami Beach, FL 33162, USA",ChIJ28VvlcOt2YgRnK5Q8sW19V4,alive,,200.0,,943.0,True,
alvarezcpa_com.png,LEAD,alvarezcpa.com,Tampa,Palma Ceia Tampa FL,Accountants,Alvarez Company PA CPA Firm,(813) 938-2400,Yes,4.6,7.0,"605 Apollo Beach Blvd, Apollo Beach, FL 33572, USA",ChIJMS4qnMjZwogR4inPh1Oy4Ag,alive,,200.0,,917.0,False,
allbugspestcontrolfl_com.png,LEAD,allbugspestcontrolfl.com,Lakeland,Lake Wales FL,Pest control,All Bugs Pest Control - Pest Control & Lawn Care,(863) 255-3173,Yes,4.6,9.0,"2725 Old Grove Trail, Frostproof, FL 33843, USA",ChIJmQ-nwB6r3YgRz-d7TfPaQLI,alive,,200.0,https://sizmore.com/category.php?category=2&child=1&sub=4,1967.0,True,
magnoliacleaningservice_com.png,LEAD,magnoliacleaningservice.com,Tampa,Westshore Tampa FL,Cleaning companies,Magnolia Cleaning Service,(813) 213-0288,Yes,4.6,86.0,"14910 N Dale Mabry Hwy #340614, Tampa, FL 33618, USA",ChIJAxBAAJjBwogRNXWgBSdSLZY,alive,,200.0,,1590.0,True,
protechpace_com.png,LEAD,protechpace.com,Lakeland,Winter Haven FL,Plumbers,"Pro-Tech Plumbing, Air Conditioning & Electric LLC",(863) 318-8857,Yes,4.6,103.0,"801 Burns Ln, Winter Haven, FL 33884, USA",ChIJSVYEg7wS3YgRFrclDdIAxlA,alive,,200.0,,1300.0,True,
goffroofsystems_com.png,LEAD,goffroofsystems.com,Lakeland,Lake Morton Lakeland FL,Roofers,Goff Roof Systems,(863) 680-1748,Yes,4.6,55.0,"1725 E Gary Rd, Lakeland, FL 33801, USA",ChIJyYC0QWg_3YgRUODkjH2w1VM,alive,,200.0,,1542.0,True,
topcutlandscapingfl_com.png,LEAD,topcutlandscapingfl.com,Fort Lauderdale,Wilton Manors FL,Landscapers,Top Cut Landscaping and tree service,(954) 678-7287,Yes,4.6,9.0,"999 E Oakland Park Blvd, Oakland Park, FL 33334, USA",ChIJQZuhnCwC2YgRpyO0YH_Ni6Q,alive,,200.0,http://www.topcutlandscapingfl.com/cgi-sys/suspendedpage.cgi,1253.0,False,
123atozremodeling_com.png,LEAD,123atozremodeling.com,Jacksonville,Neptune Beach FL,Remodelers,A to Z Remodeling,(904) 780-1127,Yes,4.6,29.0,"67 Lewis St, Atlantic Beach, FL 32233, USA",ChIJhfOnwbJO5IgR9g6oQ-1Ocbs,alive,,200.0,https://www.123atozremodeling.com/,3154.0,True,
thorpeac_com.png,LEAD,thorpeac.com,Lakeland,Lake Morton Lakeland FL,HVAC companies,Thorpe Heating & Cooling,(863) 858-2577,Yes,4.6,359.0,"8402 US Hwy 98 N, Lakeland, FL 33809, USA",ChIJwTWzUp9G3YgRG1EaawB7TK4,alive,,200.0,https://thorpeac.com/,1614.0,False,
servitodo_net.png,LEAD,servitodo.net,Lakeland,Plant City FL,Accountants,Servi-Todo Inc.,(813) 717-7795,Yes,4.6,72.0,"712 W Dr Martin Luther King Jr Blvd, Plant City, FL 33563, USA",ChIJ0X8BrlQ13YgRcHD2ldg8eBY,alive,,200.0,,697.0,True,
gwplb_com.png,LEAD,gwplb.com,Lakeland,Downtown Lakeland FL,Plumbers,Gillum-Waddell Plumbing Co,(863) 665-6222,Yes,4.6,142.0,"2450 Commerce Point Dr, Lakeland, FL 33801, USA",ChIJxQwIfgA_3YgRhO7T40nRu6I,alive,,200.0,https://gwplb.com/,5197.0,False,
jacksonvilletaxaccountants_com.png,LEAD,jacksonvilletaxaccountants.com,Jacksonville,St. Johns Town Center Jacksonville FL,Accountants,Small Business Tax Accounting Payroll at Jacksonville Tax Accountants,(904) 217-6363,Yes,4.6,12.0,"5011 Gate Pkwy building 100 suite 100, Jacksonville, FL 32256, USA",ChIJ-dIH3tFM5IgR97c3uZPoEic,alive,,200.0,https://jacksonvilletaxaccountants.com/,2469.0,True,
monarchtaxsolutions_com.png,LEAD,monarchtaxsolutions.com,Lakeland,Plant City FL,Accountants,MONARCH TAX SOLUTIONS LLC,(813) 754-4333,Yes,4.6,19.0,"1003 S Alexander St STE 6B, Plant City, FL 33563, USA",ChIJR_E-uIg13YgRLNRe3XefoMA,alive,,200.0,https://monarchtaxsolutions.com/,1252.0,False,
rainierroofing_com.png,LEAD,rainierroofing.com,Tampa,Hyde Park Tampa FL,Roofers,Rainier Roofing LLC,(813) 920-9065,Yes,4.6,129.0,"5000 N Nebraska Ave, Tampa, FL 33603, USA",ChIJz8WGFh3FwogRTV5DGvbcfcs,alive,,200.0,,402.0,True,
originalbookkeepers_com.png,LEAD,originalbookkeepers.com,Fort Lauderdale,Las Olas Fort Lauderdale FL,Accountants,The Original Bookkeepers LLC,(954) 600-5418,Yes,4.5,15.0,"1 Las Olas Cir, Fort Lauderdale, FL 33316, USA",ChIJzcjxWU4A2YgRzm7-B922QO4,alive,,200.0,http://originalbookkeepers.com/,1822.0,False,
lawncarelakelandtampaflorida_com.png,LEAD,lawncarelakelandtampaflorida.com,Lakeland,Downtown Lakeland FL,Landscapers,Creative Edge Outdoor Solutions,(863) 880-1355,Yes,4.5,148.0,"3010 Knights Station Rd, Lakeland, FL 33810, USA",ChIJQbHhtn5A3YgRC4qC0OoadII,alive,,200.0,,1380.0,True,
generalcontractorjax_com.png,LEAD,generalcontractorjax.com,Jacksonville,San Marco Jacksonville FL,Remodelers,Smarter Remodeling,(904) 647-2340,Yes,4.5,44.0,"9218 Cypress Green Dr, Jacksonville, FL 32256, USA",ChIJFWndYVrK5YgRGjl3tKbw-qk,alive,,200.0,https://generalcontractorjax.com/,3969.0,False,
firstcoasttax_com.png,LEAD,firstcoasttax.com,Jacksonville,Oceanway Jacksonville FL,Accountants,First Coast Tax & Accounting,(904) 771-1040,Yes,4.5,8.0,"5576-2 Timuquana Rd, Jacksonville, FL 32210, USA",ChIJ9ayagHDH5YgR98ezK4FtDaw,alive,,200.0,,849.0,False,
goldenhammerroofing_com.png,LEAD,goldenhammerroofing.com,Jacksonville,Ortega Jacksonville FL,Roofers,Golden Hammer Roofing,(904) 880-2004,Yes,4.5,97.0,"6671 Hyde Grove Ave, Jacksonville, FL 32210, USA",ChIJG92eGYa45YgRKup2sfihl0o,alive,,200.0,,1209.0,True,
davieplumbingandsupply_com.png,LEAD,davieplumbingandsupply.com,Fort Lauderdale,Davie FL,Plumbers,Davie Plumbing and Supply,(954) 434-7477,Yes,4.5,69.0,"5911 S University Dr, Davie, FL 33328, USA",ChIJNS49X16o2YgRm_alVxIpY04,alive,,200.0,https://www.davieplumbingandsupply.com/,1647.0,False,
cassplumbingtampabay_com.png,LEAD,cassplumbingtampabay.com,Tampa,Westshore Tampa FL,Plumbers,"Cass Plumbing, Inc.",(813) 265-9200,Yes,4.5,761.0,"4808 N Hubert Ave, Tampa, FL 33614, USA",ChIJmRac_bbBwogRy2lT34zHCtI,alive,,200.0,,1197.0,True,
absolutebestplumbing_com.png,LEAD,absolutebestplumbing.com,Orlando,Thornton Park Orlando FL,Plumbers,Absolute Best Plumbing,(407) 930-7309,Yes,4.5,61.0,"1026 28th St Ste 100, Orlando, FL 32805, USA",ChIJq5lgD9nA54gR8o5JndJTA5U,alive,,200.0,,1026.0,True,
chrislawncareservices_com.png,LEAD,chrislawncareservices.com,Lakeland,Davenport FL,Landscapers,"Chris Lawn Care Services, LLC",(321) 330-5067,Yes,4.5,23.0,"322 Pentas Ln, Haines City, FL 33844, USA",ChIJFyFGRlhx3YgRROYqhcKZ_H8,alive,,200.0,https://www.chrislawncareservices.com/,1527.0,False,
kozlowskicpa_com.png,LEAD,kozlowskicpa.com,Orlando,Oviedo FL,Accountants,"The Kozlowski CPA Firm, LLC",(407) 381-4432,Yes,4.5,31.0,"3505 Lake Lynda Dr, Orlando, FL 32817, USA",ChIJgdbLxhNl54gRLDnGv7d1luQ,alive,,200.0,https://kozlowskicpa.com/,1561.0,False,
wheelercpa_net.png,LEAD,wheelercpa.net,Jacksonville,St. Johns Town Center Jacksonville FL,Accountants,"Wheeler & Associates, CPA, PA",(904) 363-1099,Yes,4.5,16.0,"7406 Fullerton St #104, Jacksonville, FL 32256, USA",ChIJv9Y5eg3L5YgRlY-J1dhl7CU,alive,,200.0,,1685.0,True,
georgetrenenbushcpa_com.png,LEAD,georgetrenenbushcpa.com,Lakeland,Winter Haven FL,Accountants,"George Trenen Bush CPA & Co.,PA",(863) 401-8866,Yes,4.5,8.0,"205 Ave K SE, Winter Haven, FL 33880, USA",ChIJLcule_oS3YgRKBSzLWmI9YE,alive,,200.0,https://georgetrenenbushcpa.com/,1543.0,False,
mosskrusick_com.png,LEAD,mosskrusick.com,Orlando,Winter Park FL,Accountants,MKA | CPAs & Advisors (Moss Krusick & Assoc),(407) 644-5811,Yes,4.5,22.0,"501 S New York Ave #100, Winter Park, FL 32789, USA",ChIJhRQ4yA9w54gRoyt1glw_eWI,alive,,200.0,https://mosskrusick.com/,1888.0,False,
mnrelectric_net.png,LEAD,mnrelectric.net,Lakeland,Winter Haven FL,Electricians,Marina Del Rey Heating and Air Conditioning,,Yes,4.4,23.0,"701 6th St SW suite a, Winter Haven, FL 33880, USA",ChIJZaQoIuUS3YgRTJDwnXyxJlM,alive,,200.0,https://topflightelectric.com/,1216.0,False,
floridalandscapepros_com.png,LEAD,floridalandscapepros.com,Orlando,Winter Garden FL,Landscapers,"Florida Landscape Professionals, Inc.",(407) 467-8200,Yes,4.4,18.0,"9630 Quiet Ln, Winter Garden, FL 34787, USA",ChIJh46u8oKD54gRNWDhmbVx6Jo,alive,,200.0,https://floridalandscapepros.com/,2691.0,False,
alltimeremodel_com.png,LEAD,alltimeremodel.com,Orlando,Oviedo FL,Remodelers,All-Time Services Design & Construction,(407) 832-1117,Yes,4.4,13.0,"95 E Magnolia St, Oviedo, FL 32765, USA",ChIJJ1C0Ti1q54gRtqIj3ZAUDWQ,alive,,200.0,https://www.alltimeremodel.com/,948.0,False,
nomorepestsfl_com.png,LEAD,nomorepestsfl.com,Fort Lauderdale,Hallandale Beach FL,Pest control,All County Environmental Services,(754) 263-3464,Yes,4.4,28.0,"3130 SW 19th St Suite 444, Hallandale Beach, FL 33009, USA",ChIJT9_Ek16p2YgRdPeNotgSUgA,alive,,200.0,https://www.nomorepestsfl.com/,1839.0,False,
emergencyplumbingfortlauderdale_com.png,LEAD,emergencyplumbingfortlauderdale.com,Fort Lauderdale,Victoria Park Fort Lauderdale FL,Plumbers,Veteran's Plumbing Inc,(954) 497-2300,Yes,4.3,17.0,"3020 NW 23rd Ave, Oakland Park, FL 33311, USA",ChIJ0alQ3EQB2YgRc-3FV3qj_xo,alive,,200.0,https://emergencyplumbingfortlauderdale.com/,4498.0,False,
mecojax_com.png,LEAD,mecojax.com,Jacksonville,Deerwood Jacksonville FL,Electricians,Miller Electric Company,(904) 388-8000,Yes,4.3,73.0,"6805 Southpoint Pkwy, Jacksonville, FL 32216, USA",ChIJ0WaqIH235YgRr3kS9QZCBk8,alive,,200.0,https://mecojax.com/,3799.0,False,
rcwcpas_com.png,LEAD,rcwcpas.com,Lakeland,Plant City FL,Accountants,Raulerson Castillo & Company,(813) 752-6604,Yes,4.3,10.0,"1907 S Alexander St #2, Plant City, FL 33566, USA",ChIJo0u2ABA03YgRB7C0KNQDA34,alive,,200.0,https://www.rcwcpas.com/,2739.0,False,
biotechpestcontrol_com.png,LEAD,biotechpestcontrol.com,Lakeland,Highland City FL,Pest control,Bio Tech Termite & Pest,(863) 858-8995,Yes,4.3,45.0,"7240 US Hwy 98 N, Lakeland, FL 33809, USA",ChIJxSiStb9G3YgRcMLnYOViDlY,alive,,200.0,https://www.biotechpestcontrol.com/,1505.0,False,
morelroofingincfl_com.png,LEAD,morelroofingincfl.com,Lakeland,Lake Wales FL,Roofers,Morel Roofing,(863) 452-5959,Yes,4.2,58.0,"1012 S Memorial Dr, Avon Park, FL 33825, USA",ChIJpXDA8XhU3IgRsx90vETOgLQ,alive,,200.0,,1358.0,True,
sunstateplumbinginc_net.png,LEAD,sunstateplumbinginc.net,Lakeland,Auburndale FL,Plumbers,Sun State Plumbing Inc,(863) 967-6970,Yes,4.2,92.0,"207 Gandy Rd, Auburndale, FL 33823, USA",ChIJsa8Ox1hr3YgRCQi_HLIUc-o,alive,,200.0,,483.0,True,
bigdaddylawns_com.png,LEAD,bigdaddylawns.com,Tampa,Brandon FL,Landscapers,Big Daddy Lawns,(813) 373-3633,Yes,4.2,40.0,"8604 White Poplar Dr, Riverview, FL 33578, USA",ChIJwUsmcyrXwogR_AiMdiqpGsw,alive,,200.0,https://bigdaddylawns.com/,1017.0,True,
cevtaxes_com.png,LEAD,cevtaxes.com,Tampa,Palma Ceia Tampa FL,Accountants,CEV Services,(813) 930-8015,Yes,4.2,5.0,"4603 N Armenia Ave, Tampa, FL 33603, USA",ChIJGfmQ7lDBwogRqGzByzNJY5Y,alive,,200.0,https://cevtaxes.com/,2844.0,False,
bprinc_com.png,LEAD,bprinc.com,Orlando,Oviedo FL,Plumbers,"Best Plumbing & Remodeling, Inc.",(407) 896-3136,Yes,4.2,94.0,"3097 Camp Rd, Oviedo, FL 32765, USA",ChIJx8n2IWNp54gRIhcXiGWa878,alive,,200.0,https://www.bestplumbingorlando.com/,3106.0,False,
cwwoodplumbing_com.png,LEAD,cwwoodplumbing.com,Jacksonville,Arlington Jacksonville FL,Plumbers,C W Wood Plumbing,(904) 744-6604,Yes,4.2,35.0,"1328 Romney St, Jacksonville, FL 32211, USA",ChIJ3eZySRy05YgRS4hZSpINm1Y,alive,,200.0,https://cwwoodplumbing.com,1426.0,True,
dulniaktax_com.png,LEAD,dulniaktax.com,Orlando,Winter Park FL,Accountants,Dulniak Accounting & Tax Services,(407) 339-2887,Yes,4.2,64.0,"2265 Lee Rd, Winter Park, FL 32789, USA",ChIJHeKd0GBw54gR77WJIuHH9a0,alive,,200.0,,1418.0,True,
landartla_com.png,LEAD,landartla.com,Orlando,College Park Orlando FL,Landscapers,Land Art Landscape Architecture,(407) 484-6099,Yes,4.1,32.0,"754 Ellwood Ave, Orlando, FL 32804, USA",ChIJZUF100R654gRqneE3pj6YIU,alive,,200.0,https://www.landartla.com/,1413.0,False,
mrkoolman_com.png,LEAD,mrkoolman.com,Lakeland,Mulberry FL,Plumbers,Mr. Kool Man,(863) 450-4490,Yes,4.1,95.0,"5925 Imperial Pkwy, Mulberry, FL 33860, USA",ChIJTcZfMEc73YgRnr7nOUDllj4,alive,,200.0,,3818.0,True,
crownpestcontroljax_com.png,LEAD,crownpestcontroljax.com,Jacksonville,Arlington Jacksonville FL,Pest control,Crown Pest Control,(904) 743-1132,Yes,4.1,39.0,"1420 Cesery Blvd, Jacksonville, FL 32211, USA",ChIJ75gmnRu05YgRkFFQlfa8q4M,alive,,200.0,,891.0,False,
cristalpoolfl_com.png,LEAD,cristalpoolfl.com,Fort Lauderdale,Deerfield Beach FL,Pool service companies,"Cristal Pool - Swimming Pool Cleaning Service in Deerfield Beach, FL",(954) 234-6932,Yes,4.0,3.0,"784 Tivoli Cir #201, Deerfield Beach, FL 33441, USA",ChIJ5Zivku0d2YgRCiO8obdi5Y8,alive,,200.0,,114.0,True,
bugsoruspestcontrol_com.png,LEAD,bugsoruspestcontrol.com,Tampa,Ybor City Tampa FL,Pest control,Bugs or Us Termite & Pest Control,(813) 886-2847,Yes,4.0,8.0,"1301 W Busch Blvd, Tampa, FL 33612, USA",ChIJocl5JS_HwogRHWUtMo5TBuo,alive,,200.0,,955.0,True,
cassadyelectricinc_com.png,LEAD,cassadyelectricinc.com,Lakeland,Auburndale FL,Electricians,"Cassady Electric, INC.",(863) 294-2924,Yes,4.0,28.0,"3535 Recker Hwy, Winter Haven, FL 33880, USA",ChIJ8Vo3_mIT3YgR-vle6ZAPXeI,alive,,200.0,https://www.cassadyelectricinc.com/,448.0,False,
landscaperesources_net.png,LEAD,landscaperesources.net,Orlando,Winter Park FL,Landscapers,Landscape Resources,(407) 672-0816,Yes,3.9,27.0,"7235 Gardner St, Winter Park, FL 32792, USA",ChIJSxQ0D4Fl54gRxTT2F9m8IHM,alive,,200.0,https://landscaperesources.net/,2882.0,False,
lawnmedicland_com.png,LEAD,lawnmedicland.com,Lakeland,Plant City FL,Landscapers,"Lawn Medic Landscaping & Irrigation, LLC",(813) 957-8020,Yes,3.9,24.0,"4827 Beauchamp Rd, Plant City, FL 33563, USA",ChIJyzYaYvs03YgRKFFVs2p8LQg,alive,,200.0,,603.0,False,
wintergardencpa_com.png,LEAD,wintergardencpa.com,Orlando,Windermere FL,Accountants,"Accounting & Tax Solutions CPA, PA",(407) 614-3800,Yes,3.9,11.0,"13360 W Colonial Dr #440, Winter Garden, FL 34787, USA",ChIJr2MhA6CD54gR-Y4LNp5-xhQ,alive,,200.0,https://wintergardencpa.com/,1750.0,False,
riverspestcontrol_com.png,LEAD,riverspestcontrol.com,Jacksonville,Riverside Jacksonville FL,Pest control,Rivers Pest Control,(904) 737-1911,Yes,3.8,71.0,"5710 Summerall Rd, Jacksonville, FL 32216, USA",ChIJVTqCagS25YgRVcnQI7wMFkk,alive,,200.0,,2548.0,True,
maintainlandscaping_com.png,LEAD,maintainlandscaping.com,Orlando,College Park Orlando FL,Landscapers,Maintain Landscaping,(407) 826-1248,Yes,3.7,3.0,"1050 W Robinson St, Orlando, FL 32805, USA",ChIJyyZOtnhv54gRNArdH_ql9UQ,alive,,200.0,http://www.maintainlandscaping.com/,2423.0,False,
jdgilbert_com.png,LEAD,jdgilbert.com,Fort Lauderdale,Deerfield Beach FL,Accountants,Gilbert J D & Company CPA,(954) 419-1000,Yes,3.7,3.0,"600 W Hillsboro Blvd Suite 101, Deerfield Beach, FL 33441, USA",ChIJJWnD8Zgd2YgR9nhmZltY_Y4,alive,,200.0,,972.0,False,
lotuslandscapeinc_com.png,LEAD,lotuslandscapeinc.com,Lakeland,Oakbridge Lakeland FL,Landscapers,Lotus Landscape & Irrigation Inc,(813) 417-0089,Yes,3.7,6.0,"4320 Foxtown N, Polk City, FL 33868, USA",ChIJvYq5QKvXwogRSiWk-iXA-hk,alive,,200.0,,583.0,True,
rudolphshiverscpa_com.png,LEAD,rudolphshiverscpa.com,Orlando,Oviedo FL,Accountants,"Rudolph & Shivers, PLLC",(407) 706-6996,Yes,3.7,6.0,"2461 W State Rd 426 Suite 2001, Oviedo, FL 32765, USA",ChIJV6_1YTtp54gRqWpwKy-1Zno,alive,,200.0,https://www.rudolphshiverscpa.com/,2001.0,False,
marcocompanies_com.png,LEAD,marcocompanies.com,Jacksonville,San Marco Jacksonville FL,Electricians,"Marco Electrical Contractors, Inc.",(904) 743-3350,Yes,3.6,13.0,"720 Mill Creek Rd, Jacksonville, FL 32211, USA",ChIJe7AKSmC05YgRIL_QBK-k9EY,alive,,200.0,https://marcocompanies.com/,2144.0,False,
huttoassociates_com.png,LEAD,huttoassociates.com,Lakeland,Dixieland Lakeland FL,Accountants,Hutto & Associates,(863) 607-4222,Yes,3.3,19.0,"842 S Missouri Ave, Lakeland, FL 33815, USA",ChIJnffSE8w43YgRVrW0A3PumMg,alive,,200.0,https://huttoassociates.com/,2121.0,False,
esgflorida_com.png,LEAD,esgflorida.com,Orlando,Maitland FL,Electricians,"Electric Service Group, LLC",(407) 862-1901,Yes,3.2,5.0,"1010 Bunnell Rd, Altamonte Springs, FL 32714, USA",ChIJ93Qh8jVx54gRIhbjZ-H4qwE,alive,,200.0,,511.0,False,
airbyestes_com__utm_source_google_utm_medium_organ.png,LEAD,airbyestes.com..utm.source.google.utm.medium.organ,,,,,,,,,,,,,,,,,
alphaelectricpv_com.png,LEAD,alphaelectricpv.com,Jacksonville,Ponte Vedra Beach FL,Electricians,Alpha Electric of Ponte Vedra,(904) 273-6789,Yes,,0.0,"299 Ranch Rd, Ponte Vedra Beach, FL 32081, USA",ChIJ_X3KwCQy5IgRJMND6AV1w7g,alive,,200.0,https://www.alphaelectricpv.com,2453.0,False,
chillsonwheels_com__utm_source_google_utm_medium_o.png,LEAD,chillsonwheels.com..utm.source.google.utm.medium.o,,,,,,,,,,,,,,,,,
corbellakitchens_com__utm_campaign_gmb.png,LEAD,corbellakitchens.com..utm.campaign.gmb,,,,,,,,,,,,,,,,,
duvallandscape_com_find_your_location_jacksonville.png,LEAD,duvallandscape.com.find.your.location.jacksonville,,,,,,,,,,,,,,,,,
eliteroofleakrepair_site_location_roofing_contract.png,LEAD,eliteroofleakrepair.site.location.roofing.contract,,,,,,,,,,,,,,,,,
friendspestguards_site.png,LEAD,friendspestguards.site,Jacksonville,Mandarin Jacksonville FL,Pest control,PETITUM CORPORATION,,Yes,,0.0,"11111 San Jose Blvd suite 56 1014, Jacksonville, FL 32223, USA",ChIJm1V1aa7J5YgR1w-DzC8GoNo,alive,,200.0,,1269.0,True,
jaxhydrojetters_com__utm_campaign_gmb.png,LEAD,jaxhydrojetters.com..utm.campaign.gmb,,,,,,,,,,,,,,,,,
mantisfl_com_about_us.png,LEAD,mantisfl.com.about.us,,,,,,,,,,,,,,,,,
mooreelectric_jax_com.png,LEAD,mooreelectric.jax.com,,,,,,,,,,,,,,,,,
naderspestraiders_com_florida_jacksonville_service.png,LEAD,naderspestraiders.com.florida.jacksonville.service,,,,,,,,,,,,,,,,,
naderspestraiders_com_florida_ponte_vedra_service_.png,LEAD,naderspestraiders.com.florida.ponte.vedra.service.,,,,,,,,,,,,,,,,,
naderspestraiders_com_florida_southside_jacksonvil.png,LEAD,naderspestraiders.com.florida.southside.jacksonvil,,,,,,,,,,,,,,,,,
nexgenfl_com__utm_source_google_utm_medium_local_u.png,LEAD,nexgenfl.com..utm.source.google.utm.medium.local.u,,,,,,,,,,,,,,,,,
paci_inc_com.png,LEAD,paci.inc.com,,,,,,,,,,,,,,,,,
pinchapenny_com_stores_ponte_vedra_beach_fl_177.png,LEAD,pinchapenny.com.stores.ponte.vedra.beach.fl.177,,,,,,,,,,,,,,,,,
pooltroopers_com_locations_jacksonville_fl_pool_se.png,LEAD,pooltroopers.com.locations.jacksonville.fl.pool.se,,,,,,,,,,,,,,,,,
rmjr_tax_accounting_com_ponte_vedra_beach_fl.png,LEAD,rmjr.tax.accounting.com.ponte.vedra.beach.fl,,,,,,,,,,,,,,,,,
roofitforward_com_jacksonville.png,LEAD,roofitforward.com.jacksonville,,,,,,,,,,,,,,,,,
serviceexperts_com_jacksonville_fl__utm_source_gbp.png,LEAD,serviceexperts.com.jacksonville.fl..utm.source.gbp,,,,,,,,,,,,,,,,,
tradspestcontrol_com__utm_source_google_utm_medium.png,LEAD,tradspestcontrol.com..utm.source.google.utm.medium,,,,,,,,,,,,,,,,,
wildlifecontroljacksonville_online.png,LEAD,wildlifecontroljacksonville.online,Jacksonville,Avondale Jacksonville FL,Pest control,Wildlife Control Jacksonville FL,(904) 227-3308,Yes,,0.0,"1007 Edgewood Ave S, Jacksonville, FL 32205, USA",ChIJ-4aEDTG55YgR51p1J2ROlGg,alive,,200.0,,1004.0,False,
abcairandheat_com__utm_source_google_utm_medium_or.png,LEAD,abcairandheat.com..utm.source.google.utm.medium.or,,,,,,,,,,,,,,,,,
affirmaccounting_com_contact_us.png,LEAD,affirmaccounting.com.contact.us,,,,,,,,,,,,,,,,,
airprosusa_com_orlando__utm_source_organic_utm_med.png,LEAD,airprosusa.com.orlando..utm.source.organic.utm.med,,,,,,,,,,,,,,,,,
alansroofinginc_com_service_area_brooksville_flori.png,LEAD,alansroofinginc.com.service.area.brooksville.flori,,,,,,,,,,,,,,,,,
americas_tax_com.png,LEAD,americas.tax.com,,,,,,,,,,,,,,,,,
aquaticsconnect_com_avon_park_services_vendors_sap.png,LEAD,aquaticsconnect.com.avon.park.services.vendors.sap,,,,,,,,,,,,,,,,,
aquaticsconnect_com_lakeland_services_vendors_lake.png,LEAD,aquaticsconnect.com.lakeland.services.vendors.lake,,,,,,,,,,,,,,,,,
aquaticsconnect_com_mulberry_services_vendors_back.png,LEAD,aquaticsconnect.com.mulberry.services.vendors.back,,,,,,,,,,,,,,,,,
aquaticsconnect_com_orlando_services_vendors_msc_p.png,LEAD,aquaticsconnect.com.orlando.services.vendors.msc.p,,,,,,,,,,,,,,,,,
aquaticsconnect_com_winter_garden_services_vendors.png,LEAD,aquaticsconnect.com.winter.garden.services.vendors,,,,,,,,,,,,,,,,,
atlineelectric_com__gmb.png,LEAD,atlineelectric.com..gmb,,,,,,,,,,,,,,,,,
a_lumination_com.png,LEAD,a.lumination.com,,,,,,,,,,,,,,,,,
bestpestcontrol_site.png,LEAD,bestpestcontrol.site,Lakeland,Haines City FL,Pest control,PETRA MULTISERVICES LLC,,Yes,,0.0,"1334 Knollwood Dr, Davenport, FL 33837, USA",ChIJ3xr-3V5x3YgRkkR7pfCMlcM,alive,,200.0,,431.0,True,
cdec_inc_com_index_html.png,LEAD,cdec.inc.com.index.html,,,,,,,,,,,,,,,,,
cortesec_com.png,LEAD,cortesec.com,Jacksonville,Ortega Jacksonville FL,Electricians,Cortes Electric Inc,(904) 451-9398,Yes,,0.0,"3384 Philips Hwy, Jacksonville, FL 32207, USA",ChIJDTWTqxC25YgRx4yVOqmrnAE,alive,,202.0,,927.0,False,
doityourselfpestproducts_com__utm_source_omg_gbp_u.png,LEAD,doityourselfpestproducts.com..utm.source.omg.gbp.u,,,,,,,,,,,,,,,,,
enviro_master_com_commercial_cleaning_locations_or.png,LEAD,enviro.master.com.commercial.cleaning.locations.or,,,,,,,,,,,,,,,,,
firstqualityplumbingfl_com_service_areas_orlando__.png,LEAD,firstqualityplumbingfl.com.service.areas.orlando..,,,,,,,,,,,,,,,,,
fl_roofing_co_ueniweb_com__utm_campaign_gmb.png,LEAD,fl.roofing.co.ueniweb.com..utm.campaign.gmb,,,,,,,,,,,,,,,,,
gcedestin_com__utm_source_google_utm_medium_organi.png,LEAD,gcedestin.com..utm.source.google.utm.medium.organi,,,,,,,,,,,,,,,,,
g_gelectricservice_com.png,LEAD,g.gelectricservice.com,,,,,,,,,,,,,,,,,
handymanconnection_com_winter_park__utm_source_gbp.png,LEAD,handymanconnection.com.winter.park..utm.source.gbp,,,,,,,,,,,,,,,,,
handymencompany_fl_com.png,LEAD,handymencompany.fl.com,,,,,,,,,,,,,,,,,
homeleaderrenovation_com_plant_city_fl.png,LEAD,homeleaderrenovation.com.plant.city.fl,,,,,,,,,,,,,,,,,
honestpace_com__utm_source_gmb_utm_medium_organic_.png,LEAD,honestpace.com..utm.source.gmb.utm.medium.organic.,,,,,,,,,,,,,,,,,
horizonflorida_com.png,LEAD,horizonflorida.com,Lakeland,Lake Wales FL,Remodelers,Horizon Repair and Remodeling LLC,(689) 280-7041,Yes,,0.0,"15143 Havencrest Cir, Winter Garden, FL 34787, USA",ChIJ64Y6awd93YgREEfmIpFI9QM,alive,,200.0,,1646.0,True,
hvacserviceslakeland_com_about_us.png,LEAD,hvacserviceslakeland.com.about.us,,,,,,,,,,,,,,,,,
jan_pro_com_orlando__utm_source_gmb_utm_medium_org.png,LEAD,jan.pro.com.orlando..utm.source.gmb.utm.medium.org,,,,,,,,,,,,,,,,,
klsmithinc_com_home_2__src_google_mybusiness_get_q.png,LEAD,klsmithinc.com.home.2..src.google.mybusiness.get.q,,,,,,,,,,,,,,,,,
k_celectric_com.png,LEAD,k.celectric.com,,,,,,,,,,,,,,,,,
lakelandbenjaminfranklin_com__utm_source_gbp_utm_m.png,LEAD,lakelandbenjaminfranklin.com..utm.source.gbp.utm.m,,,,,,,,,,,,,,,,,
lakelandelectric_com_contact_us.png,LEAD,lakelandelectric.com.contact.us,,,,,,,,,,,,,,,,,
lakelandmistersparky_com__utm_source_gbp_utm_mediu.png,LEAD,lakelandmistersparky.com..utm.source.gbp.utm.mediu,,,,,,,,,,,,,,,,,
lakelandonehour_com__utm_source_gbp_utm_medium_org.png,LEAD,lakelandonehour.com..utm.source.gbp.utm.medium.org,,,,,,,,,,,,,,,,,
lewmanelectric_com__utm_source_gbp_utm_medium_orga.png,LEAD,lewmanelectric.com..utm.source.gbp.utm.medium.orga,,,,,,,,,,,,,,,,,
local_ac_com_orlando.png,LEAD,local.ac.com.orlando,,,,,,,,,,,,,,,,,
locations_trulynolen_com_fl_lakeland_lakeland_032_.png,LEAD,locations.trulynolen.com.fl.lakeland.lakeland.032.,,,,,,,,,,,,,,,,,
locations_trulynolen_com_fl_orlando_orlando_096_ht.png,LEAD,locations.trulynolen.com.fl.orlando.orlando.096.ht,,,,,,,,,,,,,,,,,
locations_trulynolen_com_fl_wintergarden_winter_ga.png,LEAD,locations.trulynolen.com.fl.wintergarden.winter.ga,,,,,,,,,,,,,,,,,
lovesacandheating_net__utm_source_omg_gbp_utm_medi.png,LEAD,lovesacandheating.net..utm.source.omg.gbp.utm.medi,,,,,,,,,,,,,,,,,
lrobertscleaningservice_federalgovernment_info.png,LEAD,lrobertscleaningservice.federalgovernment.info,Lakeland,Bartow FL,Cleaning companies,LRoberts Cleaning Service,(863) 378-5172,Yes,,0.0,"4701 Cynthia St, Bartow, FL 33830, USA",ChIJPUJjtgkFegQRzhpoCvO6n6E,alive,,200.0,,934.0,True,
luxurybathcfl_com_bathroom_remodeling_tampa_fl.png,LEAD,luxurybathcfl.com.bathroom.remodeling.tampa.fl,,,,,,,,,,,,,,,,,
masseyservices_com_lakeland_pest_control__utm_sour.png,LEAD,masseyservices.com.lakeland.pest.control..utm.sour,,,,,,,,,,,,,,,,,
masseyservices_com_lake_nona_pest_control__utm_sou.png,LEAD,masseyservices.com.lake.nona.pest.control..utm.sou,,,,,,,,,,,,,,,,,
masseyservices_com_longwood_pest_control__utm_sour.png,LEAD,masseyservices.com.longwood.pest.control..utm.sour,,,,,,,,,,,,,,,,,
masseyservices_com_orlando_landscape_service_lawn_.png,LEAD,masseyservices.com.orlando.landscape.service.lawn.,,,,,,,,,,,,,,,,,
masseyservices_com_orlando_pest_control__utm_sourc.png,LEAD,masseyservices.com.orlando.pest.control..utm.sourc,,,,,,,,,,,,,,,,,
mechanicalone_com_locations_altamonte_springs_fl__.png,LEAD,mechanicalone.com.locations.altamonte.springs.fl..,,,,,,,,,,,,,,,,,
merrittroofingpolk_com__utm_source_google_utm_medi.png,LEAD,merrittroofingpolk.com..utm.source.google.utm.medi,,,,,,,,,,,,,,,,,
mightydogroofing_com_central_florida_fl.png,LEAD,mightydogroofing.com.central.florida.fl,,,,,,,,,,,,,,,,,
mncpafirm_com_contact_us.png,LEAD,mncpafirm.com.contact.us,,,,,,,,,,,,,,,,,
morsetech_air_com.png,LEAD,morsetech.air.com,,,,,,,,,,,,,,,,,
myfloridacpas_com.png,LEAD,myfloridacpas.com,Lakeland,Auburndale FL,Accountants,"Brynjulfson CPA, P.A.",(800) 368-3959,Yes,,0.0,"307 Pontotoc St, Auburndale, FL 33823, USA",ChIJ9yqq57Q43YgRyvgT4sPJb1k,alive,,200.0,,867.0,False,
newelectricllc_com_contact_us.png,LEAD,newelectricllc.com.contact.us,,,,,,,,,,,,,,,,,
newstandardroofingorlando_com_roofing_winter_sprin.png,LEAD,newstandardroofingorlando.com.roofing.winter.sprin,,,,,,,,,,,,,,,,,
nexgenfl_com_jacksonville_beach.png,LEAD,nexgenfl.com.jacksonville.beach,,,,,,,,,,,,,,,,,
onlytaxpro_com_home.png,LEAD,onlytaxpro.com.home,,,,,,,,,,,,,,,,,
orlandohandymanservice_com__y_source_1_ndq4odu5ntu.png,LEAD,orlandohandymanservice.com..y.source.1.ndq4odu5ntu,,,,,,,,,,,,,,,,,
orlando_gov_parks_the_environment_directory_blue_j.png,LEAD,orlando.gov.parks.the.environment.directory.blue.j,,,,,,,,,,,,,,,,,
oviedopoolcleaners_com_contact_us_oviedo_pool_clea.png,LEAD,oviedopoolcleaners.com.contact.us.oviedo.pool.clea,,,,,,,,,,,,,,,,,
pestdefense_com_orlando_longwood_fl__utm_source_go.png,LEAD,pestdefense.com.orlando.longwood.fl..utm.source.go,,,,,,,,,,,,,,,,,
pinchapenny_com_stores_oviedo_fl_88.png,LEAD,pinchapenny.com.stores.oviedo.fl.88,,,,,,,,,,,,,,,,,
poolmasters_cfl_com.png,LEAD,poolmasters.cfl.com,,,,,,,,,,,,,,,,,
pooltroopers_com_locations_orlando_fl_pool_service.png,LEAD,pooltroopers.com.locations.orlando.fl.pool.service,,,,,,,,,,,,,,,,,
purcorpest_com_service_areas_florida_winter_park_f.png,LEAD,purcorpest.com.service.areas.florida.winter.park.f,,,,,,,,,,,,,,,,,
sandwkitchens_com_showrooms_winter_park__utm_sourc.png,LEAD,sandwkitchens.com.showrooms.winter.park..utm.sourc,,,,,,,,,,,,,,,,,
seminolecounty_tax_locations_casselberry.png,LEAD,seminolecounty.tax.locations.casselberry,,,,,,,,,,,,,,,,,
skylightroofing_com__utm_source_google_utm_medium_.png,LEAD,skylightroofing.com..utm.source.google.utm.medium.,,,,,,,,,,,,,,,,,
solvepestpros_com_orlando_florida__utm_source_gbp_.png,LEAD,solvepestpros.com.orlando.florida..utm.source.gbp.,,,,,,,,,,,,,,,,,
splinternetmarketing_com_local_pros_fl_bartow_jeff.png,LEAD,splinternetmarketing.com.local.pros.fl.bartow.jeff,,,,,,,,,,,,,,,,,
standardconstructionservices_com_contact_us.png,LEAD,standardconstructionservices.com.contact.us,,,,,,,,,,,,,,,,,
starkexterminators_com_commercial_florida_central_.png,LEAD,starkexterminators.com.commercial.florida.central.,,,,,,,,,,,,,,,,,
superioroneroofing_com__utm_source_omg_gbp_utm_med.png,LEAD,superioroneroofing.com..utm.source.omg.gbp.utm.med,,,,,,,,,,,,,,,,,
tactical_spotless_shine_lovable_app.png,LEAD,tactical.spotless.shine.lovable.app,,,,,,,,,,,,,,,,,
tampasteamteam_com_carpet_cleaning_plant_city.png,LEAD,tampasteamteam.com.carpet.cleaning.plant.city,,,,,,,,,,,,,,,,,
tdicontracting_com__utm_source_omg_gbp_utm_medium_.png,LEAD,tdicontracting.com..utm.source.omg.gbp.utm.medium.,,,,,,,,,,,,,,,,,
teampoolworks_com__utm_source_google_utm_medium_lo.png,LEAD,teampoolworks.com..utm.source.google.utm.medium.lo,,,,,,,,,,,,,,,,,
trueplumbers_com__utm_source_google_utm_medium_org.png,LEAD,trueplumbers.com..utm.source.google.utm.medium.org,,,,,,,,,,,,,,,,,
weluhcorp_com_cleaning.png,LEAD,weluhcorp.com.cleaning,,,,,,,,,,,,,,,,,
aboveairinc_com__utm_source_google_business_listin.png,LEAD,aboveairinc.com..utm.source.google.business.listin,,,,,,,,,,,,,,,,,
acehandymanservices_com_offices_broward_county_eas.png,LEAD,acehandymanservices.com.offices.broward.county.eas,,,,,,,,,,,,,,,,,
affordablecleaningtoday_com_lander3_utm_source_goo.png,LEAD,affordablecleaningtoday.com.lander3.utm.source.goo,,,,,,,,,,,,,,,,,
alllandscapetampa_com.png,LEAD,alllandscapetampa.com,Tampa,Palma Ceia Tampa FL,Landscapers,All Landscape,(813) 477-0580,Yes,,0.0,"5809 N Rome Ave, Tampa, FL 33603, USA",ChIJ15qr5iWZZ4cRs0gL_AXeozE,alive,,200.0,,643.0,True,
amenitypool_com_locations_miami_fl.png,LEAD,amenitypool.com.locations.miami.fl,,,,,,,,,,,,,,,,,
bnfroofing_com_lakeland_fl.png,LEAD,bnfroofing.com.lakeland.fl,,,,,,,,,,,,,,,,,
cdplumbing_net__utm_source_gbplisting_utm_medium_o.png,LEAD,cdplumbing.net..utm.source.gbplisting.utm.medium.o,,,,,,,,,,,,,,,,,
classicroofreplacement_com__utm_source_google_utm_.png,LEAD,classicroofreplacement.com..utm.source.google.utm.,,,,,,,,,,,,,,,,,
coastallandscapedesignllc_com_contact.png,LEAD,coastallandscapedesignllc.com.contact,,,,,,,,,,,,,,,,,
cohnreznick_com_people_zvi_rafilovich.png,LEAD,cohnreznick.com.people.zvi.rafilovich,,,,,,,,,,,,,,,,,
coralspringspoolmaintenance_com_contact_ultimate_p.png,LEAD,coralspringspoolmaintenance.com.contact.ultimate.p,,,,,,,,,,,,,,,,,
deans_electrical_com.png,LEAD,deans.electrical.com,,,,,,,,,,,,,,,,,
dreamteammetalroofingandsolar_com_plantation.png,LEAD,dreamteammetalroofingandsolar.com.plantation,,,,,,,,,,,,,,,,,
enviro_master_com_commercial_cleaning_locations_fo.png,LEAD,enviro.master.com.commercial.cleaning.locations.fo,,,,,,,,,,,,,,,,,
gelectricsolution_com.png,LEAD,gelectricsolution.com,Fort Lauderdale,Rio Vista Fort Lauderdale FL,Electricians,G electric solutions LLC,(754) 221-7167,Yes,,0.0,"100 SE 3rd Ave Suite 1000, Fort Lauderdale, FL 33394, USA",ChIJibicaIIB2YgRal-DutCioRE,alive,,200.0,,954.0,True,
gounitedac_com__utm_campaign_gmb_utm_medium_gbp_li.png,LEAD,gounitedac.com..utm.campaign.gmb.utm.medium.gbp.li,,,,,,,,,,,,,,,,,
greentekelectrical_com__utm_campaign_gmb.png,LEAD,greentekelectrical.com..utm.campaign.gmb,,,,,,,,,,,,,,,,,
icleaningsouthflorida_com__utm_source_gbp_utm_medi.png,LEAD,icleaningsouthflorida.com..utm.source.gbp.utm.medi,,,,,,,,,,,,,,,,,
lithiapoolservice_com_contactus_asp.png,LEAD,lithiapoolservice.com.contactus.asp,,,,,,,,,,,,,,,,,
locations_trulynolen_com_fl_davie_davie_052_html_u.png,LEAD,locations.trulynolen.com.fl.davie.davie.052.html.u,,,,,,,,,,,,,,,,,
mmremodel_com__utm_source_gmblisting_utm_medium_or.png,LEAD,mmremodel.com..utm.source.gmblisting.utm.medium.or,,,,,,,,,,,,,,,,,
my_tidecleaners_com_locations_fl_tampa_estrella.png,LEAD,my.tidecleaners.com.locations.fl.tampa.estrella,,,,,,,,,,,,,,,,,
prodigypest_com_all_service_center_locations_pest_.png,LEAD,prodigypest.com.all.service.center.locations.pest.,,,,,,,,,,,,,,,,,
rebirthomeservices_com_commercial_and_house_cleani.png,LEAD,rebirthomeservices.com.commercial.and.house.cleani,,,,,,,,,,,,,,,,,
signatureroofingsolutions_com_florida_1.png,LEAD,signatureroofingsolutions.com.florida.1,,,,,,,,,,,,,,,,,
sunplumbing_septic_com__.png,LEAD,sunplumbing.septic.com..,,,,,,,,,,,,,,,,,
tampa_acservices_com.png,LEAD,tampa.acservices.com,,,,,,,,,,,,,,,,,
